<?xml version="1.0" encoding="UTF-8"?>
<gpx xmlns:gpxdata="http://www.cluetrust.com/XML/GPXDATA/1/0" xmlns:xsi="http://www.w3.org/2001/XMLSchema-instance" xmlns="http://www.topografix.com/GPX/1/1" version="1.1" creator="http://ridewithgps.com/" xsi:schemaLocation="http://www.topografix.com/GPX/1/1 http://www.topografix.com/GPX/1/1/gpx.xsd http://www.cluetrust.com/XML/GPXDATA/1/0 http://www.cluetrust.com/Schemas/gpxdata10.xsd">
  <metadata>
    <name>Great Glizzy Gauntlet</name>
    <link href="https://ridewithgps.com/routes/53521603">
      <text>Great Glizzy Gauntlet</text>
    </link>
    <time>2025-12-15T21:04:39Z</time>
  </metadata>
  <trk>
    <name>Great Glizzy Gauntlet</name>
    <trkseg>
      <trkpt lat="40.28" lon="-111.72642">
        <ele>1385.0</ele>
      </trkpt>
      <trkpt lat="40.27985" lon="-111.72632">
        <ele>1385.1</ele>
      </trkpt>
      <trkpt lat="40.27993" lon="-111.72612">
        <ele>1385.5</ele>
      </trkpt>
      <trkpt lat="40.27999" lon="-111.72593">
        <ele>1386.0</ele>
      </trkpt>
      <trkpt lat="40.28007" lon="-111.72573">
        <ele>1386.4</ele>
      </trkpt>
      <trkpt lat="40.27953" lon="-111.72532">
        <ele>1386.8</ele>
      </trkpt>
      <trkpt lat="40.27957" lon="-111.72521">
        <ele>1387.0</ele>
      </trkpt>
      <trkpt lat="40.27915" lon="-111.72489">
        <ele>1387.6</ele>
      </trkpt>
      <trkpt lat="40.27911" lon="-111.72499">
        <ele>1387.7</ele>
      </trkpt>
      <trkpt lat="40.27909" lon="-111.72497">
        <ele>1387.8</ele>
      </trkpt>
      <trkpt lat="40.27927" lon="-111.72451">
        <ele>1388.3</ele>
      </trkpt>
      <trkpt lat="40.27942" lon="-111.72409">
        <ele>1388.8</ele>
      </trkpt>
      <trkpt lat="40.27956" lon="-111.72363">
        <ele>1389.1</ele>
      </trkpt>
      <trkpt lat="40.27956" lon="-111.72363">
        <ele>1389.1</ele>
      </trkpt>
      <trkpt lat="40.27964" lon="-111.72331">
        <ele>1389.4</ele>
      </trkpt>
      <trkpt lat="40.27977" lon="-111.72274">
        <ele>1389.8</ele>
      </trkpt>
      <trkpt lat="40.27984" lon="-111.72233">
        <ele>1390.1</ele>
      </trkpt>
      <trkpt lat="40.2799" lon="-111.72178">
        <ele>1390.5</ele>
      </trkpt>
      <trkpt lat="40.27993" lon="-111.72158">
        <ele>1390.7</ele>
      </trkpt>
      <trkpt lat="40.27989" lon="-111.72157">
        <ele>1390.7</ele>
      </trkpt>
      <trkpt lat="40.27984" lon="-111.72158">
        <ele>1390.8</ele>
      </trkpt>
      <trkpt lat="40.27987" lon="-111.72162">
        <ele>1390.8</ele>
      </trkpt>
      <trkpt lat="40.27988" lon="-111.7217">
        <ele>1390.9</ele>
      </trkpt>
      <trkpt lat="40.27981" lon="-111.72175">
        <ele>1391.0</ele>
      </trkpt>
      <trkpt lat="40.27957" lon="-111.72154">
        <ele>1391.0</ele>
      </trkpt>
      <trkpt lat="40.27957" lon="-111.72154">
        <ele>1391.0</ele>
      </trkpt>
      <trkpt lat="40.27915" lon="-111.72118">
        <ele>1390.8</ele>
      </trkpt>
      <trkpt lat="40.27872" lon="-111.72081">
        <ele>1390.7</ele>
      </trkpt>
      <trkpt lat="40.27869" lon="-111.72077">
        <ele>1390.7</ele>
      </trkpt>
      <trkpt lat="40.27868" lon="-111.72074">
        <ele>1390.7</ele>
      </trkpt>
      <trkpt lat="40.27868" lon="-111.72074">
        <ele>1390.7</ele>
      </trkpt>
      <trkpt lat="40.27862" lon="-111.72067">
        <ele>1390.6</ele>
      </trkpt>
      <trkpt lat="40.27857" lon="-111.72078">
        <ele>1390.5</ele>
      </trkpt>
      <trkpt lat="40.2781" lon="-111.72034">
        <ele>1390.7</ele>
      </trkpt>
      <trkpt lat="40.27763" lon="-111.71993">
        <ele>1390.8</ele>
      </trkpt>
      <trkpt lat="40.27717" lon="-111.7195">
        <ele>1390.8</ele>
      </trkpt>
      <trkpt lat="40.27701" lon="-111.71931">
        <ele>1390.8</ele>
      </trkpt>
      <trkpt lat="40.27687" lon="-111.71913">
        <ele>1390.8</ele>
      </trkpt>
      <trkpt lat="40.27669" lon="-111.71886">
        <ele>1390.8</ele>
      </trkpt>
      <trkpt lat="40.27631" lon="-111.71821">
        <ele>1390.9</ele>
      </trkpt>
      <trkpt lat="40.2761" lon="-111.71768">
        <ele>1391.4</ele>
      </trkpt>
      <trkpt lat="40.27607" lon="-111.71757">
        <ele>1391.6</ele>
      </trkpt>
      <trkpt lat="40.27608" lon="-111.71756">
        <ele>1391.7</ele>
      </trkpt>
      <trkpt lat="40.27606" lon="-111.7175">
        <ele>1391.8</ele>
      </trkpt>
      <trkpt lat="40.27605" lon="-111.71747">
        <ele>1391.9</ele>
      </trkpt>
      <trkpt lat="40.276" lon="-111.71733">
        <ele>1392.3</ele>
      </trkpt>
      <trkpt lat="40.27596" lon="-111.71715">
        <ele>1393.0</ele>
      </trkpt>
      <trkpt lat="40.27591" lon="-111.71699">
        <ele>1393.5</ele>
      </trkpt>
      <trkpt lat="40.27588" lon="-111.71685">
        <ele>1393.9</ele>
      </trkpt>
      <trkpt lat="40.27586" lon="-111.71673">
        <ele>1394.2</ele>
      </trkpt>
      <trkpt lat="40.27584" lon="-111.71666">
        <ele>1394.3</ele>
      </trkpt>
      <trkpt lat="40.27582" lon="-111.71649">
        <ele>1394.6</ele>
      </trkpt>
      <trkpt lat="40.27581" lon="-111.71648">
        <ele>1394.6</ele>
      </trkpt>
      <trkpt lat="40.27581" lon="-111.71646">
        <ele>1394.6</ele>
      </trkpt>
      <trkpt lat="40.27579" lon="-111.71634">
        <ele>1394.8</ele>
      </trkpt>
      <trkpt lat="40.27578" lon="-111.71626">
        <ele>1394.9</ele>
      </trkpt>
      <trkpt lat="40.27577" lon="-111.71619">
        <ele>1395.0</ele>
      </trkpt>
      <trkpt lat="40.27576" lon="-111.71606">
        <ele>1395.2</ele>
      </trkpt>
      <trkpt lat="40.27574" lon="-111.7159">
        <ele>1395.5</ele>
      </trkpt>
      <trkpt lat="40.27574" lon="-111.71581">
        <ele>1395.6</ele>
      </trkpt>
      <trkpt lat="40.27573" lon="-111.71575">
        <ele>1395.7</ele>
      </trkpt>
      <trkpt lat="40.27573" lon="-111.71555">
        <ele>1396.1</ele>
      </trkpt>
      <trkpt lat="40.27572" lon="-111.71537">
        <ele>1396.4</ele>
      </trkpt>
      <trkpt lat="40.27572" lon="-111.71504">
        <ele>1397.2</ele>
      </trkpt>
      <trkpt lat="40.27572" lon="-111.71486">
        <ele>1397.5</ele>
      </trkpt>
      <trkpt lat="40.27571" lon="-111.71478">
        <ele>1397.6</ele>
      </trkpt>
      <trkpt lat="40.27572" lon="-111.71469">
        <ele>1397.8</ele>
      </trkpt>
      <trkpt lat="40.27572" lon="-111.71461">
        <ele>1397.9</ele>
      </trkpt>
      <trkpt lat="40.27576" lon="-111.71436">
        <ele>1398.4</ele>
      </trkpt>
      <trkpt lat="40.2758" lon="-111.71415">
        <ele>1398.8</ele>
      </trkpt>
      <trkpt lat="40.2758" lon="-111.71415">
        <ele>1398.8</ele>
      </trkpt>
      <trkpt lat="40.27589" lon="-111.71378">
        <ele>1399.7</ele>
      </trkpt>
      <trkpt lat="40.27589" lon="-111.71369">
        <ele>1400.0</ele>
      </trkpt>
      <trkpt lat="40.27589" lon="-111.71367">
        <ele>1400.0</ele>
      </trkpt>
      <trkpt lat="40.27591" lon="-111.71359">
        <ele>1400.2</ele>
      </trkpt>
      <trkpt lat="40.27592" lon="-111.71353">
        <ele>1400.2</ele>
      </trkpt>
      <trkpt lat="40.27592" lon="-111.71349">
        <ele>1400.3</ele>
      </trkpt>
      <trkpt lat="40.27592" lon="-111.71343">
        <ele>1400.4</ele>
      </trkpt>
      <trkpt lat="40.27591" lon="-111.71334">
        <ele>1400.5</ele>
      </trkpt>
      <trkpt lat="40.2759" lon="-111.71328">
        <ele>1400.6</ele>
      </trkpt>
      <trkpt lat="40.27589" lon="-111.71324">
        <ele>1400.7</ele>
      </trkpt>
      <trkpt lat="40.27589" lon="-111.71319">
        <ele>1400.8</ele>
      </trkpt>
      <trkpt lat="40.27589" lon="-111.71319">
        <ele>1400.8</ele>
      </trkpt>
      <trkpt lat="40.27587" lon="-111.71318">
        <ele>1400.8</ele>
      </trkpt>
      <trkpt lat="40.27585" lon="-111.71317">
        <ele>1400.8</ele>
      </trkpt>
      <trkpt lat="40.27583" lon="-111.71316">
        <ele>1400.8</ele>
      </trkpt>
      <trkpt lat="40.27581" lon="-111.71314">
        <ele>1400.9</ele>
      </trkpt>
      <trkpt lat="40.27579" lon="-111.71312">
        <ele>1400.9</ele>
      </trkpt>
      <trkpt lat="40.27578" lon="-111.71309">
        <ele>1401.0</ele>
      </trkpt>
      <trkpt lat="40.27576" lon="-111.71306">
        <ele>1401.1</ele>
      </trkpt>
      <trkpt lat="40.27576" lon="-111.71303">
        <ele>1401.1</ele>
      </trkpt>
      <trkpt lat="40.27575" lon="-111.713">
        <ele>1401.2</ele>
      </trkpt>
      <trkpt lat="40.27575" lon="-111.71298">
        <ele>1401.2</ele>
      </trkpt>
      <trkpt lat="40.27575" lon="-111.71297">
        <ele>1401.2</ele>
      </trkpt>
      <trkpt lat="40.27575" lon="-111.71294">
        <ele>1401.3</ele>
      </trkpt>
      <trkpt lat="40.27576" lon="-111.71291">
        <ele>1401.4</ele>
      </trkpt>
      <trkpt lat="40.27576" lon="-111.71288">
        <ele>1401.4</ele>
      </trkpt>
      <trkpt lat="40.27573" lon="-111.7126">
        <ele>1402.2</ele>
      </trkpt>
      <trkpt lat="40.27571" lon="-111.71227">
        <ele>1403.1</ele>
      </trkpt>
      <trkpt lat="40.27571" lon="-111.71227">
        <ele>1403.1</ele>
      </trkpt>
      <trkpt lat="40.27567" lon="-111.71219">
        <ele>1403.4</ele>
      </trkpt>
      <trkpt lat="40.27551" lon="-111.71188">
        <ele>1404.9</ele>
      </trkpt>
      <trkpt lat="40.27551" lon="-111.71187">
        <ele>1405.0</ele>
      </trkpt>
      <trkpt lat="40.27548" lon="-111.71181">
        <ele>1405.3</ele>
      </trkpt>
      <trkpt lat="40.27543" lon="-111.71171">
        <ele>1405.8</ele>
      </trkpt>
      <trkpt lat="40.27542" lon="-111.7117">
        <ele>1405.9</ele>
      </trkpt>
      <trkpt lat="40.27542" lon="-111.71168">
        <ele>1406.0</ele>
      </trkpt>
      <trkpt lat="40.27541" lon="-111.71165">
        <ele>1406.1</ele>
      </trkpt>
      <trkpt lat="40.27541" lon="-111.71162">
        <ele>1406.3</ele>
      </trkpt>
      <trkpt lat="40.2754" lon="-111.71154">
        <ele>1406.7</ele>
      </trkpt>
      <trkpt lat="40.2754" lon="-111.71154">
        <ele>1406.7</ele>
      </trkpt>
      <trkpt lat="40.27542" lon="-111.71098">
        <ele>1411.3</ele>
      </trkpt>
      <trkpt lat="40.27541" lon="-111.71052">
        <ele>1415.5</ele>
      </trkpt>
      <trkpt lat="40.27541" lon="-111.71027">
        <ele>1415.9</ele>
      </trkpt>
      <trkpt lat="40.2754" lon="-111.70956">
        <ele>1422.6</ele>
      </trkpt>
      <trkpt lat="40.27539" lon="-111.70911">
        <ele>1427.6</ele>
      </trkpt>
      <trkpt lat="40.27539" lon="-111.70863">
        <ele>1427.7</ele>
      </trkpt>
      <trkpt lat="40.27538" lon="-111.70846">
        <ele>1428.0</ele>
      </trkpt>
      <trkpt lat="40.27538" lon="-111.70799">
        <ele>1428.9</ele>
      </trkpt>
      <trkpt lat="40.27537" lon="-111.70762">
        <ele>1429.7</ele>
      </trkpt>
      <trkpt lat="40.27537" lon="-111.70731">
        <ele>1430.4</ele>
      </trkpt>
      <trkpt lat="40.27537" lon="-111.70686">
        <ele>1431.4</ele>
      </trkpt>
      <trkpt lat="40.27537" lon="-111.70645">
        <ele>1432.0</ele>
      </trkpt>
      <trkpt lat="40.27537" lon="-111.70602">
        <ele>1432.8</ele>
      </trkpt>
      <trkpt lat="40.27537" lon="-111.70579">
        <ele>1433.3</ele>
      </trkpt>
      <trkpt lat="40.27537" lon="-111.70579">
        <ele>1433.3</ele>
      </trkpt>
      <trkpt lat="40.27537" lon="-111.70559">
        <ele>1433.7</ele>
      </trkpt>
      <trkpt lat="40.27527" lon="-111.70517">
        <ele>1434.6</ele>
      </trkpt>
      <trkpt lat="40.27527" lon="-111.70517">
        <ele>1434.6</ele>
      </trkpt>
      <trkpt lat="40.27525" lon="-111.70516">
        <ele>1434.6</ele>
      </trkpt>
      <trkpt lat="40.27522" lon="-111.70513">
        <ele>1434.7</ele>
      </trkpt>
      <trkpt lat="40.27519" lon="-111.70509">
        <ele>1434.7</ele>
      </trkpt>
      <trkpt lat="40.27516" lon="-111.70505">
        <ele>1434.8</ele>
      </trkpt>
      <trkpt lat="40.27515" lon="-111.70501">
        <ele>1434.9</ele>
      </trkpt>
      <trkpt lat="40.27515" lon="-111.705">
        <ele>1434.9</ele>
      </trkpt>
      <trkpt lat="40.27514" lon="-111.70495">
        <ele>1435.0</ele>
      </trkpt>
      <trkpt lat="40.27514" lon="-111.70494">
        <ele>1435.1</ele>
      </trkpt>
      <trkpt lat="40.27513" lon="-111.70489">
        <ele>1435.2</ele>
      </trkpt>
      <trkpt lat="40.27514" lon="-111.70484">
        <ele>1435.3</ele>
      </trkpt>
      <trkpt lat="40.27515" lon="-111.70479">
        <ele>1435.5</ele>
      </trkpt>
      <trkpt lat="40.27516" lon="-111.70474">
        <ele>1435.6</ele>
      </trkpt>
      <trkpt lat="40.27519" lon="-111.7047">
        <ele>1435.7</ele>
      </trkpt>
      <trkpt lat="40.27521" lon="-111.70467">
        <ele>1435.8</ele>
      </trkpt>
      <trkpt lat="40.27522" lon="-111.70466">
        <ele>1435.8</ele>
      </trkpt>
      <trkpt lat="40.27525" lon="-111.70463">
        <ele>1435.9</ele>
      </trkpt>
      <trkpt lat="40.27526" lon="-111.70463">
        <ele>1435.9</ele>
      </trkpt>
      <trkpt lat="40.27526" lon="-111.70452">
        <ele>1436.1</ele>
      </trkpt>
      <trkpt lat="40.27527" lon="-111.70436">
        <ele>1436.4</ele>
      </trkpt>
      <trkpt lat="40.27528" lon="-111.70427">
        <ele>1436.5</ele>
      </trkpt>
      <trkpt lat="40.2753" lon="-111.70418">
        <ele>1436.6</ele>
      </trkpt>
      <trkpt lat="40.2753" lon="-111.7036">
        <ele>1437.4</ele>
      </trkpt>
      <trkpt lat="40.27529" lon="-111.70255">
        <ele>1438.8</ele>
      </trkpt>
      <trkpt lat="40.27528" lon="-111.70202">
        <ele>1439.6</ele>
      </trkpt>
      <trkpt lat="40.27528" lon="-111.70183">
        <ele>1439.8</ele>
      </trkpt>
      <trkpt lat="40.27527" lon="-111.70127">
        <ele>1440.4</ele>
      </trkpt>
      <trkpt lat="40.27527" lon="-111.70071">
        <ele>1441.0</ele>
      </trkpt>
      <trkpt lat="40.27527" lon="-111.69993">
        <ele>1441.9</ele>
      </trkpt>
      <trkpt lat="40.27527" lon="-111.69889">
        <ele>1442.9</ele>
      </trkpt>
      <trkpt lat="40.27526" lon="-111.69783">
        <ele>1443.7</ele>
      </trkpt>
      <trkpt lat="40.27526" lon="-111.6968">
        <ele>1444.4</ele>
      </trkpt>
      <trkpt lat="40.27525" lon="-111.69625">
        <ele>1444.9</ele>
      </trkpt>
      <trkpt lat="40.27523" lon="-111.69558">
        <ele>1445.5</ele>
      </trkpt>
      <trkpt lat="40.27524" lon="-111.69516">
        <ele>1445.8</ele>
      </trkpt>
      <trkpt lat="40.27524" lon="-111.69515">
        <ele>1445.8</ele>
      </trkpt>
      <trkpt lat="40.27524" lon="-111.69466">
        <ele>1445.9</ele>
      </trkpt>
      <trkpt lat="40.27524" lon="-111.69436">
        <ele>1446.0</ele>
      </trkpt>
      <trkpt lat="40.27523" lon="-111.69402">
        <ele>1446.0</ele>
      </trkpt>
      <trkpt lat="40.27523" lon="-111.69356">
        <ele>1446.0</ele>
      </trkpt>
      <trkpt lat="40.27523" lon="-111.69326">
        <ele>1446.1</ele>
      </trkpt>
      <trkpt lat="40.27522" lon="-111.69281">
        <ele>1446.1</ele>
      </trkpt>
      <trkpt lat="40.27521" lon="-111.69161">
        <ele>1446.2</ele>
      </trkpt>
      <trkpt lat="40.27521" lon="-111.69124">
        <ele>1446.3</ele>
      </trkpt>
      <trkpt lat="40.27521" lon="-111.69075">
        <ele>1446.3</ele>
      </trkpt>
      <trkpt lat="40.27521" lon="-111.69043">
        <ele>1446.3</ele>
      </trkpt>
      <trkpt lat="40.27521" lon="-111.6902">
        <ele>1446.4</ele>
      </trkpt>
      <trkpt lat="40.2752" lon="-111.6899">
        <ele>1446.5</ele>
      </trkpt>
      <trkpt lat="40.27519" lon="-111.68912">
        <ele>1446.6</ele>
      </trkpt>
      <trkpt lat="40.27517" lon="-111.68874">
        <ele>1446.6</ele>
      </trkpt>
      <trkpt lat="40.27516" lon="-111.68831">
        <ele>1446.7</ele>
      </trkpt>
      <trkpt lat="40.27515" lon="-111.68775">
        <ele>1446.9</ele>
      </trkpt>
      <trkpt lat="40.27514" lon="-111.68757">
        <ele>1446.9</ele>
      </trkpt>
      <trkpt lat="40.27514" lon="-111.68733">
        <ele>1447.0</ele>
      </trkpt>
      <trkpt lat="40.27514" lon="-111.6871">
        <ele>1447.0</ele>
      </trkpt>
      <trkpt lat="40.27514" lon="-111.68692">
        <ele>1447.0</ele>
      </trkpt>
      <trkpt lat="40.27513" lon="-111.68679">
        <ele>1447.1</ele>
      </trkpt>
      <trkpt lat="40.27513" lon="-111.68631">
        <ele>1447.2</ele>
      </trkpt>
      <trkpt lat="40.27512" lon="-111.68616">
        <ele>1447.2</ele>
      </trkpt>
      <trkpt lat="40.27512" lon="-111.68606">
        <ele>1447.2</ele>
      </trkpt>
      <trkpt lat="40.27512" lon="-111.68575">
        <ele>1447.3</ele>
      </trkpt>
      <trkpt lat="40.27512" lon="-111.68542">
        <ele>1447.4</ele>
      </trkpt>
      <trkpt lat="40.27513" lon="-111.68526">
        <ele>1447.4</ele>
      </trkpt>
      <trkpt lat="40.2752" lon="-111.68468">
        <ele>1447.6</ele>
      </trkpt>
      <trkpt lat="40.2752" lon="-111.68468">
        <ele>1447.6</ele>
      </trkpt>
      <trkpt lat="40.27528" lon="-111.68466">
        <ele>1447.6</ele>
      </trkpt>
      <trkpt lat="40.27537" lon="-111.68465">
        <ele>1447.7</ele>
      </trkpt>
      <trkpt lat="40.27537" lon="-111.68465">
        <ele>1447.7</ele>
      </trkpt>
      <trkpt lat="40.27536" lon="-111.68444">
        <ele>1447.7</ele>
      </trkpt>
      <trkpt lat="40.27532" lon="-111.68398">
        <ele>1447.9</ele>
      </trkpt>
      <trkpt lat="40.27531" lon="-111.68391">
        <ele>1447.9</ele>
      </trkpt>
      <trkpt lat="40.27531" lon="-111.68391">
        <ele>1447.9</ele>
      </trkpt>
      <trkpt lat="40.27547" lon="-111.68389">
        <ele>1448.0</ele>
      </trkpt>
      <trkpt lat="40.27566" lon="-111.68388">
        <ele>1448.1</ele>
      </trkpt>
      <trkpt lat="40.27584" lon="-111.68386">
        <ele>1448.3</ele>
      </trkpt>
      <trkpt lat="40.276" lon="-111.68385">
        <ele>1448.5</ele>
      </trkpt>
      <trkpt lat="40.27618" lon="-111.68383">
        <ele>1448.6</ele>
      </trkpt>
      <trkpt lat="40.27635" lon="-111.68382">
        <ele>1448.7</ele>
      </trkpt>
      <trkpt lat="40.27646" lon="-111.68381">
        <ele>1448.7</ele>
      </trkpt>
      <trkpt lat="40.27646" lon="-111.68381">
        <ele>1448.7</ele>
      </trkpt>
      <trkpt lat="40.27647" lon="-111.68313">
        <ele>1449.1</ele>
      </trkpt>
      <trkpt lat="40.27647" lon="-111.6829">
        <ele>1449.2</ele>
      </trkpt>
      <trkpt lat="40.27646" lon="-111.68267">
        <ele>1449.3</ele>
      </trkpt>
      <trkpt lat="40.27646" lon="-111.68245">
        <ele>1449.4</ele>
      </trkpt>
      <trkpt lat="40.27645" lon="-111.68218">
        <ele>1449.5</ele>
      </trkpt>
      <trkpt lat="40.27645" lon="-111.68195">
        <ele>1449.5</ele>
      </trkpt>
      <trkpt lat="40.27645" lon="-111.68182">
        <ele>1449.6</ele>
      </trkpt>
      <trkpt lat="40.27645" lon="-111.68171">
        <ele>1449.6</ele>
      </trkpt>
      <trkpt lat="40.27645" lon="-111.68146">
        <ele>1449.8</ele>
      </trkpt>
      <trkpt lat="40.27644" lon="-111.68123">
        <ele>1449.9</ele>
      </trkpt>
      <trkpt lat="40.27644" lon="-111.681">
        <ele>1450.0</ele>
      </trkpt>
      <trkpt lat="40.27646" lon="-111.68076">
        <ele>1450.0</ele>
      </trkpt>
      <trkpt lat="40.27651" lon="-111.68063">
        <ele>1450.1</ele>
      </trkpt>
      <trkpt lat="40.2767" lon="-111.68045">
        <ele>1450.3</ele>
      </trkpt>
      <trkpt lat="40.27679" lon="-111.68035">
        <ele>1450.4</ele>
      </trkpt>
      <trkpt lat="40.27687" lon="-111.68021">
        <ele>1450.5</ele>
      </trkpt>
      <trkpt lat="40.27691" lon="-111.68013">
        <ele>1450.5</ele>
      </trkpt>
      <trkpt lat="40.27693" lon="-111.68008">
        <ele>1450.5</ele>
      </trkpt>
      <trkpt lat="40.27695" lon="-111.68001">
        <ele>1450.6</ele>
      </trkpt>
      <trkpt lat="40.27696" lon="-111.67993">
        <ele>1450.6</ele>
      </trkpt>
      <trkpt lat="40.27697" lon="-111.67986">
        <ele>1450.6</ele>
      </trkpt>
      <trkpt lat="40.27697" lon="-111.67978">
        <ele>1450.7</ele>
      </trkpt>
      <trkpt lat="40.27697" lon="-111.67976">
        <ele>1450.7</ele>
      </trkpt>
      <trkpt lat="40.27695" lon="-111.67938">
        <ele>1450.8</ele>
      </trkpt>
      <trkpt lat="40.27695" lon="-111.67938">
        <ele>1450.8</ele>
      </trkpt>
      <trkpt lat="40.27713" lon="-111.67937">
        <ele>1450.9</ele>
      </trkpt>
      <trkpt lat="40.27729" lon="-111.67936">
        <ele>1451.0</ele>
      </trkpt>
      <trkpt lat="40.2773" lon="-111.67936">
        <ele>1451.0</ele>
      </trkpt>
      <trkpt lat="40.27736" lon="-111.67937">
        <ele>1451.1</ele>
      </trkpt>
      <trkpt lat="40.27743" lon="-111.67934">
        <ele>1451.1</ele>
      </trkpt>
      <trkpt lat="40.27765" lon="-111.67933">
        <ele>1451.3</ele>
      </trkpt>
      <trkpt lat="40.27767" lon="-111.67933">
        <ele>1451.3</ele>
      </trkpt>
      <trkpt lat="40.27791" lon="-111.67932">
        <ele>1451.4</ele>
      </trkpt>
      <trkpt lat="40.27811" lon="-111.6793">
        <ele>1451.6</ele>
      </trkpt>
      <trkpt lat="40.27837" lon="-111.67928">
        <ele>1451.7</ele>
      </trkpt>
      <trkpt lat="40.27855" lon="-111.67927">
        <ele>1451.9</ele>
      </trkpt>
      <trkpt lat="40.27871" lon="-111.67926">
        <ele>1452.0</ele>
      </trkpt>
      <trkpt lat="40.27871" lon="-111.67926">
        <ele>1452.0</ele>
      </trkpt>
      <trkpt lat="40.27872" lon="-111.67934">
        <ele>1451.9</ele>
      </trkpt>
      <trkpt lat="40.27872" lon="-111.67941">
        <ele>1451.9</ele>
      </trkpt>
      <trkpt lat="40.27873" lon="-111.67945">
        <ele>1451.9</ele>
      </trkpt>
      <trkpt lat="40.27875" lon="-111.67949">
        <ele>1451.9</ele>
      </trkpt>
      <trkpt lat="40.27879" lon="-111.67957">
        <ele>1451.9</ele>
      </trkpt>
      <trkpt lat="40.27884" lon="-111.67964">
        <ele>1451.9</ele>
      </trkpt>
      <trkpt lat="40.27887" lon="-111.67967">
        <ele>1452.0</ele>
      </trkpt>
      <trkpt lat="40.2789" lon="-111.6797">
        <ele>1452.0</ele>
      </trkpt>
      <trkpt lat="40.27898" lon="-111.67972">
        <ele>1452.0</ele>
      </trkpt>
      <trkpt lat="40.27903" lon="-111.67971">
        <ele>1452.1</ele>
      </trkpt>
      <trkpt lat="40.27909" lon="-111.67971">
        <ele>1452.1</ele>
      </trkpt>
      <trkpt lat="40.27915" lon="-111.67971">
        <ele>1452.1</ele>
      </trkpt>
      <trkpt lat="40.27915" lon="-111.67971">
        <ele>1452.1</ele>
      </trkpt>
      <trkpt lat="40.2792" lon="-111.67971">
        <ele>1452.2</ele>
      </trkpt>
      <trkpt lat="40.27927" lon="-111.67971">
        <ele>1452.2</ele>
      </trkpt>
      <trkpt lat="40.27933" lon="-111.67971">
        <ele>1452.3</ele>
      </trkpt>
      <trkpt lat="40.27938" lon="-111.67971">
        <ele>1452.3</ele>
      </trkpt>
      <trkpt lat="40.27955" lon="-111.67971">
        <ele>1452.4</ele>
      </trkpt>
      <trkpt lat="40.27973" lon="-111.67971">
        <ele>1452.5</ele>
      </trkpt>
      <trkpt lat="40.2799" lon="-111.67971">
        <ele>1452.6</ele>
      </trkpt>
      <trkpt lat="40.28008" lon="-111.67971">
        <ele>1452.8</ele>
      </trkpt>
      <trkpt lat="40.28025" lon="-111.6797">
        <ele>1452.9</ele>
      </trkpt>
      <trkpt lat="40.28043" lon="-111.6797">
        <ele>1453.0</ele>
      </trkpt>
      <trkpt lat="40.28056" lon="-111.67971">
        <ele>1453.1</ele>
      </trkpt>
      <trkpt lat="40.28061" lon="-111.67973">
        <ele>1453.1</ele>
      </trkpt>
      <trkpt lat="40.28062" lon="-111.67925">
        <ele>1453.3</ele>
      </trkpt>
      <trkpt lat="40.28063" lon="-111.67855">
        <ele>1453.6</ele>
      </trkpt>
      <trkpt lat="40.28063" lon="-111.67854">
        <ele>1453.6</ele>
      </trkpt>
      <trkpt lat="40.28063" lon="-111.67854">
        <ele>1453.6</ele>
      </trkpt>
      <trkpt lat="40.2808" lon="-111.67854">
        <ele>1453.7</ele>
      </trkpt>
      <trkpt lat="40.28095" lon="-111.67853">
        <ele>1453.9</ele>
      </trkpt>
      <trkpt lat="40.28115" lon="-111.67854">
        <ele>1454.0</ele>
      </trkpt>
      <trkpt lat="40.28141" lon="-111.67856">
        <ele>1454.2</ele>
      </trkpt>
      <trkpt lat="40.28145" lon="-111.67856">
        <ele>1454.2</ele>
      </trkpt>
      <trkpt lat="40.28152" lon="-111.67855">
        <ele>1454.3</ele>
      </trkpt>
      <trkpt lat="40.28162" lon="-111.67854">
        <ele>1454.4</ele>
      </trkpt>
      <trkpt lat="40.28196" lon="-111.67855">
        <ele>1454.6</ele>
      </trkpt>
      <trkpt lat="40.28237" lon="-111.67854">
        <ele>1454.9</ele>
      </trkpt>
      <trkpt lat="40.28237" lon="-111.67854">
        <ele>1454.9</ele>
      </trkpt>
      <trkpt lat="40.28237" lon="-111.67806">
        <ele>1455.0</ele>
      </trkpt>
      <trkpt lat="40.28236" lon="-111.67781">
        <ele>1455.1</ele>
      </trkpt>
      <trkpt lat="40.28236" lon="-111.67738">
        <ele>1455.2</ele>
      </trkpt>
      <trkpt lat="40.28235" lon="-111.67696">
        <ele>1455.4</ele>
      </trkpt>
      <trkpt lat="40.28234" lon="-111.67635">
        <ele>1455.6</ele>
      </trkpt>
      <trkpt lat="40.28233" lon="-111.67599">
        <ele>1455.7</ele>
      </trkpt>
      <trkpt lat="40.28232" lon="-111.67581">
        <ele>1455.8</ele>
      </trkpt>
      <trkpt lat="40.28232" lon="-111.67563">
        <ele>1455.8</ele>
      </trkpt>
      <trkpt lat="40.28232" lon="-111.67526">
        <ele>1455.9</ele>
      </trkpt>
      <trkpt lat="40.28232" lon="-111.67478">
        <ele>1455.8</ele>
      </trkpt>
      <trkpt lat="40.28231" lon="-111.67391">
        <ele>1455.4</ele>
      </trkpt>
      <trkpt lat="40.28231" lon="-111.6738">
        <ele>1455.3</ele>
      </trkpt>
      <trkpt lat="40.28231" lon="-111.67361">
        <ele>1455.1</ele>
      </trkpt>
      <trkpt lat="40.28231" lon="-111.67357">
        <ele>1455.1</ele>
      </trkpt>
      <trkpt lat="40.28231" lon="-111.67351">
        <ele>1455.0</ele>
      </trkpt>
      <trkpt lat="40.28232" lon="-111.67332">
        <ele>1454.8</ele>
      </trkpt>
      <trkpt lat="40.28232" lon="-111.6733">
        <ele>1454.8</ele>
      </trkpt>
      <trkpt lat="40.28233" lon="-111.67309">
        <ele>1454.4</ele>
      </trkpt>
      <trkpt lat="40.28233" lon="-111.67304">
        <ele>1454.4</ele>
      </trkpt>
      <trkpt lat="40.28233" lon="-111.67303">
        <ele>1454.4</ele>
      </trkpt>
      <trkpt lat="40.28234" lon="-111.67275">
        <ele>1453.9</ele>
      </trkpt>
      <trkpt lat="40.28235" lon="-111.67256">
        <ele>1453.7</ele>
      </trkpt>
      <trkpt lat="40.28237" lon="-111.67215">
        <ele>1453.8</ele>
      </trkpt>
      <trkpt lat="40.28238" lon="-111.67188">
        <ele>1451.6</ele>
      </trkpt>
      <trkpt lat="40.28239" lon="-111.67185">
        <ele>1450.3</ele>
      </trkpt>
      <trkpt lat="40.2824" lon="-111.67159">
        <ele>1439.0</ele>
      </trkpt>
      <trkpt lat="40.28241" lon="-111.67148">
        <ele>1438.7</ele>
      </trkpt>
      <trkpt lat="40.28242" lon="-111.67137">
        <ele>1438.5</ele>
      </trkpt>
      <trkpt lat="40.28242" lon="-111.67115">
        <ele>1437.3</ele>
      </trkpt>
      <trkpt lat="40.28242" lon="-111.67098">
        <ele>1437.0</ele>
      </trkpt>
      <trkpt lat="40.28242" lon="-111.67074">
        <ele>1436.1</ele>
      </trkpt>
      <trkpt lat="40.28242" lon="-111.67072">
        <ele>1436.0</ele>
      </trkpt>
      <trkpt lat="40.28242" lon="-111.67041">
        <ele>1434.9</ele>
      </trkpt>
      <trkpt lat="40.28242" lon="-111.67037">
        <ele>1434.8</ele>
      </trkpt>
      <trkpt lat="40.28242" lon="-111.67017">
        <ele>1433.9</ele>
      </trkpt>
      <trkpt lat="40.28243" lon="-111.66996">
        <ele>1433.2</ele>
      </trkpt>
      <trkpt lat="40.28243" lon="-111.66994">
        <ele>1433.2</ele>
      </trkpt>
      <trkpt lat="40.28244" lon="-111.66989">
        <ele>1433.0</ele>
      </trkpt>
      <trkpt lat="40.28245" lon="-111.66973">
        <ele>1432.6</ele>
      </trkpt>
      <trkpt lat="40.28246" lon="-111.66946">
        <ele>1431.9</ele>
      </trkpt>
      <trkpt lat="40.28248" lon="-111.66911">
        <ele>1431.0</ele>
      </trkpt>
      <trkpt lat="40.2825" lon="-111.66884">
        <ele>1430.8</ele>
      </trkpt>
      <trkpt lat="40.28251" lon="-111.6687">
        <ele>1430.8</ele>
      </trkpt>
      <trkpt lat="40.28255" lon="-111.66843">
        <ele>1430.7</ele>
      </trkpt>
      <trkpt lat="40.28258" lon="-111.66824">
        <ele>1430.6</ele>
      </trkpt>
      <trkpt lat="40.2826" lon="-111.66811">
        <ele>1430.6</ele>
      </trkpt>
      <trkpt lat="40.2826" lon="-111.66811">
        <ele>1430.6</ele>
      </trkpt>
      <trkpt lat="40.28264" lon="-111.6679">
        <ele>1430.7</ele>
      </trkpt>
      <trkpt lat="40.28266" lon="-111.66779">
        <ele>1430.7</ele>
      </trkpt>
      <trkpt lat="40.28267" lon="-111.66768">
        <ele>1430.7</ele>
      </trkpt>
      <trkpt lat="40.2827" lon="-111.66754">
        <ele>1430.8</ele>
      </trkpt>
      <trkpt lat="40.28271" lon="-111.66744">
        <ele>1430.8</ele>
      </trkpt>
      <trkpt lat="40.28277" lon="-111.66708">
        <ele>1430.9</ele>
      </trkpt>
      <trkpt lat="40.28277" lon="-111.66705">
        <ele>1430.9</ele>
      </trkpt>
      <trkpt lat="40.28279" lon="-111.66691">
        <ele>1431.0</ele>
      </trkpt>
      <trkpt lat="40.28281" lon="-111.66681">
        <ele>1431.1</ele>
      </trkpt>
      <trkpt lat="40.28282" lon="-111.66663">
        <ele>1431.3</ele>
      </trkpt>
      <trkpt lat="40.28282" lon="-111.66658">
        <ele>1431.3</ele>
      </trkpt>
      <trkpt lat="40.28282" lon="-111.66595">
        <ele>1431.5</ele>
      </trkpt>
      <trkpt lat="40.28282" lon="-111.66593">
        <ele>1431.5</ele>
      </trkpt>
      <trkpt lat="40.28282" lon="-111.66546">
        <ele>1431.5</ele>
      </trkpt>
      <trkpt lat="40.28283" lon="-111.665">
        <ele>1431.6</ele>
      </trkpt>
      <trkpt lat="40.28282" lon="-111.66463">
        <ele>1431.6</ele>
      </trkpt>
      <trkpt lat="40.28281" lon="-111.66457">
        <ele>1431.6</ele>
      </trkpt>
      <trkpt lat="40.28281" lon="-111.66443">
        <ele>1431.7</ele>
      </trkpt>
      <trkpt lat="40.28281" lon="-111.66422">
        <ele>1431.7</ele>
      </trkpt>
      <trkpt lat="40.28281" lon="-111.66389">
        <ele>1431.7</ele>
      </trkpt>
      <trkpt lat="40.28281" lon="-111.6637">
        <ele>1431.6</ele>
      </trkpt>
      <trkpt lat="40.28277" lon="-111.66358">
        <ele>1431.6</ele>
      </trkpt>
      <trkpt lat="40.28277" lon="-111.66343">
        <ele>1431.7</ele>
      </trkpt>
      <trkpt lat="40.28275" lon="-111.66328">
        <ele>1431.7</ele>
      </trkpt>
      <trkpt lat="40.28275" lon="-111.66328">
        <ele>1431.7</ele>
      </trkpt>
      <trkpt lat="40.28274" lon="-111.66326">
        <ele>1431.7</ele>
      </trkpt>
      <trkpt lat="40.28273" lon="-111.66324">
        <ele>1431.7</ele>
      </trkpt>
      <trkpt lat="40.28272" lon="-111.66322">
        <ele>1431.6</ele>
      </trkpt>
      <trkpt lat="40.28271" lon="-111.6632">
        <ele>1431.6</ele>
      </trkpt>
      <trkpt lat="40.28271" lon="-111.66317">
        <ele>1431.6</ele>
      </trkpt>
      <trkpt lat="40.28271" lon="-111.66314">
        <ele>1431.6</ele>
      </trkpt>
      <trkpt lat="40.28271" lon="-111.66312">
        <ele>1431.6</ele>
      </trkpt>
      <trkpt lat="40.28272" lon="-111.66309">
        <ele>1431.6</ele>
      </trkpt>
      <trkpt lat="40.28273" lon="-111.66307">
        <ele>1431.7</ele>
      </trkpt>
      <trkpt lat="40.28274" lon="-111.66305">
        <ele>1431.7</ele>
      </trkpt>
      <trkpt lat="40.28275" lon="-111.66303">
        <ele>1431.7</ele>
      </trkpt>
      <trkpt lat="40.28276" lon="-111.66302">
        <ele>1431.7</ele>
      </trkpt>
      <trkpt lat="40.28277" lon="-111.66283">
        <ele>1431.7</ele>
      </trkpt>
      <trkpt lat="40.28277" lon="-111.66275">
        <ele>1431.8</ele>
      </trkpt>
      <trkpt lat="40.28278" lon="-111.66261">
        <ele>1431.8</ele>
      </trkpt>
      <trkpt lat="40.28278" lon="-111.6626">
        <ele>1431.8</ele>
      </trkpt>
      <trkpt lat="40.28282" lon="-111.66255">
        <ele>1431.9</ele>
      </trkpt>
      <trkpt lat="40.28283" lon="-111.66245">
        <ele>1431.9</ele>
      </trkpt>
      <trkpt lat="40.28286" lon="-111.66159">
        <ele>1432.1</ele>
      </trkpt>
      <trkpt lat="40.28285" lon="-111.66148">
        <ele>1432.1</ele>
      </trkpt>
      <trkpt lat="40.28282" lon="-111.66121">
        <ele>1432.2</ele>
      </trkpt>
      <trkpt lat="40.28279" lon="-111.66096">
        <ele>1432.2</ele>
      </trkpt>
      <trkpt lat="40.28279" lon="-111.66084">
        <ele>1432.2</ele>
      </trkpt>
      <trkpt lat="40.28278" lon="-111.66072">
        <ele>1432.2</ele>
      </trkpt>
      <trkpt lat="40.28279" lon="-111.66023">
        <ele>1432.3</ele>
      </trkpt>
      <trkpt lat="40.28279" lon="-111.66017">
        <ele>1432.3</ele>
      </trkpt>
      <trkpt lat="40.2828" lon="-111.66003">
        <ele>1432.3</ele>
      </trkpt>
      <trkpt lat="40.28281" lon="-111.65985">
        <ele>1432.2</ele>
      </trkpt>
      <trkpt lat="40.28281" lon="-111.65945">
        <ele>1432.4</ele>
      </trkpt>
      <trkpt lat="40.28281" lon="-111.65935">
        <ele>1432.4</ele>
      </trkpt>
      <trkpt lat="40.28281" lon="-111.65935">
        <ele>1432.4</ele>
      </trkpt>
      <trkpt lat="40.28292" lon="-111.65936">
        <ele>1432.5</ele>
      </trkpt>
      <trkpt lat="40.28298" lon="-111.65937">
        <ele>1432.5</ele>
      </trkpt>
      <trkpt lat="40.2831" lon="-111.65938">
        <ele>1432.6</ele>
      </trkpt>
      <trkpt lat="40.28316" lon="-111.6594">
        <ele>1432.7</ele>
      </trkpt>
      <trkpt lat="40.28323" lon="-111.65942">
        <ele>1432.8</ele>
      </trkpt>
      <trkpt lat="40.28327" lon="-111.65943">
        <ele>1432.8</ele>
      </trkpt>
      <trkpt lat="40.28343" lon="-111.65942">
        <ele>1433.0</ele>
      </trkpt>
      <trkpt lat="40.28371" lon="-111.65939">
        <ele>1433.3</ele>
      </trkpt>
      <trkpt lat="40.28381" lon="-111.65938">
        <ele>1433.4</ele>
      </trkpt>
      <trkpt lat="40.28402" lon="-111.65936">
        <ele>1433.6</ele>
      </trkpt>
      <trkpt lat="40.28413" lon="-111.65935">
        <ele>1433.7</ele>
      </trkpt>
      <trkpt lat="40.28421" lon="-111.65935">
        <ele>1433.6</ele>
      </trkpt>
      <trkpt lat="40.2843" lon="-111.65932">
        <ele>1433.6</ele>
      </trkpt>
      <trkpt lat="40.28432" lon="-111.65931">
        <ele>1433.6</ele>
      </trkpt>
      <trkpt lat="40.28435" lon="-111.65929">
        <ele>1433.6</ele>
      </trkpt>
      <trkpt lat="40.28441" lon="-111.65926">
        <ele>1433.6</ele>
      </trkpt>
      <trkpt lat="40.28445" lon="-111.65925">
        <ele>1433.6</ele>
      </trkpt>
      <trkpt lat="40.28447" lon="-111.65924">
        <ele>1433.6</ele>
      </trkpt>
      <trkpt lat="40.2845" lon="-111.65923">
        <ele>1433.6</ele>
      </trkpt>
      <trkpt lat="40.28463" lon="-111.65923">
        <ele>1433.7</ele>
      </trkpt>
      <trkpt lat="40.28478" lon="-111.65924">
        <ele>1434.0</ele>
      </trkpt>
      <trkpt lat="40.28498" lon="-111.65927">
        <ele>1434.4</ele>
      </trkpt>
      <trkpt lat="40.28504" lon="-111.65929">
        <ele>1434.6</ele>
      </trkpt>
      <trkpt lat="40.28507" lon="-111.65929">
        <ele>1434.6</ele>
      </trkpt>
      <trkpt lat="40.28508" lon="-111.65929">
        <ele>1434.6</ele>
      </trkpt>
      <trkpt lat="40.28511" lon="-111.65929">
        <ele>1434.7</ele>
      </trkpt>
      <trkpt lat="40.28515" lon="-111.65929">
        <ele>1434.8</ele>
      </trkpt>
      <trkpt lat="40.28515" lon="-111.65929">
        <ele>1434.8</ele>
      </trkpt>
      <trkpt lat="40.28516" lon="-111.65928">
        <ele>1434.8</ele>
      </trkpt>
      <trkpt lat="40.28519" lon="-111.65927">
        <ele>1434.9</ele>
      </trkpt>
      <trkpt lat="40.28522" lon="-111.65924">
        <ele>1434.9</ele>
      </trkpt>
      <trkpt lat="40.28525" lon="-111.65919">
        <ele>1435.0</ele>
      </trkpt>
      <trkpt lat="40.28526" lon="-111.65916">
        <ele>1435.0</ele>
      </trkpt>
      <trkpt lat="40.28527" lon="-111.65913">
        <ele>1435.0</ele>
      </trkpt>
      <trkpt lat="40.28528" lon="-111.65911">
        <ele>1435.0</ele>
      </trkpt>
      <trkpt lat="40.28528" lon="-111.6591">
        <ele>1435.0</ele>
      </trkpt>
      <trkpt lat="40.28529" lon="-111.6591">
        <ele>1435.0</ele>
      </trkpt>
      <trkpt lat="40.28529" lon="-111.6591">
        <ele>1435.0</ele>
      </trkpt>
      <trkpt lat="40.2853" lon="-111.65909">
        <ele>1435.0</ele>
      </trkpt>
      <trkpt lat="40.28531" lon="-111.65909">
        <ele>1435.1</ele>
      </trkpt>
      <trkpt lat="40.28532" lon="-111.6591">
        <ele>1435.1</ele>
      </trkpt>
      <trkpt lat="40.28538" lon="-111.65913">
        <ele>1435.2</ele>
      </trkpt>
      <trkpt lat="40.28542" lon="-111.65916">
        <ele>1435.3</ele>
      </trkpt>
      <trkpt lat="40.28547" lon="-111.65919">
        <ele>1435.3</ele>
      </trkpt>
      <trkpt lat="40.2855" lon="-111.6592">
        <ele>1435.4</ele>
      </trkpt>
      <trkpt lat="40.28552" lon="-111.6592">
        <ele>1435.4</ele>
      </trkpt>
      <trkpt lat="40.28555" lon="-111.6592">
        <ele>1435.4</ele>
      </trkpt>
      <trkpt lat="40.28559" lon="-111.6592">
        <ele>1435.5</ele>
      </trkpt>
      <trkpt lat="40.28563" lon="-111.65919">
        <ele>1435.6</ele>
      </trkpt>
      <trkpt lat="40.28581" lon="-111.65914">
        <ele>1435.8</ele>
      </trkpt>
      <trkpt lat="40.28588" lon="-111.65911">
        <ele>1435.9</ele>
      </trkpt>
      <trkpt lat="40.28605" lon="-111.65909">
        <ele>1436.2</ele>
      </trkpt>
      <trkpt lat="40.28617" lon="-111.65908">
        <ele>1436.3</ele>
      </trkpt>
      <trkpt lat="40.28631" lon="-111.65909">
        <ele>1436.5</ele>
      </trkpt>
      <trkpt lat="40.28643" lon="-111.65911">
        <ele>1436.6</ele>
      </trkpt>
      <trkpt lat="40.28684" lon="-111.65908">
        <ele>1437.4</ele>
      </trkpt>
      <trkpt lat="40.28688" lon="-111.65908">
        <ele>1437.4</ele>
      </trkpt>
      <trkpt lat="40.2871" lon="-111.65901">
        <ele>1437.8</ele>
      </trkpt>
      <trkpt lat="40.28715" lon="-111.65898">
        <ele>1437.9</ele>
      </trkpt>
      <trkpt lat="40.28729" lon="-111.65892">
        <ele>1438.2</ele>
      </trkpt>
      <trkpt lat="40.28744" lon="-111.65886">
        <ele>1438.6</ele>
      </trkpt>
      <trkpt lat="40.2876" lon="-111.65883">
        <ele>1438.9</ele>
      </trkpt>
      <trkpt lat="40.28768" lon="-111.65881">
        <ele>1439.0</ele>
      </trkpt>
      <trkpt lat="40.28786" lon="-111.65882">
        <ele>1439.5</ele>
      </trkpt>
      <trkpt lat="40.28792" lon="-111.65882">
        <ele>1439.6</ele>
      </trkpt>
      <trkpt lat="40.28804" lon="-111.65884">
        <ele>1439.8</ele>
      </trkpt>
      <trkpt lat="40.28824" lon="-111.65889">
        <ele>1440.2</ele>
      </trkpt>
      <trkpt lat="40.28828" lon="-111.6589">
        <ele>1440.3</ele>
      </trkpt>
      <trkpt lat="40.28834" lon="-111.65892">
        <ele>1440.5</ele>
      </trkpt>
      <trkpt lat="40.28843" lon="-111.65894">
        <ele>1440.8</ele>
      </trkpt>
      <trkpt lat="40.28851" lon="-111.65894">
        <ele>1441.1</ele>
      </trkpt>
      <trkpt lat="40.28857" lon="-111.65894">
        <ele>1441.2</ele>
      </trkpt>
      <trkpt lat="40.28861" lon="-111.65894">
        <ele>1441.4</ele>
      </trkpt>
      <trkpt lat="40.28869" lon="-111.6589">
        <ele>1441.6</ele>
      </trkpt>
      <trkpt lat="40.2888" lon="-111.65882">
        <ele>1442.0</ele>
      </trkpt>
      <trkpt lat="40.28895" lon="-111.65874">
        <ele>1442.6</ele>
      </trkpt>
      <trkpt lat="40.28906" lon="-111.6587">
        <ele>1442.9</ele>
      </trkpt>
      <trkpt lat="40.28916" lon="-111.65867">
        <ele>1443.2</ele>
      </trkpt>
      <trkpt lat="40.28938" lon="-111.65866">
        <ele>1443.9</ele>
      </trkpt>
      <trkpt lat="40.28945" lon="-111.65867">
        <ele>1444.1</ele>
      </trkpt>
      <trkpt lat="40.2897" lon="-111.6587">
        <ele>1444.9</ele>
      </trkpt>
      <trkpt lat="40.28971" lon="-111.6587">
        <ele>1444.9</ele>
      </trkpt>
      <trkpt lat="40.28978" lon="-111.6587">
        <ele>1445.1</ele>
      </trkpt>
      <trkpt lat="40.29005" lon="-111.65868">
        <ele>1445.8</ele>
      </trkpt>
      <trkpt lat="40.29024" lon="-111.65866">
        <ele>1446.1</ele>
      </trkpt>
      <trkpt lat="40.29042" lon="-111.65864">
        <ele>1446.5</ele>
      </trkpt>
      <trkpt lat="40.29075" lon="-111.65861">
        <ele>1447.1</ele>
      </trkpt>
      <trkpt lat="40.29096" lon="-111.65858">
        <ele>1447.3</ele>
      </trkpt>
      <trkpt lat="40.29105" lon="-111.65857">
        <ele>1447.4</ele>
      </trkpt>
      <trkpt lat="40.29113" lon="-111.65854">
        <ele>1447.6</ele>
      </trkpt>
      <trkpt lat="40.29118" lon="-111.65852">
        <ele>1447.7</ele>
      </trkpt>
      <trkpt lat="40.29127" lon="-111.65847">
        <ele>1447.9</ele>
      </trkpt>
      <trkpt lat="40.29134" lon="-111.65845">
        <ele>1448.0</ele>
      </trkpt>
      <trkpt lat="40.29141" lon="-111.65845">
        <ele>1448.1</ele>
      </trkpt>
      <trkpt lat="40.29148" lon="-111.65844">
        <ele>1448.1</ele>
      </trkpt>
      <trkpt lat="40.29155" lon="-111.65843">
        <ele>1448.2</ele>
      </trkpt>
      <trkpt lat="40.2917" lon="-111.65843">
        <ele>1448.4</ele>
      </trkpt>
      <trkpt lat="40.29182" lon="-111.65844">
        <ele>1448.4</ele>
      </trkpt>
      <trkpt lat="40.29189" lon="-111.65844">
        <ele>1448.4</ele>
      </trkpt>
      <trkpt lat="40.29195" lon="-111.65845">
        <ele>1448.3</ele>
      </trkpt>
      <trkpt lat="40.29203" lon="-111.65843">
        <ele>1448.4</ele>
      </trkpt>
      <trkpt lat="40.29215" lon="-111.65841">
        <ele>1448.3</ele>
      </trkpt>
      <trkpt lat="40.29234" lon="-111.65837">
        <ele>1448.3</ele>
      </trkpt>
      <trkpt lat="40.29234" lon="-111.65835">
        <ele>1448.3</ele>
      </trkpt>
      <trkpt lat="40.29248" lon="-111.65831">
        <ele>1448.3</ele>
      </trkpt>
      <trkpt lat="40.29256" lon="-111.65831">
        <ele>1448.1</ele>
      </trkpt>
      <trkpt lat="40.29263" lon="-111.65831">
        <ele>1448.0</ele>
      </trkpt>
      <trkpt lat="40.29272" lon="-111.65829">
        <ele>1447.8</ele>
      </trkpt>
      <trkpt lat="40.29274" lon="-111.65829">
        <ele>1447.7</ele>
      </trkpt>
      <trkpt lat="40.29298" lon="-111.6582">
        <ele>1447.2</ele>
      </trkpt>
      <trkpt lat="40.29305" lon="-111.65818">
        <ele>1447.1</ele>
      </trkpt>
      <trkpt lat="40.29309" lon="-111.65817">
        <ele>1447.0</ele>
      </trkpt>
      <trkpt lat="40.29312" lon="-111.65816">
        <ele>1447.0</ele>
      </trkpt>
      <trkpt lat="40.2933" lon="-111.65815">
        <ele>1446.6</ele>
      </trkpt>
      <trkpt lat="40.2934" lon="-111.65813">
        <ele>1446.4</ele>
      </trkpt>
      <trkpt lat="40.29346" lon="-111.65812">
        <ele>1446.2</ele>
      </trkpt>
      <trkpt lat="40.29354" lon="-111.65808">
        <ele>1445.9</ele>
      </trkpt>
      <trkpt lat="40.29357" lon="-111.65806">
        <ele>1445.9</ele>
      </trkpt>
      <trkpt lat="40.29365" lon="-111.65807">
        <ele>1445.8</ele>
      </trkpt>
      <trkpt lat="40.29372" lon="-111.65806">
        <ele>1445.9</ele>
      </trkpt>
      <trkpt lat="40.2939" lon="-111.65797">
        <ele>1446.1</ele>
      </trkpt>
      <trkpt lat="40.29402" lon="-111.65792">
        <ele>1446.2</ele>
      </trkpt>
      <trkpt lat="40.29405" lon="-111.65791">
        <ele>1446.3</ele>
      </trkpt>
      <trkpt lat="40.29409" lon="-111.65791">
        <ele>1446.3</ele>
      </trkpt>
      <trkpt lat="40.29413" lon="-111.65792">
        <ele>1446.3</ele>
      </trkpt>
      <trkpt lat="40.29414" lon="-111.65792">
        <ele>1446.3</ele>
      </trkpt>
      <trkpt lat="40.29418" lon="-111.65794">
        <ele>1446.3</ele>
      </trkpt>
      <trkpt lat="40.29422" lon="-111.65796">
        <ele>1446.4</ele>
      </trkpt>
      <trkpt lat="40.29429" lon="-111.65799">
        <ele>1446.5</ele>
      </trkpt>
      <trkpt lat="40.29434" lon="-111.658">
        <ele>1446.6</ele>
      </trkpt>
      <trkpt lat="40.29437" lon="-111.658">
        <ele>1446.7</ele>
      </trkpt>
      <trkpt lat="40.2944" lon="-111.65799">
        <ele>1446.8</ele>
      </trkpt>
      <trkpt lat="40.29444" lon="-111.65798">
        <ele>1446.9</ele>
      </trkpt>
      <trkpt lat="40.29448" lon="-111.65796">
        <ele>1447.0</ele>
      </trkpt>
      <trkpt lat="40.29451" lon="-111.65793">
        <ele>1447.0</ele>
      </trkpt>
      <trkpt lat="40.29455" lon="-111.65791">
        <ele>1447.1</ele>
      </trkpt>
      <trkpt lat="40.29465" lon="-111.65787">
        <ele>1447.4</ele>
      </trkpt>
      <trkpt lat="40.29476" lon="-111.65784">
        <ele>1448.0</ele>
      </trkpt>
      <trkpt lat="40.29482" lon="-111.65783">
        <ele>1448.2</ele>
      </trkpt>
      <trkpt lat="40.29487" lon="-111.65782">
        <ele>1448.4</ele>
      </trkpt>
      <trkpt lat="40.29491" lon="-111.65782">
        <ele>1448.6</ele>
      </trkpt>
      <trkpt lat="40.29496" lon="-111.65783">
        <ele>1448.7</ele>
      </trkpt>
      <trkpt lat="40.29504" lon="-111.65785">
        <ele>1448.9</ele>
      </trkpt>
      <trkpt lat="40.29509" lon="-111.65785">
        <ele>1449.0</ele>
      </trkpt>
      <trkpt lat="40.29513" lon="-111.65785">
        <ele>1449.1</ele>
      </trkpt>
      <trkpt lat="40.2952" lon="-111.65782">
        <ele>1449.2</ele>
      </trkpt>
      <trkpt lat="40.29535" lon="-111.65775">
        <ele>1449.5</ele>
      </trkpt>
      <trkpt lat="40.29542" lon="-111.65772">
        <ele>1449.6</ele>
      </trkpt>
      <trkpt lat="40.29549" lon="-111.6577">
        <ele>1449.7</ele>
      </trkpt>
      <trkpt lat="40.29552" lon="-111.6577">
        <ele>1449.7</ele>
      </trkpt>
      <trkpt lat="40.29559" lon="-111.65769">
        <ele>1449.8</ele>
      </trkpt>
      <trkpt lat="40.29572" lon="-111.65769">
        <ele>1449.8</ele>
      </trkpt>
      <trkpt lat="40.29581" lon="-111.65768">
        <ele>1449.8</ele>
      </trkpt>
      <trkpt lat="40.2959" lon="-111.65767">
        <ele>1449.8</ele>
      </trkpt>
      <trkpt lat="40.296" lon="-111.65765">
        <ele>1449.9</ele>
      </trkpt>
      <trkpt lat="40.29607" lon="-111.65761">
        <ele>1449.9</ele>
      </trkpt>
      <trkpt lat="40.29619" lon="-111.65755">
        <ele>1450.0</ele>
      </trkpt>
      <trkpt lat="40.29626" lon="-111.6575">
        <ele>1450.0</ele>
      </trkpt>
      <trkpt lat="40.29629" lon="-111.65749">
        <ele>1450.0</ele>
      </trkpt>
      <trkpt lat="40.29631" lon="-111.65748">
        <ele>1450.0</ele>
      </trkpt>
      <trkpt lat="40.2964" lon="-111.65746">
        <ele>1450.1</ele>
      </trkpt>
      <trkpt lat="40.29646" lon="-111.65744">
        <ele>1450.1</ele>
      </trkpt>
      <trkpt lat="40.29648" lon="-111.65744">
        <ele>1450.1</ele>
      </trkpt>
      <trkpt lat="40.2965" lon="-111.65744">
        <ele>1450.1</ele>
      </trkpt>
      <trkpt lat="40.29672" lon="-111.65748">
        <ele>1450.0</ele>
      </trkpt>
      <trkpt lat="40.29676" lon="-111.65748">
        <ele>1450.0</ele>
      </trkpt>
      <trkpt lat="40.29678" lon="-111.65748">
        <ele>1450.0</ele>
      </trkpt>
      <trkpt lat="40.29681" lon="-111.65746">
        <ele>1450.0</ele>
      </trkpt>
      <trkpt lat="40.29684" lon="-111.65744">
        <ele>1450.0</ele>
      </trkpt>
      <trkpt lat="40.29688" lon="-111.6574">
        <ele>1450.1</ele>
      </trkpt>
      <trkpt lat="40.29693" lon="-111.65738">
        <ele>1450.1</ele>
      </trkpt>
      <trkpt lat="40.29697" lon="-111.65736">
        <ele>1450.2</ele>
      </trkpt>
      <trkpt lat="40.29701" lon="-111.65734">
        <ele>1450.2</ele>
      </trkpt>
      <trkpt lat="40.29704" lon="-111.65733">
        <ele>1450.2</ele>
      </trkpt>
      <trkpt lat="40.29708" lon="-111.65734">
        <ele>1450.2</ele>
      </trkpt>
      <trkpt lat="40.29713" lon="-111.65735">
        <ele>1450.2</ele>
      </trkpt>
      <trkpt lat="40.29718" lon="-111.65737">
        <ele>1450.2</ele>
      </trkpt>
      <trkpt lat="40.29722" lon="-111.65738">
        <ele>1450.2</ele>
      </trkpt>
      <trkpt lat="40.29726" lon="-111.65739">
        <ele>1450.2</ele>
      </trkpt>
      <trkpt lat="40.2973" lon="-111.65739">
        <ele>1450.2</ele>
      </trkpt>
      <trkpt lat="40.29734" lon="-111.65739">
        <ele>1450.2</ele>
      </trkpt>
      <trkpt lat="40.29737" lon="-111.65739">
        <ele>1450.2</ele>
      </trkpt>
      <trkpt lat="40.29737" lon="-111.65739">
        <ele>1450.2</ele>
      </trkpt>
      <trkpt lat="40.29745" lon="-111.65732">
        <ele>1450.2</ele>
      </trkpt>
      <trkpt lat="40.29748" lon="-111.65729">
        <ele>1450.3</ele>
      </trkpt>
      <trkpt lat="40.29751" lon="-111.65727">
        <ele>1450.3</ele>
      </trkpt>
      <trkpt lat="40.29754" lon="-111.65725">
        <ele>1450.3</ele>
      </trkpt>
      <trkpt lat="40.29766" lon="-111.65722">
        <ele>1450.4</ele>
      </trkpt>
      <trkpt lat="40.29773" lon="-111.65721">
        <ele>1450.5</ele>
      </trkpt>
      <trkpt lat="40.29778" lon="-111.6572">
        <ele>1450.5</ele>
      </trkpt>
      <trkpt lat="40.29781" lon="-111.65721">
        <ele>1450.6</ele>
      </trkpt>
      <trkpt lat="40.29783" lon="-111.65723">
        <ele>1450.6</ele>
      </trkpt>
      <trkpt lat="40.29784" lon="-111.65724">
        <ele>1450.6</ele>
      </trkpt>
      <trkpt lat="40.29791" lon="-111.65726">
        <ele>1450.7</ele>
      </trkpt>
      <trkpt lat="40.29805" lon="-111.65729">
        <ele>1451.0</ele>
      </trkpt>
      <trkpt lat="40.29818" lon="-111.6573">
        <ele>1451.2</ele>
      </trkpt>
      <trkpt lat="40.2983" lon="-111.65729">
        <ele>1451.5</ele>
      </trkpt>
      <trkpt lat="40.29852" lon="-111.65727">
        <ele>1451.6</ele>
      </trkpt>
      <trkpt lat="40.29856" lon="-111.65726">
        <ele>1451.7</ele>
      </trkpt>
      <trkpt lat="40.29856" lon="-111.65726">
        <ele>1451.7</ele>
      </trkpt>
      <trkpt lat="40.29858" lon="-111.65726">
        <ele>1451.8</ele>
      </trkpt>
      <trkpt lat="40.29862" lon="-111.65723">
        <ele>1451.9</ele>
      </trkpt>
      <trkpt lat="40.29866" lon="-111.65715">
        <ele>1452.2</ele>
      </trkpt>
      <trkpt lat="40.29869" lon="-111.65708">
        <ele>1452.4</ele>
      </trkpt>
      <trkpt lat="40.29875" lon="-111.65703">
        <ele>1452.6</ele>
      </trkpt>
      <trkpt lat="40.29882" lon="-111.657">
        <ele>1452.8</ele>
      </trkpt>
      <trkpt lat="40.29891" lon="-111.65697">
        <ele>1453.2</ele>
      </trkpt>
      <trkpt lat="40.29898" lon="-111.65697">
        <ele>1453.4</ele>
      </trkpt>
      <trkpt lat="40.29904" lon="-111.65699">
        <ele>1453.5</ele>
      </trkpt>
      <trkpt lat="40.29913" lon="-111.65708">
        <ele>1453.9</ele>
      </trkpt>
      <trkpt lat="40.2992" lon="-111.65708">
        <ele>1454.1</ele>
      </trkpt>
      <trkpt lat="40.29927" lon="-111.65708">
        <ele>1454.3</ele>
      </trkpt>
      <trkpt lat="40.29943" lon="-111.65705">
        <ele>1454.8</ele>
      </trkpt>
      <trkpt lat="40.29951" lon="-111.65702">
        <ele>1455.2</ele>
      </trkpt>
      <trkpt lat="40.29956" lon="-111.65699">
        <ele>1455.5</ele>
      </trkpt>
      <trkpt lat="40.29961" lon="-111.65697">
        <ele>1455.7</ele>
      </trkpt>
      <trkpt lat="40.29965" lon="-111.65697">
        <ele>1455.9</ele>
      </trkpt>
      <trkpt lat="40.29995" lon="-111.65694">
        <ele>1456.9</ele>
      </trkpt>
      <trkpt lat="40.3001" lon="-111.65692">
        <ele>1457.2</ele>
      </trkpt>
      <trkpt lat="40.30021" lon="-111.65687">
        <ele>1457.6</ele>
      </trkpt>
      <trkpt lat="40.30033" lon="-111.65682">
        <ele>1457.9</ele>
      </trkpt>
      <trkpt lat="40.30041" lon="-111.6568">
        <ele>1458.0</ele>
      </trkpt>
      <trkpt lat="40.30049" lon="-111.65679">
        <ele>1458.1</ele>
      </trkpt>
      <trkpt lat="40.30054" lon="-111.65678">
        <ele>1458.1</ele>
      </trkpt>
      <trkpt lat="40.30059" lon="-111.65678">
        <ele>1458.2</ele>
      </trkpt>
      <trkpt lat="40.30071" lon="-111.65677">
        <ele>1458.3</ele>
      </trkpt>
      <trkpt lat="40.30079" lon="-111.65675">
        <ele>1458.4</ele>
      </trkpt>
      <trkpt lat="40.30087" lon="-111.65673">
        <ele>1458.5</ele>
      </trkpt>
      <trkpt lat="40.30111" lon="-111.65664">
        <ele>1458.9</ele>
      </trkpt>
      <trkpt lat="40.30124" lon="-111.6566">
        <ele>1459.1</ele>
      </trkpt>
      <trkpt lat="40.30137" lon="-111.65657">
        <ele>1459.3</ele>
      </trkpt>
      <trkpt lat="40.30143" lon="-111.65656">
        <ele>1459.3</ele>
      </trkpt>
      <trkpt lat="40.30151" lon="-111.65655">
        <ele>1459.3</ele>
      </trkpt>
      <trkpt lat="40.3016" lon="-111.65655">
        <ele>1459.3</ele>
      </trkpt>
      <trkpt lat="40.3017" lon="-111.65654">
        <ele>1459.4</ele>
      </trkpt>
      <trkpt lat="40.30176" lon="-111.65653">
        <ele>1459.4</ele>
      </trkpt>
      <trkpt lat="40.30181" lon="-111.65652">
        <ele>1459.4</ele>
      </trkpt>
      <trkpt lat="40.30188" lon="-111.65649">
        <ele>1459.5</ele>
      </trkpt>
      <trkpt lat="40.30199" lon="-111.65642">
        <ele>1459.7</ele>
      </trkpt>
      <trkpt lat="40.30211" lon="-111.65637">
        <ele>1459.9</ele>
      </trkpt>
      <trkpt lat="40.30215" lon="-111.65635">
        <ele>1459.9</ele>
      </trkpt>
      <trkpt lat="40.30219" lon="-111.65635">
        <ele>1459.9</ele>
      </trkpt>
      <trkpt lat="40.30228" lon="-111.65635">
        <ele>1459.9</ele>
      </trkpt>
      <trkpt lat="40.30237" lon="-111.65635">
        <ele>1459.9</ele>
      </trkpt>
      <trkpt lat="40.30241" lon="-111.65634">
        <ele>1460.0</ele>
      </trkpt>
      <trkpt lat="40.30245" lon="-111.65631">
        <ele>1460.0</ele>
      </trkpt>
      <trkpt lat="40.30251" lon="-111.65626">
        <ele>1460.2</ele>
      </trkpt>
      <trkpt lat="40.30256" lon="-111.65621">
        <ele>1460.3</ele>
      </trkpt>
      <trkpt lat="40.30259" lon="-111.65617">
        <ele>1460.4</ele>
      </trkpt>
      <trkpt lat="40.30264" lon="-111.65615">
        <ele>1460.5</ele>
      </trkpt>
      <trkpt lat="40.30269" lon="-111.65613">
        <ele>1460.5</ele>
      </trkpt>
      <trkpt lat="40.30276" lon="-111.65611">
        <ele>1460.5</ele>
      </trkpt>
      <trkpt lat="40.30287" lon="-111.65607">
        <ele>1460.6</ele>
      </trkpt>
      <trkpt lat="40.30291" lon="-111.65607">
        <ele>1460.6</ele>
      </trkpt>
      <trkpt lat="40.30295" lon="-111.65608">
        <ele>1460.6</ele>
      </trkpt>
      <trkpt lat="40.30298" lon="-111.6561">
        <ele>1460.5</ele>
      </trkpt>
      <trkpt lat="40.30302" lon="-111.65612">
        <ele>1460.4</ele>
      </trkpt>
      <trkpt lat="40.30307" lon="-111.65613">
        <ele>1460.3</ele>
      </trkpt>
      <trkpt lat="40.30316" lon="-111.65614">
        <ele>1460.2</ele>
      </trkpt>
      <trkpt lat="40.30326" lon="-111.65617">
        <ele>1460.2</ele>
      </trkpt>
      <trkpt lat="40.30331" lon="-111.65617">
        <ele>1460.2</ele>
      </trkpt>
      <trkpt lat="40.30335" lon="-111.65617">
        <ele>1460.2</ele>
      </trkpt>
      <trkpt lat="40.3034" lon="-111.65616">
        <ele>1460.2</ele>
      </trkpt>
      <trkpt lat="40.30345" lon="-111.65615">
        <ele>1460.2</ele>
      </trkpt>
      <trkpt lat="40.3035" lon="-111.65613">
        <ele>1460.2</ele>
      </trkpt>
      <trkpt lat="40.30357" lon="-111.6561">
        <ele>1460.2</ele>
      </trkpt>
      <trkpt lat="40.30365" lon="-111.65606">
        <ele>1460.3</ele>
      </trkpt>
      <trkpt lat="40.3037" lon="-111.65603">
        <ele>1460.3</ele>
      </trkpt>
      <trkpt lat="40.30375" lon="-111.65602">
        <ele>1460.3</ele>
      </trkpt>
      <trkpt lat="40.30377" lon="-111.65601">
        <ele>1460.3</ele>
      </trkpt>
      <trkpt lat="40.30379" lon="-111.65601">
        <ele>1460.2</ele>
      </trkpt>
      <trkpt lat="40.30382" lon="-111.65601">
        <ele>1460.1</ele>
      </trkpt>
      <trkpt lat="40.30385" lon="-111.65601">
        <ele>1460.1</ele>
      </trkpt>
      <trkpt lat="40.30389" lon="-111.65602">
        <ele>1459.9</ele>
      </trkpt>
      <trkpt lat="40.30395" lon="-111.65604">
        <ele>1459.7</ele>
      </trkpt>
      <trkpt lat="40.30399" lon="-111.65605">
        <ele>1459.6</ele>
      </trkpt>
      <trkpt lat="40.30402" lon="-111.65605">
        <ele>1459.6</ele>
      </trkpt>
      <trkpt lat="40.30405" lon="-111.65604">
        <ele>1459.5</ele>
      </trkpt>
      <trkpt lat="40.30413" lon="-111.65595">
        <ele>1459.7</ele>
      </trkpt>
      <trkpt lat="40.30417" lon="-111.65593">
        <ele>1459.7</ele>
      </trkpt>
      <trkpt lat="40.30421" lon="-111.65592">
        <ele>1459.6</ele>
      </trkpt>
      <trkpt lat="40.30429" lon="-111.6559">
        <ele>1459.3</ele>
      </trkpt>
      <trkpt lat="40.30463" lon="-111.65582">
        <ele>1458.3</ele>
      </trkpt>
      <trkpt lat="40.30488" lon="-111.65577">
        <ele>1458.1</ele>
      </trkpt>
      <trkpt lat="40.30516" lon="-111.65571">
        <ele>1458.4</ele>
      </trkpt>
      <trkpt lat="40.30534" lon="-111.65567">
        <ele>1458.6</ele>
      </trkpt>
      <trkpt lat="40.30547" lon="-111.65564">
        <ele>1458.9</ele>
      </trkpt>
      <trkpt lat="40.3057" lon="-111.65561">
        <ele>1459.7</ele>
      </trkpt>
      <trkpt lat="40.30588" lon="-111.65558">
        <ele>1460.4</ele>
      </trkpt>
      <trkpt lat="40.30601" lon="-111.65556">
        <ele>1460.8</ele>
      </trkpt>
      <trkpt lat="40.30627" lon="-111.65552">
        <ele>1461.8</ele>
      </trkpt>
      <trkpt lat="40.30654" lon="-111.65549">
        <ele>1462.6</ele>
      </trkpt>
      <trkpt lat="40.30677" lon="-111.65549">
        <ele>1463.0</ele>
      </trkpt>
      <trkpt lat="40.307" lon="-111.65549">
        <ele>1463.1</ele>
      </trkpt>
      <trkpt lat="40.30749" lon="-111.65547">
        <ele>1462.9</ele>
      </trkpt>
      <trkpt lat="40.30753" lon="-111.65547">
        <ele>1462.9</ele>
      </trkpt>
      <trkpt lat="40.30757" lon="-111.65548">
        <ele>1462.9</ele>
      </trkpt>
      <trkpt lat="40.30761" lon="-111.65548">
        <ele>1462.9</ele>
      </trkpt>
      <trkpt lat="40.30767" lon="-111.6555">
        <ele>1463.0</ele>
      </trkpt>
      <trkpt lat="40.30769" lon="-111.65552">
        <ele>1463.0</ele>
      </trkpt>
      <trkpt lat="40.30772" lon="-111.65553">
        <ele>1463.0</ele>
      </trkpt>
      <trkpt lat="40.30777" lon="-111.65553">
        <ele>1463.0</ele>
      </trkpt>
      <trkpt lat="40.30785" lon="-111.65554">
        <ele>1463.1</ele>
      </trkpt>
      <trkpt lat="40.30802" lon="-111.65556">
        <ele>1463.3</ele>
      </trkpt>
      <trkpt lat="40.30814" lon="-111.65556">
        <ele>1463.4</ele>
      </trkpt>
      <trkpt lat="40.3082" lon="-111.65557">
        <ele>1463.4</ele>
      </trkpt>
      <trkpt lat="40.30838" lon="-111.65558">
        <ele>1463.4</ele>
      </trkpt>
      <trkpt lat="40.30844" lon="-111.65558">
        <ele>1463.5</ele>
      </trkpt>
      <trkpt lat="40.3085" lon="-111.65558">
        <ele>1463.5</ele>
      </trkpt>
      <trkpt lat="40.30856" lon="-111.65556">
        <ele>1463.7</ele>
      </trkpt>
      <trkpt lat="40.30859" lon="-111.65555">
        <ele>1463.7</ele>
      </trkpt>
      <trkpt lat="40.30883" lon="-111.65558">
        <ele>1464.3</ele>
      </trkpt>
      <trkpt lat="40.3091" lon="-111.65562">
        <ele>1464.6</ele>
      </trkpt>
      <trkpt lat="40.30945" lon="-111.65569">
        <ele>1465.9</ele>
      </trkpt>
      <trkpt lat="40.30946" lon="-111.65569">
        <ele>1465.9</ele>
      </trkpt>
      <trkpt lat="40.30991" lon="-111.65581">
        <ele>1466.8</ele>
      </trkpt>
      <trkpt lat="40.30994" lon="-111.65582">
        <ele>1466.8</ele>
      </trkpt>
      <trkpt lat="40.30998" lon="-111.65584">
        <ele>1466.8</ele>
      </trkpt>
      <trkpt lat="40.31001" lon="-111.65584">
        <ele>1466.8</ele>
      </trkpt>
      <trkpt lat="40.31016" lon="-111.65588">
        <ele>1466.9</ele>
      </trkpt>
      <trkpt lat="40.31048" lon="-111.65596">
        <ele>1467.1</ele>
      </trkpt>
      <trkpt lat="40.31052" lon="-111.65597">
        <ele>1467.1</ele>
      </trkpt>
      <trkpt lat="40.31066" lon="-111.65601">
        <ele>1467.1</ele>
      </trkpt>
      <trkpt lat="40.31069" lon="-111.65602">
        <ele>1467.1</ele>
      </trkpt>
      <trkpt lat="40.31086" lon="-111.65606">
        <ele>1467.1</ele>
      </trkpt>
      <trkpt lat="40.31113" lon="-111.65612">
        <ele>1467.1</ele>
      </trkpt>
      <trkpt lat="40.31129" lon="-111.65616">
        <ele>1467.2</ele>
      </trkpt>
      <trkpt lat="40.31146" lon="-111.65617">
        <ele>1467.6</ele>
      </trkpt>
      <trkpt lat="40.31153" lon="-111.65617">
        <ele>1467.8</ele>
      </trkpt>
      <trkpt lat="40.31161" lon="-111.65616">
        <ele>1468.1</ele>
      </trkpt>
      <trkpt lat="40.31176" lon="-111.65612">
        <ele>1468.7</ele>
      </trkpt>
      <trkpt lat="40.31187" lon="-111.65609">
        <ele>1469.1</ele>
      </trkpt>
      <trkpt lat="40.31193" lon="-111.65608">
        <ele>1469.2</ele>
      </trkpt>
      <trkpt lat="40.31204" lon="-111.65605">
        <ele>1469.5</ele>
      </trkpt>
      <trkpt lat="40.31211" lon="-111.65604">
        <ele>1469.6</ele>
      </trkpt>
      <trkpt lat="40.31228" lon="-111.65601">
        <ele>1469.9</ele>
      </trkpt>
      <trkpt lat="40.31232" lon="-111.656">
        <ele>1470.0</ele>
      </trkpt>
      <trkpt lat="40.31238" lon="-111.656">
        <ele>1470.1</ele>
      </trkpt>
      <trkpt lat="40.31241" lon="-111.656">
        <ele>1470.1</ele>
      </trkpt>
      <trkpt lat="40.31244" lon="-111.65601">
        <ele>1470.2</ele>
      </trkpt>
      <trkpt lat="40.31246" lon="-111.65602">
        <ele>1470.2</ele>
      </trkpt>
      <trkpt lat="40.3125" lon="-111.65603">
        <ele>1470.3</ele>
      </trkpt>
      <trkpt lat="40.31255" lon="-111.65606">
        <ele>1470.7</ele>
      </trkpt>
      <trkpt lat="40.3126" lon="-111.65609">
        <ele>1471.1</ele>
      </trkpt>
      <trkpt lat="40.31263" lon="-111.65611">
        <ele>1471.5</ele>
      </trkpt>
      <trkpt lat="40.31265" lon="-111.65613">
        <ele>1471.7</ele>
      </trkpt>
      <trkpt lat="40.31272" lon="-111.65619">
        <ele>1472.8</ele>
      </trkpt>
      <trkpt lat="40.31273" lon="-111.6562">
        <ele>1472.9</ele>
      </trkpt>
      <trkpt lat="40.31277" lon="-111.65625">
        <ele>1473.2</ele>
      </trkpt>
      <trkpt lat="40.31278" lon="-111.65626">
        <ele>1473.2</ele>
      </trkpt>
      <trkpt lat="40.31283" lon="-111.65633">
        <ele>1472.7</ele>
      </trkpt>
      <trkpt lat="40.31286" lon="-111.65639">
        <ele>1472.0</ele>
      </trkpt>
      <trkpt lat="40.31289" lon="-111.65646">
        <ele>1471.1</ele>
      </trkpt>
      <trkpt lat="40.31293" lon="-111.65657">
        <ele>1471.0</ele>
      </trkpt>
      <trkpt lat="40.31294" lon="-111.6566">
        <ele>1471.0</ele>
      </trkpt>
      <trkpt lat="40.31296" lon="-111.65663">
        <ele>1471.0</ele>
      </trkpt>
      <trkpt lat="40.31297" lon="-111.65663">
        <ele>1471.0</ele>
      </trkpt>
      <trkpt lat="40.31299" lon="-111.65665">
        <ele>1471.0</ele>
      </trkpt>
      <trkpt lat="40.31301" lon="-111.65666">
        <ele>1471.0</ele>
      </trkpt>
      <trkpt lat="40.31305" lon="-111.65666">
        <ele>1471.0</ele>
      </trkpt>
      <trkpt lat="40.31308" lon="-111.65665">
        <ele>1471.0</ele>
      </trkpt>
      <trkpt lat="40.31309" lon="-111.65665">
        <ele>1471.0</ele>
      </trkpt>
      <trkpt lat="40.31313" lon="-111.65663">
        <ele>1471.0</ele>
      </trkpt>
      <trkpt lat="40.31314" lon="-111.65663">
        <ele>1471.0</ele>
      </trkpt>
      <trkpt lat="40.31317" lon="-111.65661">
        <ele>1471.0</ele>
      </trkpt>
      <trkpt lat="40.31322" lon="-111.65659">
        <ele>1471.0</ele>
      </trkpt>
      <trkpt lat="40.31326" lon="-111.65657">
        <ele>1471.0</ele>
      </trkpt>
      <trkpt lat="40.31328" lon="-111.65656">
        <ele>1471.0</ele>
      </trkpt>
      <trkpt lat="40.31331" lon="-111.65655">
        <ele>1471.0</ele>
      </trkpt>
      <trkpt lat="40.31336" lon="-111.65652">
        <ele>1471.2</ele>
      </trkpt>
      <trkpt lat="40.3134" lon="-111.6565">
        <ele>1471.3</ele>
      </trkpt>
      <trkpt lat="40.31342" lon="-111.65647">
        <ele>1471.4</ele>
      </trkpt>
      <trkpt lat="40.31344" lon="-111.65644">
        <ele>1471.5</ele>
      </trkpt>
      <trkpt lat="40.31348" lon="-111.65625">
        <ele>1472.1</ele>
      </trkpt>
      <trkpt lat="40.31349" lon="-111.65621">
        <ele>1472.2</ele>
      </trkpt>
      <trkpt lat="40.3135" lon="-111.65618">
        <ele>1472.2</ele>
      </trkpt>
      <trkpt lat="40.31351" lon="-111.65609">
        <ele>1472.3</ele>
      </trkpt>
      <trkpt lat="40.31353" lon="-111.65603">
        <ele>1472.4</ele>
      </trkpt>
      <trkpt lat="40.31353" lon="-111.65603">
        <ele>1472.4</ele>
      </trkpt>
      <trkpt lat="40.31358" lon="-111.65608">
        <ele>1472.3</ele>
      </trkpt>
      <trkpt lat="40.31359" lon="-111.6561">
        <ele>1472.2</ele>
      </trkpt>
      <trkpt lat="40.31359" lon="-111.65614">
        <ele>1472.2</ele>
      </trkpt>
      <trkpt lat="40.31359" lon="-111.65631">
        <ele>1472.6</ele>
      </trkpt>
      <trkpt lat="40.3136" lon="-111.65639">
        <ele>1472.9</ele>
      </trkpt>
      <trkpt lat="40.31362" lon="-111.65674">
        <ele>1473.8</ele>
      </trkpt>
      <trkpt lat="40.31363" lon="-111.6568">
        <ele>1474.0</ele>
      </trkpt>
      <trkpt lat="40.31364" lon="-111.65698">
        <ele>1474.5</ele>
      </trkpt>
      <trkpt lat="40.31364" lon="-111.65706">
        <ele>1474.8</ele>
      </trkpt>
      <trkpt lat="40.31364" lon="-111.65706">
        <ele>1474.8</ele>
      </trkpt>
      <trkpt lat="40.31362" lon="-111.6571">
        <ele>1474.9</ele>
      </trkpt>
      <trkpt lat="40.31359" lon="-111.65712">
        <ele>1474.9</ele>
      </trkpt>
      <trkpt lat="40.31356" lon="-111.65714">
        <ele>1474.9</ele>
      </trkpt>
      <trkpt lat="40.3135" lon="-111.65718">
        <ele>1474.9</ele>
      </trkpt>
      <trkpt lat="40.31346" lon="-111.6572">
        <ele>1474.9</ele>
      </trkpt>
      <trkpt lat="40.31344" lon="-111.65722">
        <ele>1475.0</ele>
      </trkpt>
      <trkpt lat="40.31342" lon="-111.65723">
        <ele>1475.0</ele>
      </trkpt>
      <trkpt lat="40.31342" lon="-111.65762">
        <ele>1475.3</ele>
      </trkpt>
      <trkpt lat="40.31343" lon="-111.65773">
        <ele>1475.3</ele>
      </trkpt>
      <trkpt lat="40.31342" lon="-111.65779">
        <ele>1475.3</ele>
      </trkpt>
      <trkpt lat="40.3134" lon="-111.65798">
        <ele>1475.5</ele>
      </trkpt>
      <trkpt lat="40.31335" lon="-111.65834">
        <ele>1475.9</ele>
      </trkpt>
      <trkpt lat="40.31333" lon="-111.65841">
        <ele>1476.0</ele>
      </trkpt>
      <trkpt lat="40.31333" lon="-111.65845">
        <ele>1476.0</ele>
      </trkpt>
      <trkpt lat="40.31332" lon="-111.65847">
        <ele>1476.1</ele>
      </trkpt>
      <trkpt lat="40.31331" lon="-111.65853">
        <ele>1476.1</ele>
      </trkpt>
      <trkpt lat="40.31327" lon="-111.65868">
        <ele>1476.2</ele>
      </trkpt>
      <trkpt lat="40.31322" lon="-111.6589">
        <ele>1476.2</ele>
      </trkpt>
      <trkpt lat="40.31317" lon="-111.65905">
        <ele>1476.3</ele>
      </trkpt>
      <trkpt lat="40.31313" lon="-111.65918">
        <ele>1476.2</ele>
      </trkpt>
      <trkpt lat="40.31311" lon="-111.65923">
        <ele>1476.1</ele>
      </trkpt>
      <trkpt lat="40.3131" lon="-111.65924">
        <ele>1476.1</ele>
      </trkpt>
      <trkpt lat="40.31307" lon="-111.65928">
        <ele>1476.2</ele>
      </trkpt>
      <trkpt lat="40.313" lon="-111.65938">
        <ele>1476.1</ele>
      </trkpt>
      <trkpt lat="40.31266" lon="-111.65998">
        <ele>1476.6</ele>
      </trkpt>
      <trkpt lat="40.31255" lon="-111.66016">
        <ele>1476.6</ele>
      </trkpt>
      <trkpt lat="40.31245" lon="-111.66038">
        <ele>1476.8</ele>
      </trkpt>
      <trkpt lat="40.31236" lon="-111.66058">
        <ele>1477.1</ele>
      </trkpt>
      <trkpt lat="40.31235" lon="-111.66061">
        <ele>1477.1</ele>
      </trkpt>
      <trkpt lat="40.31227" lon="-111.66089">
        <ele>1477.6</ele>
      </trkpt>
      <trkpt lat="40.31222" lon="-111.66113">
        <ele>1478.0</ele>
      </trkpt>
      <trkpt lat="40.3122" lon="-111.66127">
        <ele>1478.0</ele>
      </trkpt>
      <trkpt lat="40.31217" lon="-111.66144">
        <ele>1477.9</ele>
      </trkpt>
      <trkpt lat="40.31217" lon="-111.66148">
        <ele>1477.9</ele>
      </trkpt>
      <trkpt lat="40.31216" lon="-111.66154">
        <ele>1477.9</ele>
      </trkpt>
      <trkpt lat="40.31214" lon="-111.66178">
        <ele>1477.9</ele>
      </trkpt>
      <trkpt lat="40.31212" lon="-111.66195">
        <ele>1477.8</ele>
      </trkpt>
      <trkpt lat="40.31212" lon="-111.66207">
        <ele>1477.8</ele>
      </trkpt>
      <trkpt lat="40.31212" lon="-111.66222">
        <ele>1477.9</ele>
      </trkpt>
      <trkpt lat="40.31213" lon="-111.66242">
        <ele>1478.1</ele>
      </trkpt>
      <trkpt lat="40.31211" lon="-111.6626">
        <ele>1478.3</ele>
      </trkpt>
      <trkpt lat="40.31211" lon="-111.66265">
        <ele>1478.3</ele>
      </trkpt>
      <trkpt lat="40.31212" lon="-111.66271">
        <ele>1478.5</ele>
      </trkpt>
      <trkpt lat="40.31212" lon="-111.66289">
        <ele>1479.4</ele>
      </trkpt>
      <trkpt lat="40.31212" lon="-111.66312">
        <ele>1480.8</ele>
      </trkpt>
      <trkpt lat="40.31212" lon="-111.66332">
        <ele>1481.7</ele>
      </trkpt>
      <trkpt lat="40.31212" lon="-111.66336">
        <ele>1481.9</ele>
      </trkpt>
      <trkpt lat="40.31213" lon="-111.6636">
        <ele>1482.5</ele>
      </trkpt>
      <trkpt lat="40.31214" lon="-111.66383">
        <ele>1482.5</ele>
      </trkpt>
      <trkpt lat="40.31217" lon="-111.66418">
        <ele>1482.1</ele>
      </trkpt>
      <trkpt lat="40.31216" lon="-111.66435">
        <ele>1481.6</ele>
      </trkpt>
      <trkpt lat="40.31217" lon="-111.66473">
        <ele>1481.6</ele>
      </trkpt>
      <trkpt lat="40.31216" lon="-111.66477">
        <ele>1481.7</ele>
      </trkpt>
      <trkpt lat="40.31215" lon="-111.66482">
        <ele>1481.8</ele>
      </trkpt>
      <trkpt lat="40.31214" lon="-111.66488">
        <ele>1481.9</ele>
      </trkpt>
      <trkpt lat="40.31214" lon="-111.66501">
        <ele>1482.3</ele>
      </trkpt>
      <trkpt lat="40.31213" lon="-111.66612">
        <ele>1482.6</ele>
      </trkpt>
      <trkpt lat="40.31213" lon="-111.66652">
        <ele>1482.6</ele>
      </trkpt>
      <trkpt lat="40.31213" lon="-111.66671">
        <ele>1482.7</ele>
      </trkpt>
      <trkpt lat="40.31215" lon="-111.66821">
        <ele>1480.9</ele>
      </trkpt>
      <trkpt lat="40.31217" lon="-111.66838">
        <ele>1480.3</ele>
      </trkpt>
      <trkpt lat="40.31217" lon="-111.66851">
        <ele>1479.7</ele>
      </trkpt>
      <trkpt lat="40.31216" lon="-111.66864">
        <ele>1478.9</ele>
      </trkpt>
      <trkpt lat="40.31218" lon="-111.66909">
        <ele>1478.0</ele>
      </trkpt>
      <trkpt lat="40.31216" lon="-111.6694">
        <ele>1477.4</ele>
      </trkpt>
      <trkpt lat="40.31213" lon="-111.66953">
        <ele>1477.0</ele>
      </trkpt>
      <trkpt lat="40.31212" lon="-111.66953">
        <ele>1477.0</ele>
      </trkpt>
      <trkpt lat="40.31211" lon="-111.66971">
        <ele>1476.5</ele>
      </trkpt>
      <trkpt lat="40.31211" lon="-111.66971">
        <ele>1476.5</ele>
      </trkpt>
      <trkpt lat="40.31217" lon="-111.66973">
        <ele>1476.6</ele>
      </trkpt>
      <trkpt lat="40.31223" lon="-111.66977">
        <ele>1476.6</ele>
      </trkpt>
      <trkpt lat="40.3124" lon="-111.66993">
        <ele>1476.5</ele>
      </trkpt>
      <trkpt lat="40.31259" lon="-111.67007">
        <ele>1476.5</ele>
      </trkpt>
      <trkpt lat="40.31268" lon="-111.67013">
        <ele>1476.5</ele>
      </trkpt>
      <trkpt lat="40.31278" lon="-111.67018">
        <ele>1476.5</ele>
      </trkpt>
      <trkpt lat="40.31288" lon="-111.67023">
        <ele>1476.6</ele>
      </trkpt>
      <trkpt lat="40.31298" lon="-111.67029">
        <ele>1476.6</ele>
      </trkpt>
      <trkpt lat="40.31317" lon="-111.67042">
        <ele>1476.6</ele>
      </trkpt>
      <trkpt lat="40.31334" lon="-111.67054">
        <ele>1476.5</ele>
      </trkpt>
      <trkpt lat="40.31392" lon="-111.67092">
        <ele>1476.5</ele>
      </trkpt>
      <trkpt lat="40.3143" lon="-111.67116">
        <ele>1476.6</ele>
      </trkpt>
      <trkpt lat="40.31468" lon="-111.6714">
        <ele>1476.6</ele>
      </trkpt>
      <trkpt lat="40.31544" lon="-111.6719">
        <ele>1476.5</ele>
      </trkpt>
      <trkpt lat="40.31551" lon="-111.67195">
        <ele>1476.4</ele>
      </trkpt>
      <trkpt lat="40.31557" lon="-111.67197">
        <ele>1476.3</ele>
      </trkpt>
      <trkpt lat="40.31563" lon="-111.67198">
        <ele>1476.3</ele>
      </trkpt>
      <trkpt lat="40.31571" lon="-111.672">
        <ele>1476.3</ele>
      </trkpt>
      <trkpt lat="40.31582" lon="-111.67201">
        <ele>1476.3</ele>
      </trkpt>
      <trkpt lat="40.31746" lon="-111.67203">
        <ele>1476.3</ele>
      </trkpt>
      <trkpt lat="40.31812" lon="-111.67203">
        <ele>1476.4</ele>
      </trkpt>
      <trkpt lat="40.3192" lon="-111.67204">
        <ele>1476.5</ele>
      </trkpt>
      <trkpt lat="40.31974" lon="-111.67204">
        <ele>1476.8</ele>
      </trkpt>
      <trkpt lat="40.31983" lon="-111.67204">
        <ele>1476.9</ele>
      </trkpt>
      <trkpt lat="40.31992" lon="-111.67204">
        <ele>1476.9</ele>
      </trkpt>
      <trkpt lat="40.3201" lon="-111.67203">
        <ele>1477.2</ele>
      </trkpt>
      <trkpt lat="40.32045" lon="-111.67203">
        <ele>1478.3</ele>
      </trkpt>
      <trkpt lat="40.32049" lon="-111.67204">
        <ele>1478.5</ele>
      </trkpt>
      <trkpt lat="40.32054" lon="-111.67205">
        <ele>1478.9</ele>
      </trkpt>
      <trkpt lat="40.32058" lon="-111.67208">
        <ele>1478.9</ele>
      </trkpt>
      <trkpt lat="40.32061" lon="-111.67211">
        <ele>1478.9</ele>
      </trkpt>
      <trkpt lat="40.32067" lon="-111.67218">
        <ele>1478.7</ele>
      </trkpt>
      <trkpt lat="40.3207" lon="-111.67223">
        <ele>1478.5</ele>
      </trkpt>
      <trkpt lat="40.32073" lon="-111.67229">
        <ele>1478.1</ele>
      </trkpt>
      <trkpt lat="40.32076" lon="-111.67235">
        <ele>1477.9</ele>
      </trkpt>
      <trkpt lat="40.32078" lon="-111.67245">
        <ele>1477.1</ele>
      </trkpt>
      <trkpt lat="40.32084" lon="-111.67276">
        <ele>1476.6</ele>
      </trkpt>
      <trkpt lat="40.32094" lon="-111.67331">
        <ele>1476.2</ele>
      </trkpt>
      <trkpt lat="40.32103" lon="-111.67371">
        <ele>1476.2</ele>
      </trkpt>
      <trkpt lat="40.32106" lon="-111.67381">
        <ele>1476.3</ele>
      </trkpt>
      <trkpt lat="40.32109" lon="-111.67389">
        <ele>1476.4</ele>
      </trkpt>
      <trkpt lat="40.32113" lon="-111.67398">
        <ele>1476.6</ele>
      </trkpt>
      <trkpt lat="40.32118" lon="-111.67408">
        <ele>1476.6</ele>
      </trkpt>
      <trkpt lat="40.32141" lon="-111.67445">
        <ele>1476.4</ele>
      </trkpt>
      <trkpt lat="40.32186" lon="-111.67518">
        <ele>1476.0</ele>
      </trkpt>
      <trkpt lat="40.32187" lon="-111.67528">
        <ele>1475.7</ele>
      </trkpt>
      <trkpt lat="40.32202" lon="-111.67548">
        <ele>1475.7</ele>
      </trkpt>
      <trkpt lat="40.32209" lon="-111.6756">
        <ele>1475.7</ele>
      </trkpt>
      <trkpt lat="40.32209" lon="-111.6756">
        <ele>1475.7</ele>
      </trkpt>
      <trkpt lat="40.3222" lon="-111.67586">
        <ele>1475.5</ele>
      </trkpt>
      <trkpt lat="40.32225" lon="-111.67594">
        <ele>1475.5</ele>
      </trkpt>
      <trkpt lat="40.32237" lon="-111.67613">
        <ele>1475.5</ele>
      </trkpt>
      <trkpt lat="40.32238" lon="-111.67615">
        <ele>1475.5</ele>
      </trkpt>
      <trkpt lat="40.32271" lon="-111.67667">
        <ele>1475.5</ele>
      </trkpt>
      <trkpt lat="40.32272" lon="-111.67666">
        <ele>1475.5</ele>
      </trkpt>
      <trkpt lat="40.32273" lon="-111.67668">
        <ele>1475.5</ele>
      </trkpt>
      <trkpt lat="40.32287" lon="-111.67693">
        <ele>1475.5</ele>
      </trkpt>
      <trkpt lat="40.32321" lon="-111.67754">
        <ele>1475.5</ele>
      </trkpt>
      <trkpt lat="40.32335" lon="-111.67777">
        <ele>1475.5</ele>
      </trkpt>
      <trkpt lat="40.32347" lon="-111.67793">
        <ele>1475.8</ele>
      </trkpt>
      <trkpt lat="40.32355" lon="-111.67798">
        <ele>1476.2</ele>
      </trkpt>
      <trkpt lat="40.32378" lon="-111.67834">
        <ele>1476.7</ele>
      </trkpt>
      <trkpt lat="40.32397" lon="-111.67862">
        <ele>1476.7</ele>
      </trkpt>
      <trkpt lat="40.32449" lon="-111.67928">
        <ele>1477.0</ele>
      </trkpt>
      <trkpt lat="40.32454" lon="-111.67939">
        <ele>1476.7</ele>
      </trkpt>
      <trkpt lat="40.32461" lon="-111.67965">
        <ele>1475.7</ele>
      </trkpt>
      <trkpt lat="40.32471" lon="-111.67981">
        <ele>1475.5</ele>
      </trkpt>
      <trkpt lat="40.32482" lon="-111.67991">
        <ele>1475.7</ele>
      </trkpt>
      <trkpt lat="40.3249" lon="-111.67995">
        <ele>1476.2</ele>
      </trkpt>
      <trkpt lat="40.32504" lon="-111.68005">
        <ele>1476.9</ele>
      </trkpt>
      <trkpt lat="40.32511" lon="-111.68013">
        <ele>1477.2</ele>
      </trkpt>
      <trkpt lat="40.32516" lon="-111.68023">
        <ele>1477.4</ele>
      </trkpt>
      <trkpt lat="40.3253" lon="-111.68083">
        <ele>1476.9</ele>
      </trkpt>
      <trkpt lat="40.32545" lon="-111.68144">
        <ele>1476.9</ele>
      </trkpt>
      <trkpt lat="40.32551" lon="-111.68162">
        <ele>1477.1</ele>
      </trkpt>
      <trkpt lat="40.32562" lon="-111.6819">
        <ele>1477.7</ele>
      </trkpt>
      <trkpt lat="40.32604" lon="-111.68279">
        <ele>1477.4</ele>
      </trkpt>
      <trkpt lat="40.32609" lon="-111.68293">
        <ele>1477.3</ele>
      </trkpt>
      <trkpt lat="40.32612" lon="-111.68308">
        <ele>1477.0</ele>
      </trkpt>
      <trkpt lat="40.32614" lon="-111.68329">
        <ele>1477.1</ele>
      </trkpt>
      <trkpt lat="40.32613" lon="-111.68344">
        <ele>1477.1</ele>
      </trkpt>
      <trkpt lat="40.32593" lon="-111.68449">
        <ele>1476.4</ele>
      </trkpt>
      <trkpt lat="40.32589" lon="-111.68474">
        <ele>1476.1</ele>
      </trkpt>
      <trkpt lat="40.3259" lon="-111.68491">
        <ele>1476.1</ele>
      </trkpt>
      <trkpt lat="40.32592" lon="-111.68506">
        <ele>1475.9</ele>
      </trkpt>
      <trkpt lat="40.32603" lon="-111.68549">
        <ele>1475.8</ele>
      </trkpt>
      <trkpt lat="40.32626" lon="-111.68617">
        <ele>1476.0</ele>
      </trkpt>
      <trkpt lat="40.3263" lon="-111.68628">
        <ele>1475.9</ele>
      </trkpt>
      <trkpt lat="40.32642" lon="-111.68646">
        <ele>1476.0</ele>
      </trkpt>
      <trkpt lat="40.32654" lon="-111.6865">
        <ele>1476.6</ele>
      </trkpt>
      <trkpt lat="40.32654" lon="-111.68677">
        <ele>1475.6</ele>
      </trkpt>
      <trkpt lat="40.3267" lon="-111.68676">
        <ele>1476.6</ele>
      </trkpt>
      <trkpt lat="40.32672" lon="-111.68684">
        <ele>1476.3</ele>
      </trkpt>
      <trkpt lat="40.32675" lon="-111.68688">
        <ele>1476.2</ele>
      </trkpt>
      <trkpt lat="40.32687" lon="-111.68703">
        <ele>1476.1</ele>
      </trkpt>
      <trkpt lat="40.32696" lon="-111.6871">
        <ele>1476.4</ele>
      </trkpt>
      <trkpt lat="40.32703" lon="-111.68717">
        <ele>1476.4</ele>
      </trkpt>
      <trkpt lat="40.32713" lon="-111.68732">
        <ele>1476.4</ele>
      </trkpt>
      <trkpt lat="40.32747" lon="-111.68781">
        <ele>1479.0</ele>
      </trkpt>
      <trkpt lat="40.32782" lon="-111.68829">
        <ele>1480.4</ele>
      </trkpt>
      <trkpt lat="40.32811" lon="-111.68872">
        <ele>1480.9</ele>
      </trkpt>
      <trkpt lat="40.3282" lon="-111.6889">
        <ele>1481.0</ele>
      </trkpt>
      <trkpt lat="40.32839" lon="-111.68939">
        <ele>1480.5</ele>
      </trkpt>
      <trkpt lat="40.3285" lon="-111.6897">
        <ele>1480.1</ele>
      </trkpt>
      <trkpt lat="40.32856" lon="-111.68984">
        <ele>1479.9</ele>
      </trkpt>
      <trkpt lat="40.3287" lon="-111.69009">
        <ele>1479.7</ele>
      </trkpt>
      <trkpt lat="40.32889" lon="-111.69028">
        <ele>1479.8</ele>
      </trkpt>
      <trkpt lat="40.32928" lon="-111.69058">
        <ele>1480.4</ele>
      </trkpt>
      <trkpt lat="40.32945" lon="-111.69068">
        <ele>1480.6</ele>
      </trkpt>
      <trkpt lat="40.3297" lon="-111.69078">
        <ele>1481.3</ele>
      </trkpt>
      <trkpt lat="40.33005" lon="-111.69092">
        <ele>1483.1</ele>
      </trkpt>
      <trkpt lat="40.33017" lon="-111.69103">
        <ele>1483.3</ele>
      </trkpt>
      <trkpt lat="40.33059" lon="-111.69141">
        <ele>1484.2</ele>
      </trkpt>
      <trkpt lat="40.33073" lon="-111.69153">
        <ele>1485.1</ele>
      </trkpt>
      <trkpt lat="40.33082" lon="-111.69166">
        <ele>1485.3</ele>
      </trkpt>
      <trkpt lat="40.331" lon="-111.69197">
        <ele>1484.5</ele>
      </trkpt>
      <trkpt lat="40.33118" lon="-111.69231">
        <ele>1484.4</ele>
      </trkpt>
      <trkpt lat="40.33151" lon="-111.69304">
        <ele>1483.9</ele>
      </trkpt>
      <trkpt lat="40.33178" lon="-111.69369">
        <ele>1484.4</ele>
      </trkpt>
      <trkpt lat="40.33184" lon="-111.69387">
        <ele>1484.3</ele>
      </trkpt>
      <trkpt lat="40.33185" lon="-111.69404">
        <ele>1483.6</ele>
      </trkpt>
      <trkpt lat="40.33185" lon="-111.69427">
        <ele>1482.6</ele>
      </trkpt>
      <trkpt lat="40.33184" lon="-111.6945">
        <ele>1481.1</ele>
      </trkpt>
      <trkpt lat="40.33184" lon="-111.69461">
        <ele>1480.4</ele>
      </trkpt>
      <trkpt lat="40.33186" lon="-111.69474">
        <ele>1479.9</ele>
      </trkpt>
      <trkpt lat="40.33192" lon="-111.69492">
        <ele>1479.5</ele>
      </trkpt>
      <trkpt lat="40.33202" lon="-111.69518">
        <ele>1478.7</ele>
      </trkpt>
      <trkpt lat="40.33222" lon="-111.69559">
        <ele>1478.2</ele>
      </trkpt>
      <trkpt lat="40.33231" lon="-111.69575">
        <ele>1477.9</ele>
      </trkpt>
      <trkpt lat="40.3324" lon="-111.69582">
        <ele>1478.3</ele>
      </trkpt>
      <trkpt lat="40.33244" lon="-111.69586">
        <ele>1478.3</ele>
      </trkpt>
      <trkpt lat="40.33249" lon="-111.69587">
        <ele>1478.7</ele>
      </trkpt>
      <trkpt lat="40.33258" lon="-111.69588">
        <ele>1478.8</ele>
      </trkpt>
      <trkpt lat="40.33267" lon="-111.69587">
        <ele>1478.3</ele>
      </trkpt>
      <trkpt lat="40.3328" lon="-111.69582">
        <ele>1478.6</ele>
      </trkpt>
      <trkpt lat="40.33317" lon="-111.69564">
        <ele>1479.1</ele>
      </trkpt>
      <trkpt lat="40.33326" lon="-111.69557">
        <ele>1478.6</ele>
      </trkpt>
      <trkpt lat="40.33336" lon="-111.69545">
        <ele>1477.4</ele>
      </trkpt>
      <trkpt lat="40.33342" lon="-111.6953">
        <ele>1477.7</ele>
      </trkpt>
      <trkpt lat="40.33346" lon="-111.6951">
        <ele>1477.8</ele>
      </trkpt>
      <trkpt lat="40.33348" lon="-111.69484">
        <ele>1478.3</ele>
      </trkpt>
      <trkpt lat="40.33353" lon="-111.6946">
        <ele>1479.2</ele>
      </trkpt>
      <trkpt lat="40.33356" lon="-111.6945">
        <ele>1479.7</ele>
      </trkpt>
      <trkpt lat="40.33362" lon="-111.69436">
        <ele>1480.1</ele>
      </trkpt>
      <trkpt lat="40.33368" lon="-111.69433">
        <ele>1479.6</ele>
      </trkpt>
      <trkpt lat="40.33374" lon="-111.69431">
        <ele>1479.2</ele>
      </trkpt>
      <trkpt lat="40.3339" lon="-111.69431">
        <ele>1478.5</ele>
      </trkpt>
      <trkpt lat="40.33403" lon="-111.69414">
        <ele>1479.0</ele>
      </trkpt>
      <trkpt lat="40.33414" lon="-111.69411">
        <ele>1478.9</ele>
      </trkpt>
      <trkpt lat="40.33426" lon="-111.69409">
        <ele>1478.8</ele>
      </trkpt>
      <trkpt lat="40.33439" lon="-111.69409">
        <ele>1478.6</ele>
      </trkpt>
      <trkpt lat="40.33458" lon="-111.69407">
        <ele>1478.1</ele>
      </trkpt>
      <trkpt lat="40.33488" lon="-111.69405">
        <ele>1478.2</ele>
      </trkpt>
      <trkpt lat="40.33517" lon="-111.6941">
        <ele>1478.0</ele>
      </trkpt>
      <trkpt lat="40.33578" lon="-111.69427">
        <ele>1478.0</ele>
      </trkpt>
      <trkpt lat="40.33596" lon="-111.69429">
        <ele>1478.4</ele>
      </trkpt>
      <trkpt lat="40.33622" lon="-111.69436">
        <ele>1477.8</ele>
      </trkpt>
      <trkpt lat="40.33655" lon="-111.69436">
        <ele>1478.0</ele>
      </trkpt>
      <trkpt lat="40.33673" lon="-111.69434">
        <ele>1478.1</ele>
      </trkpt>
      <trkpt lat="40.3368" lon="-111.69432">
        <ele>1477.9</ele>
      </trkpt>
      <trkpt lat="40.33696" lon="-111.69422">
        <ele>1478.1</ele>
      </trkpt>
      <trkpt lat="40.33708" lon="-111.6941">
        <ele>1478.0</ele>
      </trkpt>
      <trkpt lat="40.3372" lon="-111.69395">
        <ele>1479.3</ele>
      </trkpt>
      <trkpt lat="40.33736" lon="-111.69381">
        <ele>1480.3</ele>
      </trkpt>
      <trkpt lat="40.33747" lon="-111.69374">
        <ele>1480.9</ele>
      </trkpt>
      <trkpt lat="40.3376" lon="-111.69367">
        <ele>1481.5</ele>
      </trkpt>
      <trkpt lat="40.33773" lon="-111.69366">
        <ele>1481.0</ele>
      </trkpt>
      <trkpt lat="40.33798" lon="-111.69368">
        <ele>1480.2</ele>
      </trkpt>
      <trkpt lat="40.33804" lon="-111.69369">
        <ele>1480.1</ele>
      </trkpt>
      <trkpt lat="40.33814" lon="-111.6937">
        <ele>1480.0</ele>
      </trkpt>
      <trkpt lat="40.33833" lon="-111.69377">
        <ele>1479.8</ele>
      </trkpt>
      <trkpt lat="40.33847" lon="-111.69384">
        <ele>1479.7</ele>
      </trkpt>
      <trkpt lat="40.33891" lon="-111.69412">
        <ele>1478.8</ele>
      </trkpt>
      <trkpt lat="40.33906" lon="-111.6942">
        <ele>1478.9</ele>
      </trkpt>
      <trkpt lat="40.33924" lon="-111.69426">
        <ele>1479.5</ele>
      </trkpt>
      <trkpt lat="40.33957" lon="-111.69429">
        <ele>1480.4</ele>
      </trkpt>
      <trkpt lat="40.33971" lon="-111.69435">
        <ele>1480.7</ele>
      </trkpt>
      <trkpt lat="40.33978" lon="-111.69438">
        <ele>1480.9</ele>
      </trkpt>
      <trkpt lat="40.33986" lon="-111.69444">
        <ele>1480.8</ele>
      </trkpt>
      <trkpt lat="40.33987" lon="-111.69446">
        <ele>1480.7</ele>
      </trkpt>
      <trkpt lat="40.33995" lon="-111.69459">
        <ele>1480.5</ele>
      </trkpt>
      <trkpt lat="40.34005" lon="-111.69476">
        <ele>1480.3</ele>
      </trkpt>
      <trkpt lat="40.34008" lon="-111.69483">
        <ele>1480.2</ele>
      </trkpt>
      <trkpt lat="40.34011" lon="-111.69499">
        <ele>1480.4</ele>
      </trkpt>
      <trkpt lat="40.34012" lon="-111.69523">
        <ele>1479.0</ele>
      </trkpt>
      <trkpt lat="40.34011" lon="-111.69542">
        <ele>1477.6</ele>
      </trkpt>
      <trkpt lat="40.33998" lon="-111.69608">
        <ele>1477.0</ele>
      </trkpt>
      <trkpt lat="40.33997" lon="-111.69619">
        <ele>1477.0</ele>
      </trkpt>
      <trkpt lat="40.33997" lon="-111.69631">
        <ele>1477.0</ele>
      </trkpt>
      <trkpt lat="40.33998" lon="-111.69641">
        <ele>1476.9</ele>
      </trkpt>
      <trkpt lat="40.34001" lon="-111.69648">
        <ele>1477.0</ele>
      </trkpt>
      <trkpt lat="40.34007" lon="-111.69656">
        <ele>1477.1</ele>
      </trkpt>
      <trkpt lat="40.34016" lon="-111.69662">
        <ele>1477.3</ele>
      </trkpt>
      <trkpt lat="40.34027" lon="-111.69666">
        <ele>1477.4</ele>
      </trkpt>
      <trkpt lat="40.34044" lon="-111.69675">
        <ele>1477.4</ele>
      </trkpt>
      <trkpt lat="40.3405" lon="-111.69677">
        <ele>1477.3</ele>
      </trkpt>
      <trkpt lat="40.34062" lon="-111.69677">
        <ele>1477.4</ele>
      </trkpt>
      <trkpt lat="40.34077" lon="-111.69676">
        <ele>1477.4</ele>
      </trkpt>
      <trkpt lat="40.34086" lon="-111.69674">
        <ele>1477.5</ele>
      </trkpt>
      <trkpt lat="40.34158" lon="-111.69658">
        <ele>1478.1</ele>
      </trkpt>
      <trkpt lat="40.3419" lon="-111.69649">
        <ele>1479.3</ele>
      </trkpt>
      <trkpt lat="40.34205" lon="-111.69648">
        <ele>1479.6</ele>
      </trkpt>
      <trkpt lat="40.34219" lon="-111.69647">
        <ele>1480.3</ele>
      </trkpt>
      <trkpt lat="40.3423" lon="-111.69649">
        <ele>1480.6</ele>
      </trkpt>
      <trkpt lat="40.34241" lon="-111.69657">
        <ele>1480.3</ele>
      </trkpt>
      <trkpt lat="40.34287" lon="-111.69714">
        <ele>1479.1</ele>
      </trkpt>
      <trkpt lat="40.343" lon="-111.6973">
        <ele>1478.7</ele>
      </trkpt>
      <trkpt lat="40.34314" lon="-111.6974">
        <ele>1478.7</ele>
      </trkpt>
      <trkpt lat="40.34323" lon="-111.69744">
        <ele>1478.5</ele>
      </trkpt>
      <trkpt lat="40.34348" lon="-111.69749">
        <ele>1479.4</ele>
      </trkpt>
      <trkpt lat="40.34376" lon="-111.69751">
        <ele>1479.5</ele>
      </trkpt>
      <trkpt lat="40.34394" lon="-111.69757">
        <ele>1479.2</ele>
      </trkpt>
      <trkpt lat="40.34414" lon="-111.69766">
        <ele>1479.6</ele>
      </trkpt>
      <trkpt lat="40.34467" lon="-111.69807">
        <ele>1478.9</ele>
      </trkpt>
      <trkpt lat="40.34482" lon="-111.69816">
        <ele>1478.8</ele>
      </trkpt>
      <trkpt lat="40.34513" lon="-111.69829">
        <ele>1478.8</ele>
      </trkpt>
      <trkpt lat="40.34519" lon="-111.69831">
        <ele>1478.7</ele>
      </trkpt>
      <trkpt lat="40.34532" lon="-111.69832">
        <ele>1478.8</ele>
      </trkpt>
      <trkpt lat="40.34542" lon="-111.69833">
        <ele>1478.9</ele>
      </trkpt>
      <trkpt lat="40.34604" lon="-111.69844">
        <ele>1479.7</ele>
      </trkpt>
      <trkpt lat="40.34611" lon="-111.69847">
        <ele>1479.8</ele>
      </trkpt>
      <trkpt lat="40.34618" lon="-111.69852">
        <ele>1479.9</ele>
      </trkpt>
      <trkpt lat="40.34623" lon="-111.6986">
        <ele>1479.8</ele>
      </trkpt>
      <trkpt lat="40.34626" lon="-111.69867">
        <ele>1479.8</ele>
      </trkpt>
      <trkpt lat="40.34628" lon="-111.69876">
        <ele>1479.8</ele>
      </trkpt>
      <trkpt lat="40.34628" lon="-111.69884">
        <ele>1479.2</ele>
      </trkpt>
      <trkpt lat="40.34627" lon="-111.69894">
        <ele>1478.3</ele>
      </trkpt>
      <trkpt lat="40.3461" lon="-111.69959">
        <ele>1477.6</ele>
      </trkpt>
      <trkpt lat="40.34608" lon="-111.69977">
        <ele>1477.1</ele>
      </trkpt>
      <trkpt lat="40.3461" lon="-111.69989">
        <ele>1476.8</ele>
      </trkpt>
      <trkpt lat="40.34614" lon="-111.69999">
        <ele>1477.1</ele>
      </trkpt>
      <trkpt lat="40.34625" lon="-111.7001">
        <ele>1477.8</ele>
      </trkpt>
      <trkpt lat="40.34632" lon="-111.70015">
        <ele>1478.1</ele>
      </trkpt>
      <trkpt lat="40.34682" lon="-111.70039">
        <ele>1479.6</ele>
      </trkpt>
      <trkpt lat="40.34745" lon="-111.70075">
        <ele>1479.8</ele>
      </trkpt>
      <trkpt lat="40.34789" lon="-111.70099">
        <ele>1479.3</ele>
      </trkpt>
      <trkpt lat="40.34833" lon="-111.70123">
        <ele>1478.8</ele>
      </trkpt>
      <trkpt lat="40.34857" lon="-111.70137">
        <ele>1479.2</ele>
      </trkpt>
      <trkpt lat="40.34864" lon="-111.70144">
        <ele>1479.3</ele>
      </trkpt>
      <trkpt lat="40.3487" lon="-111.70155">
        <ele>1479.1</ele>
      </trkpt>
      <trkpt lat="40.34878" lon="-111.70178">
        <ele>1478.6</ele>
      </trkpt>
      <trkpt lat="40.34888" lon="-111.702">
        <ele>1478.6</ele>
      </trkpt>
      <trkpt lat="40.34891" lon="-111.70212">
        <ele>1478.1</ele>
      </trkpt>
      <trkpt lat="40.34898" lon="-111.70233">
        <ele>1477.9</ele>
      </trkpt>
      <trkpt lat="40.34905" lon="-111.70243">
        <ele>1477.7</ele>
      </trkpt>
      <trkpt lat="40.34916" lon="-111.70251">
        <ele>1477.3</ele>
      </trkpt>
      <trkpt lat="40.34928" lon="-111.70255">
        <ele>1477.5</ele>
      </trkpt>
      <trkpt lat="40.3494" lon="-111.70255">
        <ele>1478.0</ele>
      </trkpt>
      <trkpt lat="40.34974" lon="-111.70246">
        <ele>1479.6</ele>
      </trkpt>
      <trkpt lat="40.34986" lon="-111.70246">
        <ele>1480.0</ele>
      </trkpt>
      <trkpt lat="40.3499" lon="-111.70247">
        <ele>1480.1</ele>
      </trkpt>
      <trkpt lat="40.35" lon="-111.70252">
        <ele>1480.4</ele>
      </trkpt>
      <trkpt lat="40.35006" lon="-111.70259">
        <ele>1480.2</ele>
      </trkpt>
      <trkpt lat="40.35015" lon="-111.70281">
        <ele>1480.1</ele>
      </trkpt>
      <trkpt lat="40.35026" lon="-111.70359">
        <ele>1478.5</ele>
      </trkpt>
      <trkpt lat="40.35032" lon="-111.70392">
        <ele>1477.5</ele>
      </trkpt>
      <trkpt lat="40.35036" lon="-111.70406">
        <ele>1477.1</ele>
      </trkpt>
      <trkpt lat="40.35046" lon="-111.70423">
        <ele>1477.7</ele>
      </trkpt>
      <trkpt lat="40.35059" lon="-111.70435">
        <ele>1477.1</ele>
      </trkpt>
      <trkpt lat="40.35077" lon="-111.70443">
        <ele>1477.3</ele>
      </trkpt>
      <trkpt lat="40.35087" lon="-111.70442">
        <ele>1477.4</ele>
      </trkpt>
      <trkpt lat="40.35098" lon="-111.7044">
        <ele>1477.6</ele>
      </trkpt>
      <trkpt lat="40.35106" lon="-111.70436">
        <ele>1478.0</ele>
      </trkpt>
      <trkpt lat="40.35126" lon="-111.70424">
        <ele>1478.2</ele>
      </trkpt>
      <trkpt lat="40.35146" lon="-111.70408">
        <ele>1479.8</ele>
      </trkpt>
      <trkpt lat="40.35156" lon="-111.70403">
        <ele>1480.4</ele>
      </trkpt>
      <trkpt lat="40.35169" lon="-111.70398">
        <ele>1480.7</ele>
      </trkpt>
      <trkpt lat="40.35185" lon="-111.704">
        <ele>1480.6</ele>
      </trkpt>
      <trkpt lat="40.35191" lon="-111.70403">
        <ele>1480.5</ele>
      </trkpt>
      <trkpt lat="40.35197" lon="-111.70409">
        <ele>1480.4</ele>
      </trkpt>
      <trkpt lat="40.35201" lon="-111.70416">
        <ele>1480.2</ele>
      </trkpt>
      <trkpt lat="40.35205" lon="-111.70433">
        <ele>1479.3</ele>
      </trkpt>
      <trkpt lat="40.35207" lon="-111.70449">
        <ele>1478.3</ele>
      </trkpt>
      <trkpt lat="40.35215" lon="-111.7055">
        <ele>1477.6</ele>
      </trkpt>
      <trkpt lat="40.35225" lon="-111.70589">
        <ele>1477.9</ele>
      </trkpt>
      <trkpt lat="40.35234" lon="-111.70611">
        <ele>1478.3</ele>
      </trkpt>
      <trkpt lat="40.3525" lon="-111.70655">
        <ele>1478.4</ele>
      </trkpt>
      <trkpt lat="40.35262" lon="-111.70694">
        <ele>1478.4</ele>
      </trkpt>
      <trkpt lat="40.35272" lon="-111.70719">
        <ele>1478.4</ele>
      </trkpt>
      <trkpt lat="40.35291" lon="-111.70782">
        <ele>1478.3</ele>
      </trkpt>
      <trkpt lat="40.35308" lon="-111.70831">
        <ele>1478.2</ele>
      </trkpt>
      <trkpt lat="40.35326" lon="-111.70877">
        <ele>1478.1</ele>
      </trkpt>
      <trkpt lat="40.35347" lon="-111.70914">
        <ele>1478.3</ele>
      </trkpt>
      <trkpt lat="40.35389" lon="-111.7098">
        <ele>1478.3</ele>
      </trkpt>
      <trkpt lat="40.35431" lon="-111.71046">
        <ele>1476.1</ele>
      </trkpt>
      <trkpt lat="40.35452" lon="-111.7108">
        <ele>1475.7</ele>
      </trkpt>
      <trkpt lat="40.3548" lon="-111.71121">
        <ele>1474.6</ele>
      </trkpt>
      <trkpt lat="40.35524" lon="-111.71177">
        <ele>1474.5</ele>
      </trkpt>
      <trkpt lat="40.35541" lon="-111.71195">
        <ele>1474.6</ele>
      </trkpt>
      <trkpt lat="40.35559" lon="-111.7122">
        <ele>1474.5</ele>
      </trkpt>
      <trkpt lat="40.35565" lon="-111.71232">
        <ele>1474.3</ele>
      </trkpt>
      <trkpt lat="40.3557" lon="-111.71246">
        <ele>1473.9</ele>
      </trkpt>
      <trkpt lat="40.35575" lon="-111.71257">
        <ele>1473.7</ele>
      </trkpt>
      <trkpt lat="40.3559" lon="-111.71273">
        <ele>1473.7</ele>
      </trkpt>
      <trkpt lat="40.35606" lon="-111.71286">
        <ele>1473.9</ele>
      </trkpt>
      <trkpt lat="40.35656" lon="-111.7134">
        <ele>1473.5</ele>
      </trkpt>
      <trkpt lat="40.35712" lon="-111.71386">
        <ele>1473.7</ele>
      </trkpt>
      <trkpt lat="40.35769" lon="-111.71432">
        <ele>1473.9</ele>
      </trkpt>
      <trkpt lat="40.35834" lon="-111.71483">
        <ele>1474.0</ele>
      </trkpt>
      <trkpt lat="40.35899" lon="-111.71534">
        <ele>1473.8</ele>
      </trkpt>
      <trkpt lat="40.35925" lon="-111.7155">
        <ele>1473.8</ele>
      </trkpt>
      <trkpt lat="40.35938" lon="-111.71557">
        <ele>1473.7</ele>
      </trkpt>
      <trkpt lat="40.35968" lon="-111.71569">
        <ele>1473.9</ele>
      </trkpt>
      <trkpt lat="40.36013" lon="-111.71584">
        <ele>1474.2</ele>
      </trkpt>
      <trkpt lat="40.36083" lon="-111.71606">
        <ele>1474.4</ele>
      </trkpt>
      <trkpt lat="40.36093" lon="-111.71613">
        <ele>1474.2</ele>
      </trkpt>
      <trkpt lat="40.3612" lon="-111.71645">
        <ele>1472.6</ele>
      </trkpt>
      <trkpt lat="40.36134" lon="-111.71645">
        <ele>1472.7</ele>
      </trkpt>
      <trkpt lat="40.36158" lon="-111.7164">
        <ele>1473.1</ele>
      </trkpt>
      <trkpt lat="40.36176" lon="-111.71641">
        <ele>1473.0</ele>
      </trkpt>
      <trkpt lat="40.36191" lon="-111.71638">
        <ele>1473.1</ele>
      </trkpt>
      <trkpt lat="40.36202" lon="-111.71633">
        <ele>1473.3</ele>
      </trkpt>
      <trkpt lat="40.36212" lon="-111.71623">
        <ele>1473.9</ele>
      </trkpt>
      <trkpt lat="40.36229" lon="-111.71602">
        <ele>1474.6</ele>
      </trkpt>
      <trkpt lat="40.36246" lon="-111.71575">
        <ele>1475.3</ele>
      </trkpt>
      <trkpt lat="40.36251" lon="-111.71569">
        <ele>1475.6</ele>
      </trkpt>
      <trkpt lat="40.36258" lon="-111.71565">
        <ele>1476.0</ele>
      </trkpt>
      <trkpt lat="40.36266" lon="-111.71562">
        <ele>1476.4</ele>
      </trkpt>
      <trkpt lat="40.36274" lon="-111.71561">
        <ele>1476.8</ele>
      </trkpt>
      <trkpt lat="40.36279" lon="-111.71562">
        <ele>1476.9</ele>
      </trkpt>
      <trkpt lat="40.36284" lon="-111.71564">
        <ele>1477.0</ele>
      </trkpt>
      <trkpt lat="40.3629" lon="-111.71569">
        <ele>1476.9</ele>
      </trkpt>
      <trkpt lat="40.36346" lon="-111.71629">
        <ele>1474.1</ele>
      </trkpt>
      <trkpt lat="40.36353" lon="-111.71635">
        <ele>1474.0</ele>
      </trkpt>
      <trkpt lat="40.36356" lon="-111.71636">
        <ele>1473.9</ele>
      </trkpt>
      <trkpt lat="40.36365" lon="-111.71637">
        <ele>1473.9</ele>
      </trkpt>
      <trkpt lat="40.36379" lon="-111.71631">
        <ele>1473.9</ele>
      </trkpt>
      <trkpt lat="40.36408" lon="-111.71604">
        <ele>1474.7</ele>
      </trkpt>
      <trkpt lat="40.36427" lon="-111.71587">
        <ele>1475.7</ele>
      </trkpt>
      <trkpt lat="40.36438" lon="-111.71582">
        <ele>1476.0</ele>
      </trkpt>
      <trkpt lat="40.36442" lon="-111.71582">
        <ele>1476.0</ele>
      </trkpt>
      <trkpt lat="40.36452" lon="-111.71582">
        <ele>1476.0</ele>
      </trkpt>
      <trkpt lat="40.36464" lon="-111.71587">
        <ele>1475.8</ele>
      </trkpt>
      <trkpt lat="40.36476" lon="-111.71594">
        <ele>1476.0</ele>
      </trkpt>
      <trkpt lat="40.36488" lon="-111.71604">
        <ele>1476.0</ele>
      </trkpt>
      <trkpt lat="40.36503" lon="-111.71621">
        <ele>1475.9</ele>
      </trkpt>
      <trkpt lat="40.36517" lon="-111.71632">
        <ele>1476.0</ele>
      </trkpt>
      <trkpt lat="40.36565" lon="-111.71687">
        <ele>1475.6</ele>
      </trkpt>
      <trkpt lat="40.36572" lon="-111.71698">
        <ele>1475.2</ele>
      </trkpt>
      <trkpt lat="40.36606" lon="-111.71771">
        <ele>1474.9</ele>
      </trkpt>
      <trkpt lat="40.36629" lon="-111.71825">
        <ele>1474.9</ele>
      </trkpt>
      <trkpt lat="40.36653" lon="-111.71878">
        <ele>1474.9</ele>
      </trkpt>
      <trkpt lat="40.36665" lon="-111.7191">
        <ele>1474.7</ele>
      </trkpt>
      <trkpt lat="40.36676" lon="-111.71943">
        <ele>1474.3</ele>
      </trkpt>
      <trkpt lat="40.36686" lon="-111.71973">
        <ele>1474.0</ele>
      </trkpt>
      <trkpt lat="40.36701" lon="-111.72033">
        <ele>1473.3</ele>
      </trkpt>
      <trkpt lat="40.36723" lon="-111.7208">
        <ele>1474.0</ele>
      </trkpt>
      <trkpt lat="40.36736" lon="-111.72102">
        <ele>1474.0</ele>
      </trkpt>
      <trkpt lat="40.36798" lon="-111.72188">
        <ele>1474.1</ele>
      </trkpt>
      <trkpt lat="40.36859" lon="-111.72274">
        <ele>1474.2</ele>
      </trkpt>
      <trkpt lat="40.36874" lon="-111.72289">
        <ele>1474.5</ele>
      </trkpt>
      <trkpt lat="40.36885" lon="-111.72299">
        <ele>1474.7</ele>
      </trkpt>
      <trkpt lat="40.36904" lon="-111.72311">
        <ele>1474.7</ele>
      </trkpt>
      <trkpt lat="40.36935" lon="-111.72325">
        <ele>1475.0</ele>
      </trkpt>
      <trkpt lat="40.36948" lon="-111.7233">
        <ele>1475.1</ele>
      </trkpt>
      <trkpt lat="40.36965" lon="-111.72338">
        <ele>1475.1</ele>
      </trkpt>
      <trkpt lat="40.36989" lon="-111.72355">
        <ele>1474.9</ele>
      </trkpt>
      <trkpt lat="40.37037" lon="-111.72387">
        <ele>1474.9</ele>
      </trkpt>
      <trkpt lat="40.37055" lon="-111.72405">
        <ele>1474.6</ele>
      </trkpt>
      <trkpt lat="40.37079" lon="-111.72422">
        <ele>1474.4</ele>
      </trkpt>
      <trkpt lat="40.37086" lon="-111.72427">
        <ele>1474.3</ele>
      </trkpt>
      <trkpt lat="40.37116" lon="-111.72442">
        <ele>1474.4</ele>
      </trkpt>
      <trkpt lat="40.37144" lon="-111.72453">
        <ele>1474.6</ele>
      </trkpt>
      <trkpt lat="40.37154" lon="-111.7246">
        <ele>1474.5</ele>
      </trkpt>
      <trkpt lat="40.37205" lon="-111.72506">
        <ele>1474.6</ele>
      </trkpt>
      <trkpt lat="40.37256" lon="-111.72552">
        <ele>1474.5</ele>
      </trkpt>
      <trkpt lat="40.37288" lon="-111.72577">
        <ele>1474.3</ele>
      </trkpt>
      <trkpt lat="40.37317" lon="-111.72596">
        <ele>1474.2</ele>
      </trkpt>
      <trkpt lat="40.37344" lon="-111.72612">
        <ele>1474.2</ele>
      </trkpt>
      <trkpt lat="40.37364" lon="-111.72623">
        <ele>1474.3</ele>
      </trkpt>
      <trkpt lat="40.3739" lon="-111.72635">
        <ele>1474.2</ele>
      </trkpt>
      <trkpt lat="40.37476" lon="-111.72661">
        <ele>1473.5</ele>
      </trkpt>
      <trkpt lat="40.37512" lon="-111.7267">
        <ele>1473.6</ele>
      </trkpt>
      <trkpt lat="40.37541" lon="-111.72676">
        <ele>1474.3</ele>
      </trkpt>
      <trkpt lat="40.37554" lon="-111.72678">
        <ele>1474.5</ele>
      </trkpt>
      <trkpt lat="40.37602" lon="-111.7271">
        <ele>1474.2</ele>
      </trkpt>
      <trkpt lat="40.37634" lon="-111.72728">
        <ele>1474.4</ele>
      </trkpt>
      <trkpt lat="40.37645" lon="-111.72741">
        <ele>1473.7</ele>
      </trkpt>
      <trkpt lat="40.37658" lon="-111.72752">
        <ele>1473.5</ele>
      </trkpt>
      <trkpt lat="40.37689" lon="-111.72767">
        <ele>1473.4</ele>
      </trkpt>
      <trkpt lat="40.37727" lon="-111.72778">
        <ele>1472.9</ele>
      </trkpt>
      <trkpt lat="40.37764" lon="-111.72792">
        <ele>1472.6</ele>
      </trkpt>
      <trkpt lat="40.37823" lon="-111.72807">
        <ele>1472.9</ele>
      </trkpt>
      <trkpt lat="40.37837" lon="-111.7281">
        <ele>1472.7</ele>
      </trkpt>
      <trkpt lat="40.37885" lon="-111.72813">
        <ele>1473.8</ele>
      </trkpt>
      <trkpt lat="40.37891" lon="-111.72816">
        <ele>1474.2</ele>
      </trkpt>
      <trkpt lat="40.37906" lon="-111.72827">
        <ele>1475.5</ele>
      </trkpt>
      <trkpt lat="40.3791" lon="-111.72832">
        <ele>1475.5</ele>
      </trkpt>
      <trkpt lat="40.37935" lon="-111.72876">
        <ele>1474.0</ele>
      </trkpt>
      <trkpt lat="40.37946" lon="-111.72891">
        <ele>1473.6</ele>
      </trkpt>
      <trkpt lat="40.37955" lon="-111.72898">
        <ele>1473.1</ele>
      </trkpt>
      <trkpt lat="40.37962" lon="-111.72901">
        <ele>1472.8</ele>
      </trkpt>
      <trkpt lat="40.37976" lon="-111.72903">
        <ele>1472.6</ele>
      </trkpt>
      <trkpt lat="40.37989" lon="-111.72899">
        <ele>1472.6</ele>
      </trkpt>
      <trkpt lat="40.38043" lon="-111.72865">
        <ele>1474.5</ele>
      </trkpt>
      <trkpt lat="40.38049" lon="-111.72863">
        <ele>1474.4</ele>
      </trkpt>
      <trkpt lat="40.38066" lon="-111.72863">
        <ele>1475.0</ele>
      </trkpt>
      <trkpt lat="40.38078" lon="-111.72867">
        <ele>1475.5</ele>
      </trkpt>
      <trkpt lat="40.3809" lon="-111.72874">
        <ele>1475.7</ele>
      </trkpt>
      <trkpt lat="40.38103" lon="-111.72887">
        <ele>1475.3</ele>
      </trkpt>
      <trkpt lat="40.38114" lon="-111.72901">
        <ele>1475.1</ele>
      </trkpt>
      <trkpt lat="40.38119" lon="-111.72909">
        <ele>1474.9</ele>
      </trkpt>
      <trkpt lat="40.38129" lon="-111.72928">
        <ele>1474.9</ele>
      </trkpt>
      <trkpt lat="40.38154" lon="-111.72972">
        <ele>1475.0</ele>
      </trkpt>
      <trkpt lat="40.38182" lon="-111.7301">
        <ele>1476.5</ele>
      </trkpt>
      <trkpt lat="40.38196" lon="-111.73029">
        <ele>1477.5</ele>
      </trkpt>
      <trkpt lat="40.38199" lon="-111.73035">
        <ele>1477.3</ele>
      </trkpt>
      <trkpt lat="40.38215" lon="-111.73107">
        <ele>1473.9</ele>
      </trkpt>
      <trkpt lat="40.38219" lon="-111.7312">
        <ele>1474.0</ele>
      </trkpt>
      <trkpt lat="40.38222" lon="-111.73128">
        <ele>1474.1</ele>
      </trkpt>
      <trkpt lat="40.38237" lon="-111.73152">
        <ele>1474.0</ele>
      </trkpt>
      <trkpt lat="40.38245" lon="-111.73162">
        <ele>1473.4</ele>
      </trkpt>
      <trkpt lat="40.3825" lon="-111.73167">
        <ele>1473.0</ele>
      </trkpt>
      <trkpt lat="40.38255" lon="-111.7317">
        <ele>1472.7</ele>
      </trkpt>
      <trkpt lat="40.38262" lon="-111.73173">
        <ele>1472.3</ele>
      </trkpt>
      <trkpt lat="40.38269" lon="-111.73173">
        <ele>1472.3</ele>
      </trkpt>
      <trkpt lat="40.38309" lon="-111.73162">
        <ele>1474.0</ele>
      </trkpt>
      <trkpt lat="40.38319" lon="-111.73163">
        <ele>1474.8</ele>
      </trkpt>
      <trkpt lat="40.38326" lon="-111.73166">
        <ele>1474.5</ele>
      </trkpt>
      <trkpt lat="40.38335" lon="-111.73172">
        <ele>1473.9</ele>
      </trkpt>
      <trkpt lat="40.38389" lon="-111.73222">
        <ele>1473.6</ele>
      </trkpt>
      <trkpt lat="40.38443" lon="-111.73272">
        <ele>1473.2</ele>
      </trkpt>
      <trkpt lat="40.38497" lon="-111.73323">
        <ele>1473.0</ele>
      </trkpt>
      <trkpt lat="40.3856" lon="-111.73385">
        <ele>1472.0</ele>
      </trkpt>
      <trkpt lat="40.38581" lon="-111.73403">
        <ele>1472.1</ele>
      </trkpt>
      <trkpt lat="40.386" lon="-111.73417">
        <ele>1472.4</ele>
      </trkpt>
      <trkpt lat="40.38639" lon="-111.73441">
        <ele>1473.2</ele>
      </trkpt>
      <trkpt lat="40.38681" lon="-111.73457">
        <ele>1473.7</ele>
      </trkpt>
      <trkpt lat="40.38692" lon="-111.73462">
        <ele>1474.1</ele>
      </trkpt>
      <trkpt lat="40.38729" lon="-111.73489">
        <ele>1473.6</ele>
      </trkpt>
      <trkpt lat="40.38751" lon="-111.73503">
        <ele>1474.2</ele>
      </trkpt>
      <trkpt lat="40.38771" lon="-111.73517">
        <ele>1474.3</ele>
      </trkpt>
      <trkpt lat="40.38794" lon="-111.73536">
        <ele>1474.0</ele>
      </trkpt>
      <trkpt lat="40.3886" lon="-111.73595">
        <ele>1472.9</ele>
      </trkpt>
      <trkpt lat="40.38869" lon="-111.73601">
        <ele>1473.0</ele>
      </trkpt>
      <trkpt lat="40.38936" lon="-111.73645">
        <ele>1474.7</ele>
      </trkpt>
      <trkpt lat="40.38961" lon="-111.73666">
        <ele>1474.7</ele>
      </trkpt>
      <trkpt lat="40.38981" lon="-111.73679">
        <ele>1476.0</ele>
      </trkpt>
      <trkpt lat="40.38988" lon="-111.73689">
        <ele>1475.4</ele>
      </trkpt>
      <trkpt lat="40.38998" lon="-111.73705">
        <ele>1474.9</ele>
      </trkpt>
      <trkpt lat="40.39025" lon="-111.73739">
        <ele>1474.5</ele>
      </trkpt>
      <trkpt lat="40.39047" lon="-111.7376">
        <ele>1475.0</ele>
      </trkpt>
      <trkpt lat="40.39085" lon="-111.73792">
        <ele>1475.4</ele>
      </trkpt>
      <trkpt lat="40.39103" lon="-111.7381">
        <ele>1475.6</ele>
      </trkpt>
      <trkpt lat="40.39121" lon="-111.73831">
        <ele>1476.1</ele>
      </trkpt>
      <trkpt lat="40.39138" lon="-111.73859">
        <ele>1476.2</ele>
      </trkpt>
      <trkpt lat="40.39156" lon="-111.73899">
        <ele>1476.5</ele>
      </trkpt>
      <trkpt lat="40.39166" lon="-111.73928">
        <ele>1476.8</ele>
      </trkpt>
      <trkpt lat="40.39169" lon="-111.73944">
        <ele>1476.7</ele>
      </trkpt>
      <trkpt lat="40.39173" lon="-111.73969">
        <ele>1476.5</ele>
      </trkpt>
      <trkpt lat="40.39178" lon="-111.73991">
        <ele>1476.3</ele>
      </trkpt>
      <trkpt lat="40.39182" lon="-111.74006">
        <ele>1476.0</ele>
      </trkpt>
      <trkpt lat="40.39187" lon="-111.74016">
        <ele>1476.2</ele>
      </trkpt>
      <trkpt lat="40.3919" lon="-111.7402">
        <ele>1476.4</ele>
      </trkpt>
      <trkpt lat="40.392" lon="-111.74031">
        <ele>1476.8</ele>
      </trkpt>
      <trkpt lat="40.39205" lon="-111.7404">
        <ele>1476.8</ele>
      </trkpt>
      <trkpt lat="40.39242" lon="-111.74117">
        <ele>1476.1</ele>
      </trkpt>
      <trkpt lat="40.39267" lon="-111.74158">
        <ele>1476.1</ele>
      </trkpt>
      <trkpt lat="40.39314" lon="-111.74224">
        <ele>1476.3</ele>
      </trkpt>
      <trkpt lat="40.39348" lon="-111.74269">
        <ele>1476.6</ele>
      </trkpt>
      <trkpt lat="40.39371" lon="-111.74297">
        <ele>1476.5</ele>
      </trkpt>
      <trkpt lat="40.39378" lon="-111.74304">
        <ele>1476.4</ele>
      </trkpt>
      <trkpt lat="40.39395" lon="-111.74318">
        <ele>1476.4</ele>
      </trkpt>
      <trkpt lat="40.39437" lon="-111.74347">
        <ele>1476.5</ele>
      </trkpt>
      <trkpt lat="40.39478" lon="-111.74375">
        <ele>1476.7</ele>
      </trkpt>
      <trkpt lat="40.39488" lon="-111.74384">
        <ele>1476.7</ele>
      </trkpt>
      <trkpt lat="40.39494" lon="-111.74391">
        <ele>1476.6</ele>
      </trkpt>
      <trkpt lat="40.39516" lon="-111.74424">
        <ele>1475.8</ele>
      </trkpt>
      <trkpt lat="40.39521" lon="-111.74429">
        <ele>1475.7</ele>
      </trkpt>
      <trkpt lat="40.39583" lon="-111.74487">
        <ele>1475.7</ele>
      </trkpt>
      <trkpt lat="40.39633" lon="-111.74547">
        <ele>1475.7</ele>
      </trkpt>
      <trkpt lat="40.3965" lon="-111.74568">
        <ele>1475.7</ele>
      </trkpt>
      <trkpt lat="40.39655" lon="-111.74571">
        <ele>1475.8</ele>
      </trkpt>
      <trkpt lat="40.39677" lon="-111.74582">
        <ele>1476.1</ele>
      </trkpt>
      <trkpt lat="40.39708" lon="-111.74589">
        <ele>1476.9</ele>
      </trkpt>
      <trkpt lat="40.39714" lon="-111.74592">
        <ele>1477.0</ele>
      </trkpt>
      <trkpt lat="40.39761" lon="-111.74619">
        <ele>1476.9</ele>
      </trkpt>
      <trkpt lat="40.39808" lon="-111.74647">
        <ele>1476.7</ele>
      </trkpt>
      <trkpt lat="40.39853" lon="-111.74672">
        <ele>1476.5</ele>
      </trkpt>
      <trkpt lat="40.39897" lon="-111.74697">
        <ele>1476.1</ele>
      </trkpt>
      <trkpt lat="40.39959" lon="-111.74729">
        <ele>1476.2</ele>
      </trkpt>
      <trkpt lat="40.39993" lon="-111.74741">
        <ele>1476.1</ele>
      </trkpt>
      <trkpt lat="40.4004" lon="-111.7476">
        <ele>1476.5</ele>
      </trkpt>
      <trkpt lat="40.40044" lon="-111.74762">
        <ele>1476.5</ele>
      </trkpt>
      <trkpt lat="40.40061" lon="-111.74777">
        <ele>1476.3</ele>
      </trkpt>
      <trkpt lat="40.40125" lon="-111.74843">
        <ele>1476.1</ele>
      </trkpt>
      <trkpt lat="40.4019" lon="-111.74909">
        <ele>1476.1</ele>
      </trkpt>
      <trkpt lat="40.40215" lon="-111.74945">
        <ele>1475.8</ele>
      </trkpt>
      <trkpt lat="40.40224" lon="-111.74962">
        <ele>1476.2</ele>
      </trkpt>
      <trkpt lat="40.40232" lon="-111.74986">
        <ele>1476.1</ele>
      </trkpt>
      <trkpt lat="40.40254" lon="-111.75038">
        <ele>1475.5</ele>
      </trkpt>
      <trkpt lat="40.40282" lon="-111.75111">
        <ele>1474.0</ele>
      </trkpt>
      <trkpt lat="40.4031" lon="-111.75184">
        <ele>1473.5</ele>
      </trkpt>
      <trkpt lat="40.40348" lon="-111.75265">
        <ele>1473.7</ele>
      </trkpt>
      <trkpt lat="40.40374" lon="-111.75329">
        <ele>1474.2</ele>
      </trkpt>
      <trkpt lat="40.404" lon="-111.75394">
        <ele>1474.4</ele>
      </trkpt>
      <trkpt lat="40.40408" lon="-111.75417">
        <ele>1474.3</ele>
      </trkpt>
      <trkpt lat="40.40411" lon="-111.7543">
        <ele>1474.1</ele>
      </trkpt>
      <trkpt lat="40.40422" lon="-111.75505">
        <ele>1472.5</ele>
      </trkpt>
      <trkpt lat="40.40426" lon="-111.75549">
        <ele>1471.8</ele>
      </trkpt>
      <trkpt lat="40.40423" lon="-111.75635">
        <ele>1472.2</ele>
      </trkpt>
      <trkpt lat="40.4042" lon="-111.75721">
        <ele>1472.8</ele>
      </trkpt>
      <trkpt lat="40.40421" lon="-111.75789">
        <ele>1472.8</ele>
      </trkpt>
      <trkpt lat="40.40426" lon="-111.75886">
        <ele>1472.9</ele>
      </trkpt>
      <trkpt lat="40.40428" lon="-111.75899">
        <ele>1472.9</ele>
      </trkpt>
      <trkpt lat="40.40434" lon="-111.75924">
        <ele>1473.1</ele>
      </trkpt>
      <trkpt lat="40.40457" lon="-111.75984">
        <ele>1473.6</ele>
      </trkpt>
      <trkpt lat="40.4047" lon="-111.76029">
        <ele>1473.9</ele>
      </trkpt>
      <trkpt lat="40.40472" lon="-111.76045">
        <ele>1473.9</ele>
      </trkpt>
      <trkpt lat="40.40477" lon="-111.76131">
        <ele>1473.8</ele>
      </trkpt>
      <trkpt lat="40.40483" lon="-111.76235">
        <ele>1473.5</ele>
      </trkpt>
      <trkpt lat="40.40489" lon="-111.76339">
        <ele>1473.1</ele>
      </trkpt>
      <trkpt lat="40.40491" lon="-111.76349">
        <ele>1473.1</ele>
      </trkpt>
      <trkpt lat="40.40511" lon="-111.76441">
        <ele>1472.8</ele>
      </trkpt>
      <trkpt lat="40.40525" lon="-111.76519">
        <ele>1472.6</ele>
      </trkpt>
      <trkpt lat="40.40543" lon="-111.76601">
        <ele>1472.5</ele>
      </trkpt>
      <trkpt lat="40.40551" lon="-111.76623">
        <ele>1472.5</ele>
      </trkpt>
      <trkpt lat="40.40555" lon="-111.76641">
        <ele>1472.5</ele>
      </trkpt>
      <trkpt lat="40.40558" lon="-111.76671">
        <ele>1472.3</ele>
      </trkpt>
      <trkpt lat="40.40577" lon="-111.76766">
        <ele>1471.9</ele>
      </trkpt>
      <trkpt lat="40.40582" lon="-111.76783">
        <ele>1471.8</ele>
      </trkpt>
      <trkpt lat="40.40588" lon="-111.76796">
        <ele>1471.9</ele>
      </trkpt>
      <trkpt lat="40.40594" lon="-111.76808">
        <ele>1471.9</ele>
      </trkpt>
      <trkpt lat="40.40644" lon="-111.76892">
        <ele>1472.1</ele>
      </trkpt>
      <trkpt lat="40.40653" lon="-111.76912">
        <ele>1472.2</ele>
      </trkpt>
      <trkpt lat="40.40658" lon="-111.76929">
        <ele>1472.1</ele>
      </trkpt>
      <trkpt lat="40.40683" lon="-111.77023">
        <ele>1472.0</ele>
      </trkpt>
      <trkpt lat="40.40688" lon="-111.7704">
        <ele>1472.1</ele>
      </trkpt>
      <trkpt lat="40.40691" lon="-111.7706">
        <ele>1472.0</ele>
      </trkpt>
      <trkpt lat="40.40715" lon="-111.77154">
        <ele>1472.1</ele>
      </trkpt>
      <trkpt lat="40.40713" lon="-111.7718">
        <ele>1471.9</ele>
      </trkpt>
      <trkpt lat="40.40714" lon="-111.77197">
        <ele>1471.9</ele>
      </trkpt>
      <trkpt lat="40.40728" lon="-111.77255">
        <ele>1471.9</ele>
      </trkpt>
      <trkpt lat="40.40742" lon="-111.77314">
        <ele>1472.0</ele>
      </trkpt>
      <trkpt lat="40.40742" lon="-111.77316">
        <ele>1472.0</ele>
      </trkpt>
      <trkpt lat="40.40742" lon="-111.77316">
        <ele>1472.0</ele>
      </trkpt>
      <trkpt lat="40.40753" lon="-111.77358">
        <ele>1472.1</ele>
      </trkpt>
      <trkpt lat="40.40774" lon="-111.77442">
        <ele>1472.3</ele>
      </trkpt>
      <trkpt lat="40.40795" lon="-111.77525">
        <ele>1472.4</ele>
      </trkpt>
      <trkpt lat="40.40816" lon="-111.77609">
        <ele>1472.6</ele>
      </trkpt>
      <trkpt lat="40.40828" lon="-111.77664">
        <ele>1472.7</ele>
      </trkpt>
      <trkpt lat="40.4084" lon="-111.77712">
        <ele>1472.8</ele>
      </trkpt>
      <trkpt lat="40.40846" lon="-111.77745">
        <ele>1472.8</ele>
      </trkpt>
      <trkpt lat="40.40852" lon="-111.77794">
        <ele>1472.8</ele>
      </trkpt>
      <trkpt lat="40.40862" lon="-111.77889">
        <ele>1472.6</ele>
      </trkpt>
      <trkpt lat="40.40872" lon="-111.77983">
        <ele>1472.2</ele>
      </trkpt>
      <trkpt lat="40.40878" lon="-111.78057">
        <ele>1471.8</ele>
      </trkpt>
      <trkpt lat="40.4088" lon="-111.78067">
        <ele>1471.7</ele>
      </trkpt>
      <trkpt lat="40.40879" lon="-111.78079">
        <ele>1471.6</ele>
      </trkpt>
      <trkpt lat="40.40877" lon="-111.78092">
        <ele>1471.4</ele>
      </trkpt>
      <trkpt lat="40.40877" lon="-111.78102">
        <ele>1471.3</ele>
      </trkpt>
      <trkpt lat="40.40879" lon="-111.7811">
        <ele>1470.8</ele>
      </trkpt>
      <trkpt lat="40.40883" lon="-111.78117">
        <ele>1470.4</ele>
      </trkpt>
      <trkpt lat="40.40891" lon="-111.78126">
        <ele>1469.7</ele>
      </trkpt>
      <trkpt lat="40.4091" lon="-111.78139">
        <ele>1468.3</ele>
      </trkpt>
      <trkpt lat="40.40916" lon="-111.78147">
        <ele>1467.8</ele>
      </trkpt>
      <trkpt lat="40.40917" lon="-111.7815">
        <ele>1467.6</ele>
      </trkpt>
      <trkpt lat="40.40919" lon="-111.78157">
        <ele>1467.3</ele>
      </trkpt>
      <trkpt lat="40.40921" lon="-111.78218">
        <ele>1464.3</ele>
      </trkpt>
      <trkpt lat="40.40923" lon="-111.78279">
        <ele>1461.4</ele>
      </trkpt>
      <trkpt lat="40.40916" lon="-111.78319">
        <ele>1459.5</ele>
      </trkpt>
      <trkpt lat="40.40905" lon="-111.78357">
        <ele>1458.7</ele>
      </trkpt>
      <trkpt lat="40.40901" lon="-111.78379">
        <ele>1458.6</ele>
      </trkpt>
      <trkpt lat="40.40896" lon="-111.7842">
        <ele>1458.1</ele>
      </trkpt>
      <trkpt lat="40.40895" lon="-111.78459">
        <ele>1458.1</ele>
      </trkpt>
      <trkpt lat="40.40894" lon="-111.78523">
        <ele>1457.6</ele>
      </trkpt>
      <trkpt lat="40.40894" lon="-111.78587">
        <ele>1459.4</ele>
      </trkpt>
      <trkpt lat="40.40895" lon="-111.78653">
        <ele>1459.3</ele>
      </trkpt>
      <trkpt lat="40.40894" lon="-111.78675">
        <ele>1459.6</ele>
      </trkpt>
      <trkpt lat="40.40892" lon="-111.78697">
        <ele>1460.8</ele>
      </trkpt>
      <trkpt lat="40.40871" lon="-111.78811">
        <ele>1465.2</ele>
      </trkpt>
      <trkpt lat="40.40866" lon="-111.78864">
        <ele>1466.0</ele>
      </trkpt>
      <trkpt lat="40.40865" lon="-111.78889">
        <ele>1466.4</ele>
      </trkpt>
      <trkpt lat="40.40866" lon="-111.78896">
        <ele>1466.5</ele>
      </trkpt>
      <trkpt lat="40.40867" lon="-111.78899">
        <ele>1466.5</ele>
      </trkpt>
      <trkpt lat="40.40867" lon="-111.78912">
        <ele>1466.7</ele>
      </trkpt>
      <trkpt lat="40.40867" lon="-111.78912">
        <ele>1466.7</ele>
      </trkpt>
      <trkpt lat="40.40867" lon="-111.78912">
        <ele>1466.7</ele>
      </trkpt>
      <trkpt lat="40.40867" lon="-111.78925">
        <ele>1466.7</ele>
      </trkpt>
      <trkpt lat="40.40845" lon="-111.78933">
        <ele>1466.3</ele>
      </trkpt>
      <trkpt lat="40.40788" lon="-111.78956">
        <ele>1464.6</ele>
      </trkpt>
      <trkpt lat="40.40768" lon="-111.78966">
        <ele>1464.6</ele>
      </trkpt>
      <trkpt lat="40.40715" lon="-111.78997">
        <ele>1464.0</ele>
      </trkpt>
      <trkpt lat="40.40654" lon="-111.79033">
        <ele>1463.0</ele>
      </trkpt>
      <trkpt lat="40.40583" lon="-111.79077">
        <ele>1460.7</ele>
      </trkpt>
      <trkpt lat="40.40513" lon="-111.7912">
        <ele>1459.2</ele>
      </trkpt>
      <trkpt lat="40.40443" lon="-111.79164">
        <ele>1458.9</ele>
      </trkpt>
      <trkpt lat="40.40372" lon="-111.79208">
        <ele>1458.4</ele>
      </trkpt>
      <trkpt lat="40.40302" lon="-111.79252">
        <ele>1458.4</ele>
      </trkpt>
      <trkpt lat="40.40231" lon="-111.79295">
        <ele>1458.2</ele>
      </trkpt>
      <trkpt lat="40.40155" lon="-111.79343">
        <ele>1455.5</ele>
      </trkpt>
      <trkpt lat="40.40079" lon="-111.7939">
        <ele>1453.1</ele>
      </trkpt>
      <trkpt lat="40.40003" lon="-111.79437">
        <ele>1452.6</ele>
      </trkpt>
      <trkpt lat="40.39928" lon="-111.79485">
        <ele>1452.3</ele>
      </trkpt>
      <trkpt lat="40.39917" lon="-111.79491">
        <ele>1452.2</ele>
      </trkpt>
      <trkpt lat="40.39917" lon="-111.79508">
        <ele>1452.3</ele>
      </trkpt>
      <trkpt lat="40.39923" lon="-111.7957">
        <ele>1452.7</ele>
      </trkpt>
      <trkpt lat="40.39929" lon="-111.79646">
        <ele>1452.8</ele>
      </trkpt>
      <trkpt lat="40.39935" lon="-111.79721">
        <ele>1452.8</ele>
      </trkpt>
      <trkpt lat="40.3994" lon="-111.79775">
        <ele>1452.6</ele>
      </trkpt>
      <trkpt lat="40.39945" lon="-111.79816">
        <ele>1452.6</ele>
      </trkpt>
      <trkpt lat="40.39947" lon="-111.79848">
        <ele>1452.6</ele>
      </trkpt>
      <trkpt lat="40.39947" lon="-111.79934">
        <ele>1452.4</ele>
      </trkpt>
      <trkpt lat="40.39947" lon="-111.8002">
        <ele>1452.0</ele>
      </trkpt>
      <trkpt lat="40.39946" lon="-111.80135">
        <ele>1450.5</ele>
      </trkpt>
      <trkpt lat="40.39946" lon="-111.8025">
        <ele>1448.8</ele>
      </trkpt>
      <trkpt lat="40.39944" lon="-111.80343">
        <ele>1448.2</ele>
      </trkpt>
      <trkpt lat="40.39943" lon="-111.80436">
        <ele>1445.8</ele>
      </trkpt>
      <trkpt lat="40.39941" lon="-111.80529">
        <ele>1444.0</ele>
      </trkpt>
      <trkpt lat="40.39941" lon="-111.80613">
        <ele>1443.5</ele>
      </trkpt>
      <trkpt lat="40.39941" lon="-111.80697">
        <ele>1443.1</ele>
      </trkpt>
      <trkpt lat="40.39942" lon="-111.80714">
        <ele>1443.0</ele>
      </trkpt>
      <trkpt lat="40.39946" lon="-111.8076">
        <ele>1442.9</ele>
      </trkpt>
      <trkpt lat="40.39947" lon="-111.80777">
        <ele>1442.7</ele>
      </trkpt>
      <trkpt lat="40.39946" lon="-111.80792">
        <ele>1442.3</ele>
      </trkpt>
      <trkpt lat="40.3994" lon="-111.80841">
        <ele>1440.9</ele>
      </trkpt>
      <trkpt lat="40.39939" lon="-111.80904">
        <ele>1439.9</ele>
      </trkpt>
      <trkpt lat="40.39939" lon="-111.80997">
        <ele>1439.2</ele>
      </trkpt>
      <trkpt lat="40.39938" lon="-111.81012">
        <ele>1439.1</ele>
      </trkpt>
      <trkpt lat="40.39948" lon="-111.81111">
        <ele>1440.0</ele>
      </trkpt>
      <trkpt lat="40.39948" lon="-111.81147">
        <ele>1439.9</ele>
      </trkpt>
      <trkpt lat="40.39948" lon="-111.81217">
        <ele>1439.7</ele>
      </trkpt>
      <trkpt lat="40.39945" lon="-111.81298">
        <ele>1440.0</ele>
      </trkpt>
      <trkpt lat="40.3994" lon="-111.81386">
        <ele>1438.9</ele>
      </trkpt>
      <trkpt lat="40.39935" lon="-111.81475">
        <ele>1438.2</ele>
      </trkpt>
      <trkpt lat="40.3993" lon="-111.81563">
        <ele>1436.2</ele>
      </trkpt>
      <trkpt lat="40.39929" lon="-111.81576">
        <ele>1435.8</ele>
      </trkpt>
      <trkpt lat="40.39916" lon="-111.81641">
        <ele>1435.2</ele>
      </trkpt>
      <trkpt lat="40.39903" lon="-111.81706">
        <ele>1434.4</ele>
      </trkpt>
      <trkpt lat="40.399" lon="-111.81747">
        <ele>1431.8</ele>
      </trkpt>
      <trkpt lat="40.399" lon="-111.81781">
        <ele>1432.1</ele>
      </trkpt>
      <trkpt lat="40.399" lon="-111.81818">
        <ele>1432.6</ele>
      </trkpt>
      <trkpt lat="40.399" lon="-111.81903">
        <ele>1433.6</ele>
      </trkpt>
      <trkpt lat="40.39899" lon="-111.81989">
        <ele>1435.2</ele>
      </trkpt>
      <trkpt lat="40.39899" lon="-111.82074">
        <ele>1431.7</ele>
      </trkpt>
      <trkpt lat="40.39839" lon="-111.82073">
        <ele>1431.0</ele>
      </trkpt>
      <trkpt lat="40.39773" lon="-111.82066">
        <ele>1429.4</ele>
      </trkpt>
      <trkpt lat="40.39717" lon="-111.82065">
        <ele>1427.0</ele>
      </trkpt>
      <trkpt lat="40.39647" lon="-111.82066">
        <ele>1423.0</ele>
      </trkpt>
      <trkpt lat="40.39578" lon="-111.82067">
        <ele>1419.8</ele>
      </trkpt>
      <trkpt lat="40.39537" lon="-111.82065">
        <ele>1418.1</ele>
      </trkpt>
      <trkpt lat="40.3946" lon="-111.82065">
        <ele>1415.1</ele>
      </trkpt>
      <trkpt lat="40.39383" lon="-111.82065">
        <ele>1412.6</ele>
      </trkpt>
      <trkpt lat="40.39319" lon="-111.82064">
        <ele>1409.7</ele>
      </trkpt>
      <trkpt lat="40.39255" lon="-111.82062">
        <ele>1407.4</ele>
      </trkpt>
      <trkpt lat="40.392" lon="-111.82069">
        <ele>1405.5</ele>
      </trkpt>
      <trkpt lat="40.39169" lon="-111.8208">
        <ele>1404.5</ele>
      </trkpt>
      <trkpt lat="40.39136" lon="-111.82095">
        <ele>1403.3</ele>
      </trkpt>
      <trkpt lat="40.3908" lon="-111.82114">
        <ele>1400.5</ele>
      </trkpt>
      <trkpt lat="40.39048" lon="-111.82123">
        <ele>1398.4</ele>
      </trkpt>
      <trkpt lat="40.39" lon="-111.82135">
        <ele>1395.9</ele>
      </trkpt>
      <trkpt lat="40.38981" lon="-111.82136">
        <ele>1395.0</ele>
      </trkpt>
      <trkpt lat="40.38906" lon="-111.82145">
        <ele>1392.1</ele>
      </trkpt>
      <trkpt lat="40.38909" lon="-111.8218">
        <ele>1391.8</ele>
      </trkpt>
      <trkpt lat="40.3893" lon="-111.8225">
        <ele>1392.2</ele>
      </trkpt>
      <trkpt lat="40.38922" lon="-111.82276">
        <ele>1391.9</ele>
      </trkpt>
      <trkpt lat="40.38918" lon="-111.8229">
        <ele>1391.7</ele>
      </trkpt>
      <trkpt lat="40.38926" lon="-111.82316">
        <ele>1391.9</ele>
      </trkpt>
      <trkpt lat="40.38926" lon="-111.82316">
        <ele>1391.9</ele>
      </trkpt>
      <trkpt lat="40.38926" lon="-111.82316">
        <ele>1391.9</ele>
      </trkpt>
      <trkpt lat="40.38929" lon="-111.82326">
        <ele>1392.0</ele>
      </trkpt>
      <trkpt lat="40.38863" lon="-111.82359">
        <ele>1390.0</ele>
      </trkpt>
      <trkpt lat="40.38876" lon="-111.82402">
        <ele>1390.4</ele>
      </trkpt>
      <trkpt lat="40.38882" lon="-111.82425">
        <ele>1390.5</ele>
      </trkpt>
      <trkpt lat="40.38823" lon="-111.82464">
        <ele>1388.6</ele>
      </trkpt>
      <trkpt lat="40.38818" lon="-111.82472">
        <ele>1388.4</ele>
      </trkpt>
      <trkpt lat="40.38816" lon="-111.82478">
        <ele>1388.3</ele>
      </trkpt>
      <trkpt lat="40.38816" lon="-111.82484">
        <ele>1388.2</ele>
      </trkpt>
      <trkpt lat="40.38829" lon="-111.82519">
        <ele>1388.3</ele>
      </trkpt>
      <trkpt lat="40.38833" lon="-111.82562">
        <ele>1388.0</ele>
      </trkpt>
      <trkpt lat="40.38856" lon="-111.82617">
        <ele>1388.2</ele>
      </trkpt>
      <trkpt lat="40.38879" lon="-111.82672">
        <ele>1388.5</ele>
      </trkpt>
      <trkpt lat="40.38889" lon="-111.827">
        <ele>1388.7</ele>
      </trkpt>
      <trkpt lat="40.38861" lon="-111.82725">
        <ele>1387.7</ele>
      </trkpt>
      <trkpt lat="40.38857" lon="-111.82731">
        <ele>1387.6</ele>
      </trkpt>
      <trkpt lat="40.38854" lon="-111.82738">
        <ele>1387.4</ele>
      </trkpt>
      <trkpt lat="40.38852" lon="-111.82773">
        <ele>1387.3</ele>
      </trkpt>
      <trkpt lat="40.38849" lon="-111.82868">
        <ele>1387.2</ele>
      </trkpt>
      <trkpt lat="40.38847" lon="-111.82963">
        <ele>1387.2</ele>
      </trkpt>
      <trkpt lat="40.38844" lon="-111.83058">
        <ele>1387.2</ele>
      </trkpt>
      <trkpt lat="40.38841" lon="-111.83157">
        <ele>1387.5</ele>
      </trkpt>
      <trkpt lat="40.38838" lon="-111.83255">
        <ele>1389.2</ele>
      </trkpt>
      <trkpt lat="40.38835" lon="-111.83354">
        <ele>1390.6</ele>
      </trkpt>
      <trkpt lat="40.38833" lon="-111.83417">
        <ele>1390.4</ele>
      </trkpt>
      <trkpt lat="40.38831" lon="-111.83481">
        <ele>1389.3</ele>
      </trkpt>
      <trkpt lat="40.38829" lon="-111.83561">
        <ele>1388.0</ele>
      </trkpt>
      <trkpt lat="40.38823" lon="-111.83573">
        <ele>1387.6</ele>
      </trkpt>
      <trkpt lat="40.38821" lon="-111.8368">
        <ele>1386.3</ele>
      </trkpt>
      <trkpt lat="40.38819" lon="-111.83786">
        <ele>1385.7</ele>
      </trkpt>
      <trkpt lat="40.38816" lon="-111.83893">
        <ele>1385.7</ele>
      </trkpt>
      <trkpt lat="40.38814" lon="-111.83999">
        <ele>1385.8</ele>
      </trkpt>
      <trkpt lat="40.38811" lon="-111.84106">
        <ele>1385.8</ele>
      </trkpt>
      <trkpt lat="40.38808" lon="-111.84203">
        <ele>1385.9</ele>
      </trkpt>
      <trkpt lat="40.38805" lon="-111.843">
        <ele>1386.1</ele>
      </trkpt>
      <trkpt lat="40.38802" lon="-111.84398">
        <ele>1386.5</ele>
      </trkpt>
      <trkpt lat="40.38799" lon="-111.84495">
        <ele>1386.8</ele>
      </trkpt>
      <trkpt lat="40.38795" lon="-111.84593">
        <ele>1387.0</ele>
      </trkpt>
      <trkpt lat="40.38793" lon="-111.84702">
        <ele>1387.3</ele>
      </trkpt>
      <trkpt lat="40.3879" lon="-111.84811">
        <ele>1387.6</ele>
      </trkpt>
      <trkpt lat="40.38788" lon="-111.84921">
        <ele>1387.7</ele>
      </trkpt>
      <trkpt lat="40.38787" lon="-111.84996">
        <ele>1387.7</ele>
      </trkpt>
      <trkpt lat="40.38786" lon="-111.85071">
        <ele>1387.9</ele>
      </trkpt>
      <trkpt lat="40.38784" lon="-111.85148">
        <ele>1387.8</ele>
      </trkpt>
      <trkpt lat="40.38781" lon="-111.85224">
        <ele>1387.8</ele>
      </trkpt>
      <trkpt lat="40.38779" lon="-111.853">
        <ele>1387.7</ele>
      </trkpt>
      <trkpt lat="40.38778" lon="-111.85376">
        <ele>1387.4</ele>
      </trkpt>
      <trkpt lat="40.38776" lon="-111.85394">
        <ele>1387.4</ele>
      </trkpt>
      <trkpt lat="40.38775" lon="-111.8543">
        <ele>1387.3</ele>
      </trkpt>
      <trkpt lat="40.38777" lon="-111.85434">
        <ele>1387.4</ele>
      </trkpt>
      <trkpt lat="40.38778" lon="-111.8544">
        <ele>1387.4</ele>
      </trkpt>
      <trkpt lat="40.38776" lon="-111.85512">
        <ele>1387.2</ele>
      </trkpt>
      <trkpt lat="40.38774" lon="-111.85584">
        <ele>1387.0</ele>
      </trkpt>
      <trkpt lat="40.38772" lon="-111.85594">
        <ele>1387.0</ele>
      </trkpt>
      <trkpt lat="40.38772" lon="-111.85637">
        <ele>1386.8</ele>
      </trkpt>
      <trkpt lat="40.38772" lon="-111.85654">
        <ele>1386.8</ele>
      </trkpt>
      <trkpt lat="40.3877" lon="-111.8567">
        <ele>1386.7</ele>
      </trkpt>
      <trkpt lat="40.38767" lon="-111.85687">
        <ele>1386.7</ele>
      </trkpt>
      <trkpt lat="40.38768" lon="-111.85697">
        <ele>1386.7</ele>
      </trkpt>
      <trkpt lat="40.3877" lon="-111.85705">
        <ele>1386.7</ele>
      </trkpt>
      <trkpt lat="40.3877" lon="-111.8571">
        <ele>1386.7</ele>
      </trkpt>
      <trkpt lat="40.38769" lon="-111.85715">
        <ele>1386.7</ele>
      </trkpt>
      <trkpt lat="40.38766" lon="-111.85719">
        <ele>1386.7</ele>
      </trkpt>
      <trkpt lat="40.38763" lon="-111.85723">
        <ele>1386.6</ele>
      </trkpt>
      <trkpt lat="40.38758" lon="-111.85725">
        <ele>1386.6</ele>
      </trkpt>
      <trkpt lat="40.38746" lon="-111.85734">
        <ele>1386.5</ele>
      </trkpt>
      <trkpt lat="40.38738" lon="-111.85744">
        <ele>1386.4</ele>
      </trkpt>
      <trkpt lat="40.38733" lon="-111.85753">
        <ele>1386.3</ele>
      </trkpt>
      <trkpt lat="40.38726" lon="-111.85769">
        <ele>1386.2</ele>
      </trkpt>
      <trkpt lat="40.38722" lon="-111.85786">
        <ele>1386.1</ele>
      </trkpt>
      <trkpt lat="40.38721" lon="-111.85804">
        <ele>1386.1</ele>
      </trkpt>
      <trkpt lat="40.38721" lon="-111.85916">
        <ele>1385.9</ele>
      </trkpt>
      <trkpt lat="40.38721" lon="-111.86028">
        <ele>1385.3</ele>
      </trkpt>
      <trkpt lat="40.38721" lon="-111.8614">
        <ele>1385.2</ele>
      </trkpt>
      <trkpt lat="40.38721" lon="-111.86253">
        <ele>1385.1</ele>
      </trkpt>
      <trkpt lat="40.38721" lon="-111.86365">
        <ele>1384.7</ele>
      </trkpt>
      <trkpt lat="40.3872" lon="-111.86477">
        <ele>1383.9</ele>
      </trkpt>
      <trkpt lat="40.3872" lon="-111.8659">
        <ele>1383.3</ele>
      </trkpt>
      <trkpt lat="40.3872" lon="-111.86702">
        <ele>1382.6</ele>
      </trkpt>
      <trkpt lat="40.3872" lon="-111.8681">
        <ele>1382.1</ele>
      </trkpt>
      <trkpt lat="40.38721" lon="-111.86917">
        <ele>1381.6</ele>
      </trkpt>
      <trkpt lat="40.38721" lon="-111.87025">
        <ele>1381.1</ele>
      </trkpt>
      <trkpt lat="40.38721" lon="-111.87133">
        <ele>1380.7</ele>
      </trkpt>
      <trkpt lat="40.38721" lon="-111.8724">
        <ele>1380.2</ele>
      </trkpt>
      <trkpt lat="40.38721" lon="-111.87348">
        <ele>1379.9</ele>
      </trkpt>
      <trkpt lat="40.38721" lon="-111.87456">
        <ele>1379.7</ele>
      </trkpt>
      <trkpt lat="40.38721" lon="-111.87564">
        <ele>1379.0</ele>
      </trkpt>
      <trkpt lat="40.38721" lon="-111.87671">
        <ele>1378.8</ele>
      </trkpt>
      <trkpt lat="40.38722" lon="-111.87686">
        <ele>1378.8</ele>
      </trkpt>
      <trkpt lat="40.38724" lon="-111.87779">
        <ele>1378.4</ele>
      </trkpt>
      <trkpt lat="40.38725" lon="-111.87873">
        <ele>1377.8</ele>
      </trkpt>
      <trkpt lat="40.38725" lon="-111.87969">
        <ele>1377.0</ele>
      </trkpt>
      <trkpt lat="40.38726" lon="-111.88065">
        <ele>1376.4</ele>
      </trkpt>
      <trkpt lat="40.38727" lon="-111.88161">
        <ele>1375.9</ele>
      </trkpt>
      <trkpt lat="40.38727" lon="-111.88257">
        <ele>1375.5</ele>
      </trkpt>
      <trkpt lat="40.3873" lon="-111.88354">
        <ele>1375.2</ele>
      </trkpt>
      <trkpt lat="40.38733" lon="-111.88451">
        <ele>1375.0</ele>
      </trkpt>
      <trkpt lat="40.38736" lon="-111.88548">
        <ele>1374.7</ele>
      </trkpt>
      <trkpt lat="40.38736" lon="-111.88651">
        <ele>1374.3</ele>
      </trkpt>
      <trkpt lat="40.38737" lon="-111.88752">
        <ele>1373.8</ele>
      </trkpt>
      <trkpt lat="40.38737" lon="-111.88854">
        <ele>1373.2</ele>
      </trkpt>
      <trkpt lat="40.38737" lon="-111.88955">
        <ele>1372.8</ele>
      </trkpt>
      <trkpt lat="40.38737" lon="-111.89026">
        <ele>1372.7</ele>
      </trkpt>
      <trkpt lat="40.38737" lon="-111.89096">
        <ele>1372.8</ele>
      </trkpt>
      <trkpt lat="40.38735" lon="-111.89182">
        <ele>1372.8</ele>
      </trkpt>
      <trkpt lat="40.38735" lon="-111.89246">
        <ele>1372.7</ele>
      </trkpt>
      <trkpt lat="40.38736" lon="-111.89311">
        <ele>1372.6</ele>
      </trkpt>
      <trkpt lat="40.38736" lon="-111.8942">
        <ele>1372.0</ele>
      </trkpt>
      <trkpt lat="40.38737" lon="-111.89528">
        <ele>1371.0</ele>
      </trkpt>
      <trkpt lat="40.38737" lon="-111.89637">
        <ele>1370.2</ele>
      </trkpt>
      <trkpt lat="40.38738" lon="-111.89746">
        <ele>1370.0</ele>
      </trkpt>
      <trkpt lat="40.38738" lon="-111.89854">
        <ele>1369.8</ele>
      </trkpt>
      <trkpt lat="40.38739" lon="-111.89963">
        <ele>1369.7</ele>
      </trkpt>
      <trkpt lat="40.38739" lon="-111.90071">
        <ele>1369.9</ele>
      </trkpt>
      <trkpt lat="40.3874" lon="-111.9018">
        <ele>1369.7</ele>
      </trkpt>
      <trkpt lat="40.38741" lon="-111.90288">
        <ele>1369.7</ele>
      </trkpt>
      <trkpt lat="40.38741" lon="-111.90318">
        <ele>1369.7</ele>
      </trkpt>
      <trkpt lat="40.38746" lon="-111.90385">
        <ele>1369.6</ele>
      </trkpt>
      <trkpt lat="40.3875" lon="-111.90452">
        <ele>1369.7</ele>
      </trkpt>
      <trkpt lat="40.38752" lon="-111.90518">
        <ele>1371.3</ele>
      </trkpt>
      <trkpt lat="40.38752" lon="-111.90577">
        <ele>1372.8</ele>
      </trkpt>
      <trkpt lat="40.38751" lon="-111.90652">
        <ele>1374.8</ele>
      </trkpt>
      <trkpt lat="40.38748" lon="-111.90712">
        <ele>1375.4</ele>
      </trkpt>
      <trkpt lat="40.3872" lon="-111.90711">
        <ele>1375.7</ele>
      </trkpt>
      <trkpt lat="40.38672" lon="-111.90709">
        <ele>1376.4</ele>
      </trkpt>
      <trkpt lat="40.38623" lon="-111.90706">
        <ele>1374.3</ele>
      </trkpt>
      <trkpt lat="40.38616" lon="-111.90707">
        <ele>1373.9</ele>
      </trkpt>
      <trkpt lat="40.38608" lon="-111.90712">
        <ele>1373.5</ele>
      </trkpt>
      <trkpt lat="40.38603" lon="-111.9072">
        <ele>1373.2</ele>
      </trkpt>
      <trkpt lat="40.3859" lon="-111.90764">
        <ele>1372.5</ele>
      </trkpt>
      <trkpt lat="40.3859" lon="-111.90764">
        <ele>1372.5</ele>
      </trkpt>
      <trkpt lat="40.38582" lon="-111.90793">
        <ele>1372.0</ele>
      </trkpt>
      <trkpt lat="40.38575" lon="-111.90813">
        <ele>1371.7</ele>
      </trkpt>
      <trkpt lat="40.38566" lon="-111.90833">
        <ele>1371.4</ele>
      </trkpt>
      <trkpt lat="40.38542" lon="-111.90875">
        <ele>1371.5</ele>
      </trkpt>
      <trkpt lat="40.38517" lon="-111.90911">
        <ele>1371.7</ele>
      </trkpt>
      <trkpt lat="40.3848" lon="-111.90952">
        <ele>1371.5</ele>
      </trkpt>
      <trkpt lat="40.38442" lon="-111.90993">
        <ele>1371.2</ele>
      </trkpt>
      <trkpt lat="40.38411" lon="-111.91026">
        <ele>1370.8</ele>
      </trkpt>
      <trkpt lat="40.38391" lon="-111.91051">
        <ele>1370.6</ele>
      </trkpt>
      <trkpt lat="40.3837" lon="-111.91063">
        <ele>1370.0</ele>
      </trkpt>
      <trkpt lat="40.38346" lon="-111.91076">
        <ele>1369.4</ele>
      </trkpt>
      <trkpt lat="40.38332" lon="-111.91089">
        <ele>1369.4</ele>
      </trkpt>
      <trkpt lat="40.3829" lon="-111.91148">
        <ele>1370.2</ele>
      </trkpt>
      <trkpt lat="40.38297" lon="-111.91159">
        <ele>1370.9</ele>
      </trkpt>
      <trkpt lat="40.38302" lon="-111.91169">
        <ele>1371.5</ele>
      </trkpt>
      <trkpt lat="40.38304" lon="-111.91179">
        <ele>1372.0</ele>
      </trkpt>
      <trkpt lat="40.38306" lon="-111.91197">
        <ele>1372.6</ele>
      </trkpt>
      <trkpt lat="40.38306" lon="-111.91213">
        <ele>1372.9</ele>
      </trkpt>
      <trkpt lat="40.38306" lon="-111.91321">
        <ele>1374.3</ele>
      </trkpt>
      <trkpt lat="40.38306" lon="-111.91429">
        <ele>1376.0</ele>
      </trkpt>
      <trkpt lat="40.383" lon="-111.91438">
        <ele>1376.2</ele>
      </trkpt>
      <trkpt lat="40.38293" lon="-111.91441">
        <ele>1376.2</ele>
      </trkpt>
      <trkpt lat="40.38282" lon="-111.91442">
        <ele>1376.1</ele>
      </trkpt>
      <trkpt lat="40.38281" lon="-111.91506">
        <ele>1377.4</ele>
      </trkpt>
      <trkpt lat="40.38281" lon="-111.9157">
        <ele>1379.1</ele>
      </trkpt>
      <trkpt lat="40.38286" lon="-111.91579">
        <ele>1379.2</ele>
      </trkpt>
      <trkpt lat="40.38286" lon="-111.91651">
        <ele>1381.1</ele>
      </trkpt>
      <trkpt lat="40.38284" lon="-111.91682">
        <ele>1381.7</ele>
      </trkpt>
      <trkpt lat="40.38283" lon="-111.91693">
        <ele>1381.9</ele>
      </trkpt>
      <trkpt lat="40.38279" lon="-111.91714">
        <ele>1382.2</ele>
      </trkpt>
      <trkpt lat="40.38273" lon="-111.91731">
        <ele>1382.4</ele>
      </trkpt>
      <trkpt lat="40.38267" lon="-111.91747">
        <ele>1382.6</ele>
      </trkpt>
      <trkpt lat="40.38252" lon="-111.91779">
        <ele>1382.9</ele>
      </trkpt>
      <trkpt lat="40.38218" lon="-111.91755">
        <ele>1382.2</ele>
      </trkpt>
      <trkpt lat="40.38209" lon="-111.91751">
        <ele>1382.1</ele>
      </trkpt>
      <trkpt lat="40.382" lon="-111.9175">
        <ele>1382.0</ele>
      </trkpt>
      <trkpt lat="40.38125" lon="-111.91749">
        <ele>1380.9</ele>
      </trkpt>
      <trkpt lat="40.38125" lon="-111.91809">
        <ele>1381.5</ele>
      </trkpt>
      <trkpt lat="40.38124" lon="-111.9187">
        <ele>1382.3</ele>
      </trkpt>
      <trkpt lat="40.3812" lon="-111.9187">
        <ele>1382.3</ele>
      </trkpt>
      <trkpt lat="40.3812" lon="-111.9187">
        <ele>1382.3</ele>
      </trkpt>
      <trkpt lat="40.3812" lon="-111.9187">
        <ele>1382.3</ele>
      </trkpt>
      <trkpt lat="40.38124" lon="-111.9187">
        <ele>1382.3</ele>
      </trkpt>
      <trkpt lat="40.38125" lon="-111.91809">
        <ele>1381.5</ele>
      </trkpt>
      <trkpt lat="40.38125" lon="-111.91749">
        <ele>1380.9</ele>
      </trkpt>
      <trkpt lat="40.382" lon="-111.9175">
        <ele>1382.0</ele>
      </trkpt>
      <trkpt lat="40.38209" lon="-111.91751">
        <ele>1382.1</ele>
      </trkpt>
      <trkpt lat="40.38218" lon="-111.91755">
        <ele>1382.2</ele>
      </trkpt>
      <trkpt lat="40.38252" lon="-111.91779">
        <ele>1382.9</ele>
      </trkpt>
      <trkpt lat="40.38253" lon="-111.91768">
        <ele>1382.7</ele>
      </trkpt>
      <trkpt lat="40.38254" lon="-111.91762">
        <ele>1382.7</ele>
      </trkpt>
      <trkpt lat="40.38266" lon="-111.91732">
        <ele>1382.3</ele>
      </trkpt>
      <trkpt lat="40.38272" lon="-111.91709">
        <ele>1382.0</ele>
      </trkpt>
      <trkpt lat="40.38276" lon="-111.91684">
        <ele>1381.7</ele>
      </trkpt>
      <trkpt lat="40.38277" lon="-111.91672">
        <ele>1381.5</ele>
      </trkpt>
      <trkpt lat="40.38278" lon="-111.91633">
        <ele>1380.6</ele>
      </trkpt>
      <trkpt lat="40.38277" lon="-111.91578">
        <ele>1379.3</ele>
      </trkpt>
      <trkpt lat="40.38281" lon="-111.9157">
        <ele>1379.1</ele>
      </trkpt>
      <trkpt lat="40.38281" lon="-111.91506">
        <ele>1377.4</ele>
      </trkpt>
      <trkpt lat="40.38282" lon="-111.91442">
        <ele>1376.1</ele>
      </trkpt>
      <trkpt lat="40.38293" lon="-111.91441">
        <ele>1376.2</ele>
      </trkpt>
      <trkpt lat="40.383" lon="-111.91438">
        <ele>1376.2</ele>
      </trkpt>
      <trkpt lat="40.38306" lon="-111.91429">
        <ele>1376.0</ele>
      </trkpt>
      <trkpt lat="40.38306" lon="-111.91351">
        <ele>1374.7</ele>
      </trkpt>
      <trkpt lat="40.38306" lon="-111.91273">
        <ele>1373.8</ele>
      </trkpt>
      <trkpt lat="40.38306" lon="-111.91273">
        <ele>1373.8</ele>
      </trkpt>
      <trkpt lat="40.38306" lon="-111.91204">
        <ele>1372.8</ele>
      </trkpt>
      <trkpt lat="40.38304" lon="-111.91179">
        <ele>1372.0</ele>
      </trkpt>
      <trkpt lat="40.38302" lon="-111.91169">
        <ele>1371.5</ele>
      </trkpt>
      <trkpt lat="40.38297" lon="-111.91159">
        <ele>1370.9</ele>
      </trkpt>
      <trkpt lat="40.3829" lon="-111.91148">
        <ele>1370.2</ele>
      </trkpt>
      <trkpt lat="40.38332" lon="-111.91089">
        <ele>1369.4</ele>
      </trkpt>
      <trkpt lat="40.38346" lon="-111.91076">
        <ele>1369.4</ele>
      </trkpt>
      <trkpt lat="40.3837" lon="-111.91063">
        <ele>1370.0</ele>
      </trkpt>
      <trkpt lat="40.38391" lon="-111.91051">
        <ele>1370.6</ele>
      </trkpt>
      <trkpt lat="40.38411" lon="-111.91026">
        <ele>1370.8</ele>
      </trkpt>
      <trkpt lat="40.38442" lon="-111.90993">
        <ele>1371.2</ele>
      </trkpt>
      <trkpt lat="40.3848" lon="-111.90952">
        <ele>1371.5</ele>
      </trkpt>
      <trkpt lat="40.38517" lon="-111.90911">
        <ele>1371.7</ele>
      </trkpt>
      <trkpt lat="40.38542" lon="-111.90875">
        <ele>1371.5</ele>
      </trkpt>
      <trkpt lat="40.38566" lon="-111.90833">
        <ele>1371.4</ele>
      </trkpt>
      <trkpt lat="40.38575" lon="-111.90813">
        <ele>1371.7</ele>
      </trkpt>
      <trkpt lat="40.38582" lon="-111.90793">
        <ele>1372.0</ele>
      </trkpt>
      <trkpt lat="40.38603" lon="-111.9072">
        <ele>1373.2</ele>
      </trkpt>
      <trkpt lat="40.38608" lon="-111.90712">
        <ele>1373.5</ele>
      </trkpt>
      <trkpt lat="40.38616" lon="-111.90707">
        <ele>1373.9</ele>
      </trkpt>
      <trkpt lat="40.38623" lon="-111.90706">
        <ele>1374.3</ele>
      </trkpt>
      <trkpt lat="40.38672" lon="-111.90709">
        <ele>1376.4</ele>
      </trkpt>
      <trkpt lat="40.3872" lon="-111.90711">
        <ele>1375.7</ele>
      </trkpt>
      <trkpt lat="40.38748" lon="-111.90712">
        <ele>1375.4</ele>
      </trkpt>
      <trkpt lat="40.3882" lon="-111.90717">
        <ele>1378.0</ele>
      </trkpt>
      <trkpt lat="40.38897" lon="-111.90721">
        <ele>1379.8</ele>
      </trkpt>
      <trkpt lat="40.3896" lon="-111.90727">
        <ele>1380.0</ele>
      </trkpt>
      <trkpt lat="40.39037" lon="-111.90731">
        <ele>1379.9</ele>
      </trkpt>
      <trkpt lat="40.39058" lon="-111.90735">
        <ele>1379.9</ele>
      </trkpt>
      <trkpt lat="40.39131" lon="-111.9075">
        <ele>1380.2</ele>
      </trkpt>
      <trkpt lat="40.39158" lon="-111.90752">
        <ele>1380.2</ele>
      </trkpt>
      <trkpt lat="40.39157" lon="-111.90729">
        <ele>1379.6</ele>
      </trkpt>
      <trkpt lat="40.39157" lon="-111.90658">
        <ele>1378.1</ele>
      </trkpt>
      <trkpt lat="40.39157" lon="-111.90587">
        <ele>1376.9</ele>
      </trkpt>
      <trkpt lat="40.3916" lon="-111.90572">
        <ele>1376.5</ele>
      </trkpt>
      <trkpt lat="40.39167" lon="-111.90555">
        <ele>1376.5</ele>
      </trkpt>
      <trkpt lat="40.39182" lon="-111.90524">
        <ele>1376.4</ele>
      </trkpt>
      <trkpt lat="40.39191" lon="-111.90509">
        <ele>1376.4</ele>
      </trkpt>
      <trkpt lat="40.3921" lon="-111.90485">
        <ele>1375.9</ele>
      </trkpt>
      <trkpt lat="40.39246" lon="-111.90454">
        <ele>1374.7</ele>
      </trkpt>
      <trkpt lat="40.3923" lon="-111.90422">
        <ele>1373.5</ele>
      </trkpt>
      <trkpt lat="40.39229" lon="-111.90419">
        <ele>1373.3</ele>
      </trkpt>
      <trkpt lat="40.39231" lon="-111.90416">
        <ele>1373.2</ele>
      </trkpt>
      <trkpt lat="40.39233" lon="-111.90413">
        <ele>1373.2</ele>
      </trkpt>
      <trkpt lat="40.39249" lon="-111.90396">
        <ele>1373.0</ele>
      </trkpt>
      <trkpt lat="40.39259" lon="-111.90383">
        <ele>1372.9</ele>
      </trkpt>
      <trkpt lat="40.39266" lon="-111.90372">
        <ele>1372.8</ele>
      </trkpt>
      <trkpt lat="40.39281" lon="-111.90355">
        <ele>1372.8</ele>
      </trkpt>
      <trkpt lat="40.39291" lon="-111.90347">
        <ele>1372.9</ele>
      </trkpt>
      <trkpt lat="40.39331" lon="-111.90321">
        <ele>1372.8</ele>
      </trkpt>
      <trkpt lat="40.39356" lon="-111.903">
        <ele>1370.1</ele>
      </trkpt>
      <trkpt lat="40.39397" lon="-111.90258">
        <ele>1370.2</ele>
      </trkpt>
      <trkpt lat="40.39411" lon="-111.90242">
        <ele>1370.2</ele>
      </trkpt>
      <trkpt lat="40.39435" lon="-111.90212">
        <ele>1370.9</ele>
      </trkpt>
      <trkpt lat="40.39439" lon="-111.90209">
        <ele>1371.5</ele>
      </trkpt>
      <trkpt lat="40.39458" lon="-111.902">
        <ele>1373.1</ele>
      </trkpt>
      <trkpt lat="40.39462" lon="-111.90199">
        <ele>1373.3</ele>
      </trkpt>
      <trkpt lat="40.39464" lon="-111.90187">
        <ele>1373.8</ele>
      </trkpt>
      <trkpt lat="40.39465" lon="-111.90142">
        <ele>1373.7</ele>
      </trkpt>
      <trkpt lat="40.39466" lon="-111.90134">
        <ele>1373.6</ele>
      </trkpt>
      <trkpt lat="40.39468" lon="-111.90128">
        <ele>1373.5</ele>
      </trkpt>
      <trkpt lat="40.3948" lon="-111.90105">
        <ele>1373.5</ele>
      </trkpt>
      <trkpt lat="40.39482" lon="-111.90088">
        <ele>1373.4</ele>
      </trkpt>
      <trkpt lat="40.39482" lon="-111.90088">
        <ele>1373.4</ele>
      </trkpt>
      <trkpt lat="40.39482" lon="-111.90088">
        <ele>1373.4</ele>
      </trkpt>
      <trkpt lat="40.39481" lon="-111.90078">
        <ele>1373.3</ele>
      </trkpt>
      <trkpt lat="40.39479" lon="-111.90073">
        <ele>1373.3</ele>
      </trkpt>
      <trkpt lat="40.39477" lon="-111.90071">
        <ele>1373.2</ele>
      </trkpt>
      <trkpt lat="40.3947" lon="-111.90071">
        <ele>1373.1</ele>
      </trkpt>
      <trkpt lat="40.3946" lon="-111.90076">
        <ele>1372.9</ele>
      </trkpt>
      <trkpt lat="40.39457" lon="-111.9008">
        <ele>1372.9</ele>
      </trkpt>
      <trkpt lat="40.39454" lon="-111.90081">
        <ele>1372.8</ele>
      </trkpt>
      <trkpt lat="40.3945" lon="-111.9008">
        <ele>1372.8</ele>
      </trkpt>
      <trkpt lat="40.39446" lon="-111.90076">
        <ele>1372.7</ele>
      </trkpt>
      <trkpt lat="40.39394" lon="-111.90016">
        <ele>1372.0</ele>
      </trkpt>
      <trkpt lat="40.39394" lon="-111.90008">
        <ele>1371.9</ele>
      </trkpt>
      <trkpt lat="40.39399" lon="-111.89979">
        <ele>1371.7</ele>
      </trkpt>
      <trkpt lat="40.39402" lon="-111.89943">
        <ele>1371.0</ele>
      </trkpt>
      <trkpt lat="40.39398" lon="-111.89898">
        <ele>1371.3</ele>
      </trkpt>
      <trkpt lat="40.39398" lon="-111.89898">
        <ele>1371.3</ele>
      </trkpt>
      <trkpt lat="40.39398" lon="-111.89898">
        <ele>1371.3</ele>
      </trkpt>
      <trkpt lat="40.394" lon="-111.89862">
        <ele>1370.8</ele>
      </trkpt>
      <trkpt lat="40.394" lon="-111.8983">
        <ele>1370.4</ele>
      </trkpt>
      <trkpt lat="40.39404" lon="-111.89802">
        <ele>1370.0</ele>
      </trkpt>
      <trkpt lat="40.39413" lon="-111.89765">
        <ele>1369.7</ele>
      </trkpt>
      <trkpt lat="40.39423" lon="-111.89739">
        <ele>1369.6</ele>
      </trkpt>
      <trkpt lat="40.39433" lon="-111.89726">
        <ele>1369.6</ele>
      </trkpt>
      <trkpt lat="40.39442" lon="-111.89707">
        <ele>1369.7</ele>
      </trkpt>
      <trkpt lat="40.39452" lon="-111.89676">
        <ele>1369.7</ele>
      </trkpt>
      <trkpt lat="40.39468" lon="-111.89642">
        <ele>1369.5</ele>
      </trkpt>
      <trkpt lat="40.39479" lon="-111.89618">
        <ele>1369.5</ele>
      </trkpt>
      <trkpt lat="40.39504" lon="-111.89593">
        <ele>1369.5</ele>
      </trkpt>
      <trkpt lat="40.39526" lon="-111.89578">
        <ele>1369.5</ele>
      </trkpt>
      <trkpt lat="40.39584" lon="-111.89549">
        <ele>1369.5</ele>
      </trkpt>
      <trkpt lat="40.39631" lon="-111.89496">
        <ele>1370.1</ele>
      </trkpt>
      <trkpt lat="40.39677" lon="-111.89444">
        <ele>1372.4</ele>
      </trkpt>
      <trkpt lat="40.39699" lon="-111.89426">
        <ele>1372.9</ele>
      </trkpt>
      <trkpt lat="40.39714" lon="-111.89421">
        <ele>1373.1</ele>
      </trkpt>
      <trkpt lat="40.39764" lon="-111.8941">
        <ele>1373.9</ele>
      </trkpt>
      <trkpt lat="40.3979" lon="-111.89416">
        <ele>1374.4</ele>
      </trkpt>
      <trkpt lat="40.39816" lon="-111.89438">
        <ele>1373.5</ele>
      </trkpt>
      <trkpt lat="40.39822" lon="-111.89433">
        <ele>1373.6</ele>
      </trkpt>
      <trkpt lat="40.39848" lon="-111.89358">
        <ele>1373.2</ele>
      </trkpt>
      <trkpt lat="40.39864" lon="-111.89329">
        <ele>1373.2</ele>
      </trkpt>
      <trkpt lat="40.3988" lon="-111.89304">
        <ele>1373.6</ele>
      </trkpt>
      <trkpt lat="40.39905" lon="-111.89288">
        <ele>1373.5</ele>
      </trkpt>
      <trkpt lat="40.39926" lon="-111.89276">
        <ele>1373.6</ele>
      </trkpt>
      <trkpt lat="40.39951" lon="-111.89269">
        <ele>1373.7</ele>
      </trkpt>
      <trkpt lat="40.39985" lon="-111.89266">
        <ele>1374.1</ele>
      </trkpt>
      <trkpt lat="40.40033" lon="-111.89284">
        <ele>1374.3</ele>
      </trkpt>
      <trkpt lat="40.4008" lon="-111.89303">
        <ele>1375.2</ele>
      </trkpt>
      <trkpt lat="40.40126" lon="-111.89335">
        <ele>1375.3</ele>
      </trkpt>
      <trkpt lat="40.40143" lon="-111.89348">
        <ele>1375.5</ele>
      </trkpt>
      <trkpt lat="40.40153" lon="-111.8936">
        <ele>1375.5</ele>
      </trkpt>
      <trkpt lat="40.40169" lon="-111.89386">
        <ele>1375.5</ele>
      </trkpt>
      <trkpt lat="40.40191" lon="-111.89427">
        <ele>1375.5</ele>
      </trkpt>
      <trkpt lat="40.40223" lon="-111.89503">
        <ele>1375.4</ele>
      </trkpt>
      <trkpt lat="40.40246" lon="-111.89549">
        <ele>1375.4</ele>
      </trkpt>
      <trkpt lat="40.40271" lon="-111.8961">
        <ele>1374.6</ele>
      </trkpt>
      <trkpt lat="40.40307" lon="-111.89682">
        <ele>1375.1</ele>
      </trkpt>
      <trkpt lat="40.4033" lon="-111.89752">
        <ele>1374.6</ele>
      </trkpt>
      <trkpt lat="40.40338" lon="-111.89793">
        <ele>1373.9</ele>
      </trkpt>
      <trkpt lat="40.40338" lon="-111.89808">
        <ele>1373.3</ele>
      </trkpt>
      <trkpt lat="40.40336" lon="-111.89829">
        <ele>1372.3</ele>
      </trkpt>
      <trkpt lat="40.40323" lon="-111.89897">
        <ele>1369.7</ele>
      </trkpt>
      <trkpt lat="40.4032" lon="-111.89928">
        <ele>1369.6</ele>
      </trkpt>
      <trkpt lat="40.40319" lon="-111.89948">
        <ele>1369.6</ele>
      </trkpt>
      <trkpt lat="40.40324" lon="-111.89975">
        <ele>1369.7</ele>
      </trkpt>
      <trkpt lat="40.40324" lon="-111.89981">
        <ele>1369.7</ele>
      </trkpt>
      <trkpt lat="40.4032" lon="-111.89991">
        <ele>1369.7</ele>
      </trkpt>
      <trkpt lat="40.40315" lon="-111.90007">
        <ele>1369.6</ele>
      </trkpt>
      <trkpt lat="40.40312" lon="-111.90026">
        <ele>1369.6</ele>
      </trkpt>
      <trkpt lat="40.4031" lon="-111.90073">
        <ele>1369.7</ele>
      </trkpt>
      <trkpt lat="40.40312" lon="-111.90103">
        <ele>1369.6</ele>
      </trkpt>
      <trkpt lat="40.40317" lon="-111.90117">
        <ele>1369.6</ele>
      </trkpt>
      <trkpt lat="40.40321" lon="-111.90124">
        <ele>1369.6</ele>
      </trkpt>
      <trkpt lat="40.40333" lon="-111.90138">
        <ele>1369.7</ele>
      </trkpt>
      <trkpt lat="40.40358" lon="-111.90176">
        <ele>1369.7</ele>
      </trkpt>
      <trkpt lat="40.4037" lon="-111.9019">
        <ele>1369.7</ele>
      </trkpt>
      <trkpt lat="40.4038" lon="-111.90196">
        <ele>1369.6</ele>
      </trkpt>
      <trkpt lat="40.40401" lon="-111.90199">
        <ele>1369.7</ele>
      </trkpt>
      <trkpt lat="40.40415" lon="-111.90198">
        <ele>1369.5</ele>
      </trkpt>
      <trkpt lat="40.40425" lon="-111.90194">
        <ele>1369.5</ele>
      </trkpt>
      <trkpt lat="40.40438" lon="-111.90181">
        <ele>1369.5</ele>
      </trkpt>
      <trkpt lat="40.40479" lon="-111.90127">
        <ele>1369.7</ele>
      </trkpt>
      <trkpt lat="40.40511" lon="-111.90071">
        <ele>1370.0</ele>
      </trkpt>
      <trkpt lat="40.40546" lon="-111.90015">
        <ele>1370.0</ele>
      </trkpt>
      <trkpt lat="40.40568" lon="-111.89984">
        <ele>1370.0</ele>
      </trkpt>
      <trkpt lat="40.40572" lon="-111.89973">
        <ele>1369.8</ele>
      </trkpt>
      <trkpt lat="40.40574" lon="-111.89966">
        <ele>1369.7</ele>
      </trkpt>
      <trkpt lat="40.40581" lon="-111.89902">
        <ele>1369.9</ele>
      </trkpt>
      <trkpt lat="40.40589" lon="-111.89837">
        <ele>1371.7</ele>
      </trkpt>
      <trkpt lat="40.40594" lon="-111.89803">
        <ele>1372.8</ele>
      </trkpt>
      <trkpt lat="40.40598" lon="-111.89798">
        <ele>1373.0</ele>
      </trkpt>
      <trkpt lat="40.40604" lon="-111.89795">
        <ele>1373.2</ele>
      </trkpt>
      <trkpt lat="40.40646" lon="-111.89789">
        <ele>1372.8</ele>
      </trkpt>
      <trkpt lat="40.40662" lon="-111.89782">
        <ele>1372.5</ele>
      </trkpt>
      <trkpt lat="40.40674" lon="-111.89774">
        <ele>1372.4</ele>
      </trkpt>
      <trkpt lat="40.40684" lon="-111.89762">
        <ele>1372.4</ele>
      </trkpt>
      <trkpt lat="40.40709" lon="-111.89723">
        <ele>1372.8</ele>
      </trkpt>
      <trkpt lat="40.40761" lon="-111.89652">
        <ele>1373.0</ele>
      </trkpt>
      <trkpt lat="40.40788" lon="-111.8961">
        <ele>1373.2</ele>
      </trkpt>
      <trkpt lat="40.40806" lon="-111.89588">
        <ele>1373.2</ele>
      </trkpt>
      <trkpt lat="40.40837" lon="-111.89557">
        <ele>1373.7</ele>
      </trkpt>
      <trkpt lat="40.40859" lon="-111.8954">
        <ele>1373.7</ele>
      </trkpt>
      <trkpt lat="40.40916" lon="-111.89509">
        <ele>1373.8</ele>
      </trkpt>
      <trkpt lat="40.40998" lon="-111.89479">
        <ele>1373.1</ele>
      </trkpt>
      <trkpt lat="40.41005" lon="-111.89475">
        <ele>1372.9</ele>
      </trkpt>
      <trkpt lat="40.41013" lon="-111.89466">
        <ele>1372.7</ele>
      </trkpt>
      <trkpt lat="40.4102" lon="-111.89452">
        <ele>1373.0</ele>
      </trkpt>
      <trkpt lat="40.41033" lon="-111.89405">
        <ele>1373.4</ele>
      </trkpt>
      <trkpt lat="40.41043" lon="-111.89382">
        <ele>1373.4</ele>
      </trkpt>
      <trkpt lat="40.41078" lon="-111.89327">
        <ele>1373.2</ele>
      </trkpt>
      <trkpt lat="40.41113" lon="-111.89273">
        <ele>1373.2</ele>
      </trkpt>
      <trkpt lat="40.41122" lon="-111.8926">
        <ele>1373.3</ele>
      </trkpt>
      <trkpt lat="40.41135" lon="-111.89249">
        <ele>1373.1</ele>
      </trkpt>
      <trkpt lat="40.41163" lon="-111.89234">
        <ele>1372.9</ele>
      </trkpt>
      <trkpt lat="40.4117" lon="-111.89231">
        <ele>1372.8</ele>
      </trkpt>
      <trkpt lat="40.41185" lon="-111.89229">
        <ele>1372.6</ele>
      </trkpt>
      <trkpt lat="40.41195" lon="-111.8923">
        <ele>1372.5</ele>
      </trkpt>
      <trkpt lat="40.41204" lon="-111.89233">
        <ele>1372.3</ele>
      </trkpt>
      <trkpt lat="40.41216" lon="-111.89232">
        <ele>1372.2</ele>
      </trkpt>
      <trkpt lat="40.4127" lon="-111.89215">
        <ele>1372.5</ele>
      </trkpt>
      <trkpt lat="40.41291" lon="-111.89211">
        <ele>1372.0</ele>
      </trkpt>
      <trkpt lat="40.41347" lon="-111.89207">
        <ele>1371.8</ele>
      </trkpt>
      <trkpt lat="40.41361" lon="-111.89202">
        <ele>1371.4</ele>
      </trkpt>
      <trkpt lat="40.41398" lon="-111.89178">
        <ele>1372.7</ele>
      </trkpt>
      <trkpt lat="40.41432" lon="-111.89159">
        <ele>1373.3</ele>
      </trkpt>
      <trkpt lat="40.41449" lon="-111.89153">
        <ele>1373.5</ele>
      </trkpt>
      <trkpt lat="40.41477" lon="-111.89152">
        <ele>1373.6</ele>
      </trkpt>
      <trkpt lat="40.41505" lon="-111.89153">
        <ele>1374.2</ele>
      </trkpt>
      <trkpt lat="40.4152" lon="-111.89158">
        <ele>1374.7</ele>
      </trkpt>
      <trkpt lat="40.41537" lon="-111.89167">
        <ele>1374.8</ele>
      </trkpt>
      <trkpt lat="40.41546" lon="-111.89174">
        <ele>1374.6</ele>
      </trkpt>
      <trkpt lat="40.41554" lon="-111.89183">
        <ele>1374.3</ele>
      </trkpt>
      <trkpt lat="40.41567" lon="-111.89203">
        <ele>1373.6</ele>
      </trkpt>
      <trkpt lat="40.41582" lon="-111.89226">
        <ele>1372.5</ele>
      </trkpt>
      <trkpt lat="40.41611" lon="-111.89252">
        <ele>1371.8</ele>
      </trkpt>
      <trkpt lat="40.41643" lon="-111.89275">
        <ele>1372.7</ele>
      </trkpt>
      <trkpt lat="40.41654" lon="-111.89286">
        <ele>1372.6</ele>
      </trkpt>
      <trkpt lat="40.41709" lon="-111.8935">
        <ele>1370.3</ele>
      </trkpt>
      <trkpt lat="40.41731" lon="-111.89374">
        <ele>1370.3</ele>
      </trkpt>
      <trkpt lat="40.41741" lon="-111.89384">
        <ele>1370.9</ele>
      </trkpt>
      <trkpt lat="40.4176" lon="-111.89398">
        <ele>1370.4</ele>
      </trkpt>
      <trkpt lat="40.41785" lon="-111.89427">
        <ele>1369.7</ele>
      </trkpt>
      <trkpt lat="40.41823" lon="-111.89481">
        <ele>1369.9</ele>
      </trkpt>
      <trkpt lat="40.41856" lon="-111.89518">
        <ele>1370.1</ele>
      </trkpt>
      <trkpt lat="40.41865" lon="-111.89526">
        <ele>1370.1</ele>
      </trkpt>
      <trkpt lat="40.41877" lon="-111.89535">
        <ele>1370.1</ele>
      </trkpt>
      <trkpt lat="40.41913" lon="-111.89553">
        <ele>1369.9</ele>
      </trkpt>
      <trkpt lat="40.41923" lon="-111.89559">
        <ele>1369.9</ele>
      </trkpt>
      <trkpt lat="40.41974" lon="-111.89591">
        <ele>1369.9</ele>
      </trkpt>
      <trkpt lat="40.42018" lon="-111.89619">
        <ele>1370.0</ele>
      </trkpt>
      <trkpt lat="40.42044" lon="-111.89651">
        <ele>1370.2</ele>
      </trkpt>
      <trkpt lat="40.42064" lon="-111.89678">
        <ele>1371.8</ele>
      </trkpt>
      <trkpt lat="40.42071" lon="-111.89692">
        <ele>1372.2</ele>
      </trkpt>
      <trkpt lat="40.42073" lon="-111.89704">
        <ele>1372.1</ele>
      </trkpt>
      <trkpt lat="40.42073" lon="-111.89713">
        <ele>1372.2</ele>
      </trkpt>
      <trkpt lat="40.42068" lon="-111.89736">
        <ele>1372.5</ele>
      </trkpt>
      <trkpt lat="40.42063" lon="-111.89748">
        <ele>1372.6</ele>
      </trkpt>
      <trkpt lat="40.42054" lon="-111.89769">
        <ele>1372.6</ele>
      </trkpt>
      <trkpt lat="40.42045" lon="-111.89785">
        <ele>1372.1</ele>
      </trkpt>
      <trkpt lat="40.42015" lon="-111.89826">
        <ele>1369.7</ele>
      </trkpt>
      <trkpt lat="40.41979" lon="-111.89869">
        <ele>1369.9</ele>
      </trkpt>
      <trkpt lat="40.4197" lon="-111.89881">
        <ele>1369.9</ele>
      </trkpt>
      <trkpt lat="40.41965" lon="-111.89893">
        <ele>1370.0</ele>
      </trkpt>
      <trkpt lat="40.41961" lon="-111.89906">
        <ele>1370.0</ele>
      </trkpt>
      <trkpt lat="40.4196" lon="-111.89911">
        <ele>1370.0</ele>
      </trkpt>
      <trkpt lat="40.4196" lon="-111.89922">
        <ele>1370.0</ele>
      </trkpt>
      <trkpt lat="40.41962" lon="-111.89936">
        <ele>1370.1</ele>
      </trkpt>
      <trkpt lat="40.41967" lon="-111.89944">
        <ele>1370.2</ele>
      </trkpt>
      <trkpt lat="40.41976" lon="-111.89951">
        <ele>1370.1</ele>
      </trkpt>
      <trkpt lat="40.41986" lon="-111.89954">
        <ele>1369.9</ele>
      </trkpt>
      <trkpt lat="40.42009" lon="-111.89958">
        <ele>1369.8</ele>
      </trkpt>
      <trkpt lat="40.42027" lon="-111.8996">
        <ele>1369.7</ele>
      </trkpt>
      <trkpt lat="40.42091" lon="-111.89959">
        <ele>1369.6</ele>
      </trkpt>
      <trkpt lat="40.42143" lon="-111.89952">
        <ele>1370.2</ele>
      </trkpt>
      <trkpt lat="40.42213" lon="-111.8995">
        <ele>1370.5</ele>
      </trkpt>
      <trkpt lat="40.42282" lon="-111.89949">
        <ele>1371.1</ele>
      </trkpt>
      <trkpt lat="40.42305" lon="-111.89952">
        <ele>1371.7</ele>
      </trkpt>
      <trkpt lat="40.42365" lon="-111.89982">
        <ele>1371.8</ele>
      </trkpt>
      <trkpt lat="40.42395" lon="-111.90004">
        <ele>1373.1</ele>
      </trkpt>
      <trkpt lat="40.42433" lon="-111.90061">
        <ele>1371.8</ele>
      </trkpt>
      <trkpt lat="40.42485" lon="-111.90154">
        <ele>1369.7</ele>
      </trkpt>
      <trkpt lat="40.42506" lon="-111.90183">
        <ele>1369.9</ele>
      </trkpt>
      <trkpt lat="40.42551" lon="-111.90219">
        <ele>1371.6</ele>
      </trkpt>
      <trkpt lat="40.42597" lon="-111.90256">
        <ele>1371.0</ele>
      </trkpt>
      <trkpt lat="40.42625" lon="-111.90272">
        <ele>1370.3</ele>
      </trkpt>
      <trkpt lat="40.42672" lon="-111.90286">
        <ele>1370.9</ele>
      </trkpt>
      <trkpt lat="40.42725" lon="-111.90308">
        <ele>1370.7</ele>
      </trkpt>
      <trkpt lat="40.42768" lon="-111.90321">
        <ele>1371.8</ele>
      </trkpt>
      <trkpt lat="40.42791" lon="-111.90331">
        <ele>1372.1</ele>
      </trkpt>
      <trkpt lat="40.42802" lon="-111.90338">
        <ele>1372.1</ele>
      </trkpt>
      <trkpt lat="40.42849" lon="-111.90376">
        <ele>1370.6</ele>
      </trkpt>
      <trkpt lat="40.42854" lon="-111.90381">
        <ele>1370.8</ele>
      </trkpt>
      <trkpt lat="40.42857" lon="-111.90387">
        <ele>1370.9</ele>
      </trkpt>
      <trkpt lat="40.42861" lon="-111.904">
        <ele>1370.8</ele>
      </trkpt>
      <trkpt lat="40.42879" lon="-111.90441">
        <ele>1371.6</ele>
      </trkpt>
      <trkpt lat="40.42886" lon="-111.90468">
        <ele>1371.4</ele>
      </trkpt>
      <trkpt lat="40.42891" lon="-111.90494">
        <ele>1373.3</ele>
      </trkpt>
      <trkpt lat="40.42894" lon="-111.90522">
        <ele>1374.4</ele>
      </trkpt>
      <trkpt lat="40.42894" lon="-111.90547">
        <ele>1372.9</ele>
      </trkpt>
      <trkpt lat="40.42891" lon="-111.90568">
        <ele>1371.9</ele>
      </trkpt>
      <trkpt lat="40.42865" lon="-111.90653">
        <ele>1375.0</ele>
      </trkpt>
      <trkpt lat="40.42853" lon="-111.9068">
        <ele>1375.7</ele>
      </trkpt>
      <trkpt lat="40.42837" lon="-111.90704">
        <ele>1376.1</ele>
      </trkpt>
      <trkpt lat="40.4282" lon="-111.90725">
        <ele>1375.4</ele>
      </trkpt>
      <trkpt lat="40.42791" lon="-111.90748">
        <ele>1373.3</ele>
      </trkpt>
      <trkpt lat="40.42783" lon="-111.90752">
        <ele>1373.2</ele>
      </trkpt>
      <trkpt lat="40.42757" lon="-111.9076">
        <ele>1372.4</ele>
      </trkpt>
      <trkpt lat="40.42752" lon="-111.90763">
        <ele>1372.3</ele>
      </trkpt>
      <trkpt lat="40.42746" lon="-111.90777">
        <ele>1372.2</ele>
      </trkpt>
      <trkpt lat="40.42748" lon="-111.90795">
        <ele>1372.1</ele>
      </trkpt>
      <trkpt lat="40.42757" lon="-111.90808">
        <ele>1372.1</ele>
      </trkpt>
      <trkpt lat="40.42799" lon="-111.90844">
        <ele>1370.2</ele>
      </trkpt>
      <trkpt lat="40.42827" lon="-111.90871">
        <ele>1369.4</ele>
      </trkpt>
      <trkpt lat="40.42846" lon="-111.90893">
        <ele>1369.5</ele>
      </trkpt>
      <trkpt lat="40.4289" lon="-111.90947">
        <ele>1369.4</ele>
      </trkpt>
      <trkpt lat="40.42935" lon="-111.91001">
        <ele>1369.6</ele>
      </trkpt>
      <trkpt lat="40.42964" lon="-111.91028">
        <ele>1369.9</ele>
      </trkpt>
      <trkpt lat="40.42985" lon="-111.91046">
        <ele>1369.8</ele>
      </trkpt>
      <trkpt lat="40.43035" lon="-111.91103">
        <ele>1369.3</ele>
      </trkpt>
      <trkpt lat="40.43085" lon="-111.9116">
        <ele>1371.7</ele>
      </trkpt>
      <trkpt lat="40.43104" lon="-111.91176">
        <ele>1371.8</ele>
      </trkpt>
      <trkpt lat="40.43121" lon="-111.91186">
        <ele>1371.9</ele>
      </trkpt>
      <trkpt lat="40.43181" lon="-111.91229">
        <ele>1370.7</ele>
      </trkpt>
      <trkpt lat="40.43209" lon="-111.91258">
        <ele>1371.0</ele>
      </trkpt>
      <trkpt lat="40.43219" lon="-111.91278">
        <ele>1371.7</ele>
      </trkpt>
      <trkpt lat="40.43226" lon="-111.91298">
        <ele>1372.8</ele>
      </trkpt>
      <trkpt lat="40.43227" lon="-111.9131">
        <ele>1373.1</ele>
      </trkpt>
      <trkpt lat="40.43227" lon="-111.91322">
        <ele>1373.3</ele>
      </trkpt>
      <trkpt lat="40.43222" lon="-111.91348">
        <ele>1373.7</ele>
      </trkpt>
      <trkpt lat="40.43211" lon="-111.9138">
        <ele>1374.3</ele>
      </trkpt>
      <trkpt lat="40.43198" lon="-111.91402">
        <ele>1373.8</ele>
      </trkpt>
      <trkpt lat="40.4319" lon="-111.91421">
        <ele>1373.6</ele>
      </trkpt>
      <trkpt lat="40.43189" lon="-111.9143">
        <ele>1373.5</ele>
      </trkpt>
      <trkpt lat="40.43189" lon="-111.9144">
        <ele>1373.3</ele>
      </trkpt>
      <trkpt lat="40.43192" lon="-111.91455">
        <ele>1373.2</ele>
      </trkpt>
      <trkpt lat="40.43198" lon="-111.91463">
        <ele>1373.0</ele>
      </trkpt>
      <trkpt lat="40.43204" lon="-111.91468">
        <ele>1372.8</ele>
      </trkpt>
      <trkpt lat="40.43213" lon="-111.91471">
        <ele>1372.8</ele>
      </trkpt>
      <trkpt lat="40.4322" lon="-111.91471">
        <ele>1372.8</ele>
      </trkpt>
      <trkpt lat="40.43235" lon="-111.91468">
        <ele>1372.8</ele>
      </trkpt>
      <trkpt lat="40.43312" lon="-111.91447">
        <ele>1374.7</ele>
      </trkpt>
      <trkpt lat="40.43395" lon="-111.91427">
        <ele>1380.1</ele>
      </trkpt>
      <trkpt lat="40.43429" lon="-111.91423">
        <ele>1376.2</ele>
      </trkpt>
      <trkpt lat="40.4347" lon="-111.91422">
        <ele>1374.1</ele>
      </trkpt>
      <trkpt lat="40.43541" lon="-111.91425">
        <ele>1373.4</ele>
      </trkpt>
      <trkpt lat="40.43541" lon="-111.91425">
        <ele>1373.4</ele>
      </trkpt>
      <trkpt lat="40.43541" lon="-111.91425">
        <ele>1373.4</ele>
      </trkpt>
      <trkpt lat="40.43578" lon="-111.91427">
        <ele>1374.0</ele>
      </trkpt>
      <trkpt lat="40.43593" lon="-111.91429">
        <ele>1374.2</ele>
      </trkpt>
      <trkpt lat="40.43644" lon="-111.91446">
        <ele>1373.3</ele>
      </trkpt>
      <trkpt lat="40.43664" lon="-111.9145">
        <ele>1372.8</ele>
      </trkpt>
      <trkpt lat="40.43723" lon="-111.9146">
        <ele>1372.2</ele>
      </trkpt>
      <trkpt lat="40.43736" lon="-111.9146">
        <ele>1372.0</ele>
      </trkpt>
      <trkpt lat="40.43751" lon="-111.91455">
        <ele>1372.1</ele>
      </trkpt>
      <trkpt lat="40.43775" lon="-111.91442">
        <ele>1371.9</ele>
      </trkpt>
      <trkpt lat="40.43779" lon="-111.91431">
        <ele>1372.6</ele>
      </trkpt>
      <trkpt lat="40.43796" lon="-111.91392">
        <ele>1373.6</ele>
      </trkpt>
      <trkpt lat="40.43799" lon="-111.9139">
        <ele>1373.4</ele>
      </trkpt>
      <trkpt lat="40.43799" lon="-111.9139">
        <ele>1373.4</ele>
      </trkpt>
      <trkpt lat="40.43804" lon="-111.91387">
        <ele>1373.1</ele>
      </trkpt>
      <trkpt lat="40.43812" lon="-111.91392">
        <ele>1372.3</ele>
      </trkpt>
      <trkpt lat="40.43822" lon="-111.91411">
        <ele>1370.7</ele>
      </trkpt>
      <trkpt lat="40.4382" lon="-111.91418">
        <ele>1370.4</ele>
      </trkpt>
      <trkpt lat="40.43811" lon="-111.91426">
        <ele>1370.6</ele>
      </trkpt>
      <trkpt lat="40.43799" lon="-111.91438">
        <ele>1371.4</ele>
      </trkpt>
      <trkpt lat="40.43796" lon="-111.91442">
        <ele>1371.7</ele>
      </trkpt>
      <trkpt lat="40.43796" lon="-111.91448">
        <ele>1371.9</ele>
      </trkpt>
      <trkpt lat="40.43814" lon="-111.91491">
        <ele>1374.1</ele>
      </trkpt>
      <trkpt lat="40.43817" lon="-111.91499">
        <ele>1374.5</ele>
      </trkpt>
      <trkpt lat="40.43823" lon="-111.91502">
        <ele>1374.9</ele>
      </trkpt>
      <trkpt lat="40.43828" lon="-111.91502">
        <ele>1375.2</ele>
      </trkpt>
      <trkpt lat="40.43842" lon="-111.91497">
        <ele>1376.7</ele>
      </trkpt>
      <trkpt lat="40.43876" lon="-111.9148">
        <ele>1376.4</ele>
      </trkpt>
      <trkpt lat="40.43899" lon="-111.91465">
        <ele>1379.5</ele>
      </trkpt>
      <trkpt lat="40.43907" lon="-111.91458">
        <ele>1380.1</ele>
      </trkpt>
      <trkpt lat="40.43917" lon="-111.91452">
        <ele>1380.8</ele>
      </trkpt>
      <trkpt lat="40.43944" lon="-111.91435">
        <ele>1381.2</ele>
      </trkpt>
      <trkpt lat="40.4395" lon="-111.91433">
        <ele>1381.2</ele>
      </trkpt>
      <trkpt lat="40.43956" lon="-111.91432">
        <ele>1381.2</ele>
      </trkpt>
      <trkpt lat="40.43962" lon="-111.91434">
        <ele>1381.2</ele>
      </trkpt>
      <trkpt lat="40.43968" lon="-111.91439">
        <ele>1380.9</ele>
      </trkpt>
      <trkpt lat="40.43973" lon="-111.91446">
        <ele>1380.7</ele>
      </trkpt>
      <trkpt lat="40.43977" lon="-111.91456">
        <ele>1380.2</ele>
      </trkpt>
      <trkpt lat="40.43979" lon="-111.91466">
        <ele>1380.1</ele>
      </trkpt>
      <trkpt lat="40.4398" lon="-111.91477">
        <ele>1380.0</ele>
      </trkpt>
      <trkpt lat="40.4398" lon="-111.91487">
        <ele>1380.2</ele>
      </trkpt>
      <trkpt lat="40.43979" lon="-111.91497">
        <ele>1380.7</ele>
      </trkpt>
      <trkpt lat="40.43976" lon="-111.91505">
        <ele>1381.6</ele>
      </trkpt>
      <trkpt lat="40.43972" lon="-111.91513">
        <ele>1382.8</ele>
      </trkpt>
      <trkpt lat="40.43968" lon="-111.9152">
        <ele>1383.6</ele>
      </trkpt>
      <trkpt lat="40.43951" lon="-111.91538">
        <ele>1388.2</ele>
      </trkpt>
      <trkpt lat="40.43948" lon="-111.91543">
        <ele>1389.4</ele>
      </trkpt>
      <trkpt lat="40.43947" lon="-111.91548">
        <ele>1390.5</ele>
      </trkpt>
      <trkpt lat="40.43944" lon="-111.91562">
        <ele>1392.1</ele>
      </trkpt>
      <trkpt lat="40.43943" lon="-111.91597">
        <ele>1394.9</ele>
      </trkpt>
      <trkpt lat="40.43942" lon="-111.91605">
        <ele>1395.5</ele>
      </trkpt>
      <trkpt lat="40.4394" lon="-111.91613">
        <ele>1395.9</ele>
      </trkpt>
      <trkpt lat="40.43936" lon="-111.9162">
        <ele>1396.1</ele>
      </trkpt>
      <trkpt lat="40.43932" lon="-111.91626">
        <ele>1396.3</ele>
      </trkpt>
      <trkpt lat="40.43928" lon="-111.91631">
        <ele>1396.6</ele>
      </trkpt>
      <trkpt lat="40.43924" lon="-111.91635">
        <ele>1396.9</ele>
      </trkpt>
      <trkpt lat="40.4392" lon="-111.91637">
        <ele>1397.0</ele>
      </trkpt>
      <trkpt lat="40.43904" lon="-111.91643">
        <ele>1397.4</ele>
      </trkpt>
      <trkpt lat="40.43859" lon="-111.91656">
        <ele>1398.2</ele>
      </trkpt>
      <trkpt lat="40.43856" lon="-111.91663">
        <ele>1399.9</ele>
      </trkpt>
      <trkpt lat="40.43857" lon="-111.91667">
        <ele>1400.8</ele>
      </trkpt>
      <trkpt lat="40.4386" lon="-111.9167">
        <ele>1401.3</ele>
      </trkpt>
      <trkpt lat="40.43893" lon="-111.91683">
        <ele>1401.5</ele>
      </trkpt>
      <trkpt lat="40.43919" lon="-111.91697">
        <ele>1401.8</ele>
      </trkpt>
      <trkpt lat="40.43959" lon="-111.9173">
        <ele>1400.9</ele>
      </trkpt>
      <trkpt lat="40.43973" lon="-111.91744">
        <ele>1399.6</ele>
      </trkpt>
      <trkpt lat="40.43986" lon="-111.9176">
        <ele>1399.4</ele>
      </trkpt>
      <trkpt lat="40.43999" lon="-111.91779">
        <ele>1399.4</ele>
      </trkpt>
      <trkpt lat="40.44011" lon="-111.91806">
        <ele>1399.2</ele>
      </trkpt>
      <trkpt lat="40.44019" lon="-111.91828">
        <ele>1398.0</ele>
      </trkpt>
      <trkpt lat="40.44024" lon="-111.9185">
        <ele>1396.3</ele>
      </trkpt>
      <trkpt lat="40.44045" lon="-111.91961">
        <ele>1395.4</ele>
      </trkpt>
      <trkpt lat="40.44053" lon="-111.92024">
        <ele>1394.7</ele>
      </trkpt>
      <trkpt lat="40.44059" lon="-111.92086">
        <ele>1395.2</ele>
      </trkpt>
      <trkpt lat="40.44067" lon="-111.92123">
        <ele>1396.7</ele>
      </trkpt>
      <trkpt lat="40.4409" lon="-111.92186">
        <ele>1398.4</ele>
      </trkpt>
      <trkpt lat="40.44123" lon="-111.92254">
        <ele>1396.2</ele>
      </trkpt>
      <trkpt lat="40.44156" lon="-111.92321">
        <ele>1393.7</ele>
      </trkpt>
      <trkpt lat="40.4419" lon="-111.92388">
        <ele>1392.5</ele>
      </trkpt>
      <trkpt lat="40.44223" lon="-111.92454">
        <ele>1393.1</ele>
      </trkpt>
      <trkpt lat="40.44227" lon="-111.92464">
        <ele>1393.2</ele>
      </trkpt>
      <trkpt lat="40.44227" lon="-111.92472">
        <ele>1393.6</ele>
      </trkpt>
      <trkpt lat="40.44224" lon="-111.925">
        <ele>1397.9</ele>
      </trkpt>
      <trkpt lat="40.44224" lon="-111.92509">
        <ele>1399.3</ele>
      </trkpt>
      <trkpt lat="40.44231" lon="-111.92523">
        <ele>1400.1</ele>
      </trkpt>
      <trkpt lat="40.44238" lon="-111.92535">
        <ele>1400.7</ele>
      </trkpt>
      <trkpt lat="40.44251" lon="-111.92549">
        <ele>1402.9</ele>
      </trkpt>
      <trkpt lat="40.44258" lon="-111.92551">
        <ele>1403.2</ele>
      </trkpt>
      <trkpt lat="40.443" lon="-111.92555">
        <ele>1402.6</ele>
      </trkpt>
      <trkpt lat="40.44311" lon="-111.92559">
        <ele>1402.5</ele>
      </trkpt>
      <trkpt lat="40.44323" lon="-111.92575">
        <ele>1402.6</ele>
      </trkpt>
      <trkpt lat="40.44338" lon="-111.92582">
        <ele>1402.6</ele>
      </trkpt>
      <trkpt lat="40.4438" lon="-111.92596">
        <ele>1402.7</ele>
      </trkpt>
      <trkpt lat="40.44437" lon="-111.92599">
        <ele>1402.8</ele>
      </trkpt>
      <trkpt lat="40.44481" lon="-111.92596">
        <ele>1406.2</ele>
      </trkpt>
      <trkpt lat="40.4453" lon="-111.92597">
        <ele>1408.3</ele>
      </trkpt>
      <trkpt lat="40.44579" lon="-111.92599">
        <ele>1408.1</ele>
      </trkpt>
      <trkpt lat="40.44598" lon="-111.92601">
        <ele>1408.0</ele>
      </trkpt>
      <trkpt lat="40.44624" lon="-111.92608">
        <ele>1408.0</ele>
      </trkpt>
      <trkpt lat="40.44672" lon="-111.92627">
        <ele>1408.2</ele>
      </trkpt>
      <trkpt lat="40.44677" lon="-111.92632">
        <ele>1408.3</ele>
      </trkpt>
      <trkpt lat="40.44681" lon="-111.92638">
        <ele>1408.4</ele>
      </trkpt>
      <trkpt lat="40.44682" lon="-111.92644">
        <ele>1408.5</ele>
      </trkpt>
      <trkpt lat="40.4472" lon="-111.92665">
        <ele>1408.1</ele>
      </trkpt>
      <trkpt lat="40.44732" lon="-111.92669">
        <ele>1407.9</ele>
      </trkpt>
      <trkpt lat="40.4474" lon="-111.92678">
        <ele>1407.9</ele>
      </trkpt>
      <trkpt lat="40.44751" lon="-111.92695">
        <ele>1407.9</ele>
      </trkpt>
      <trkpt lat="40.44757" lon="-111.92703">
        <ele>1407.6</ele>
      </trkpt>
      <trkpt lat="40.44768" lon="-111.92711">
        <ele>1406.2</ele>
      </trkpt>
      <trkpt lat="40.4479" lon="-111.92716">
        <ele>1403.1</ele>
      </trkpt>
      <trkpt lat="40.44809" lon="-111.92717">
        <ele>1402.6</ele>
      </trkpt>
      <trkpt lat="40.44822" lon="-111.92716">
        <ele>1400.9</ele>
      </trkpt>
      <trkpt lat="40.44835" lon="-111.92711">
        <ele>1398.9</ele>
      </trkpt>
      <trkpt lat="40.44842" lon="-111.92712">
        <ele>1396.6</ele>
      </trkpt>
      <trkpt lat="40.44847" lon="-111.9272">
        <ele>1393.5</ele>
      </trkpt>
      <trkpt lat="40.44849" lon="-111.92742">
        <ele>1391.5</ele>
      </trkpt>
      <trkpt lat="40.44854" lon="-111.92756">
        <ele>1390.8</ele>
      </trkpt>
      <trkpt lat="40.44862" lon="-111.92771">
        <ele>1390.5</ele>
      </trkpt>
      <trkpt lat="40.44905" lon="-111.92808">
        <ele>1390.4</ele>
      </trkpt>
      <trkpt lat="40.44933" lon="-111.92834">
        <ele>1390.2</ele>
      </trkpt>
      <trkpt lat="40.44954" lon="-111.92859">
        <ele>1390.2</ele>
      </trkpt>
      <trkpt lat="40.44962" lon="-111.92871">
        <ele>1390.3</ele>
      </trkpt>
      <trkpt lat="40.44975" lon="-111.92902">
        <ele>1390.4</ele>
      </trkpt>
      <trkpt lat="40.44982" lon="-111.92914">
        <ele>1390.4</ele>
      </trkpt>
      <trkpt lat="40.44995" lon="-111.92924">
        <ele>1390.6</ele>
      </trkpt>
      <trkpt lat="40.45026" lon="-111.9294">
        <ele>1391.7</ele>
      </trkpt>
      <trkpt lat="40.45039" lon="-111.92952">
        <ele>1393.0</ele>
      </trkpt>
      <trkpt lat="40.4505" lon="-111.92973">
        <ele>1391.2</ele>
      </trkpt>
      <trkpt lat="40.45071" lon="-111.9302">
        <ele>1390.2</ele>
      </trkpt>
      <trkpt lat="40.45081" lon="-111.93047">
        <ele>1389.8</ele>
      </trkpt>
      <trkpt lat="40.45088" lon="-111.93063">
        <ele>1389.7</ele>
      </trkpt>
      <trkpt lat="40.45097" lon="-111.93077">
        <ele>1389.9</ele>
      </trkpt>
      <trkpt lat="40.45115" lon="-111.9309">
        <ele>1390.6</ele>
      </trkpt>
      <trkpt lat="40.4514" lon="-111.931">
        <ele>1391.1</ele>
      </trkpt>
      <trkpt lat="40.45154" lon="-111.9311">
        <ele>1391.7</ele>
      </trkpt>
      <trkpt lat="40.452" lon="-111.93157">
        <ele>1392.4</ele>
      </trkpt>
      <trkpt lat="40.45246" lon="-111.93203">
        <ele>1392.8</ele>
      </trkpt>
      <trkpt lat="40.45258" lon="-111.93216">
        <ele>1392.9</ele>
      </trkpt>
      <trkpt lat="40.45282" lon="-111.93243">
        <ele>1393.1</ele>
      </trkpt>
      <trkpt lat="40.45291" lon="-111.93249">
        <ele>1393.2</ele>
      </trkpt>
      <trkpt lat="40.45301" lon="-111.93251">
        <ele>1393.3</ele>
      </trkpt>
      <trkpt lat="40.45318" lon="-111.93253">
        <ele>1392.0</ele>
      </trkpt>
      <trkpt lat="40.45389" lon="-111.93255">
        <ele>1389.8</ele>
      </trkpt>
      <trkpt lat="40.45409" lon="-111.93258">
        <ele>1389.9</ele>
      </trkpt>
      <trkpt lat="40.45439" lon="-111.93265">
        <ele>1389.2</ele>
      </trkpt>
      <trkpt lat="40.45481" lon="-111.93279">
        <ele>1390.1</ele>
      </trkpt>
      <trkpt lat="40.45561" lon="-111.93307">
        <ele>1389.8</ele>
      </trkpt>
      <trkpt lat="40.45587" lon="-111.93319">
        <ele>1389.7</ele>
      </trkpt>
      <trkpt lat="40.45656" lon="-111.93361">
        <ele>1392.7</ele>
      </trkpt>
      <trkpt lat="40.45717" lon="-111.93393">
        <ele>1393.9</ele>
      </trkpt>
      <trkpt lat="40.45778" lon="-111.93425">
        <ele>1394.5</ele>
      </trkpt>
      <trkpt lat="40.45805" lon="-111.93435">
        <ele>1393.6</ele>
      </trkpt>
      <trkpt lat="40.45812" lon="-111.93435">
        <ele>1392.9</ele>
      </trkpt>
      <trkpt lat="40.45824" lon="-111.9343">
        <ele>1391.2</ele>
      </trkpt>
      <trkpt lat="40.45831" lon="-111.93424">
        <ele>1388.7</ele>
      </trkpt>
      <trkpt lat="40.45848" lon="-111.93402">
        <ele>1384.8</ele>
      </trkpt>
      <trkpt lat="40.45855" lon="-111.93392">
        <ele>1383.8</ele>
      </trkpt>
      <trkpt lat="40.4586" lon="-111.9339">
        <ele>1382.7</ele>
      </trkpt>
      <trkpt lat="40.45867" lon="-111.93389">
        <ele>1381.3</ele>
      </trkpt>
      <trkpt lat="40.45873" lon="-111.93392">
        <ele>1380.5</ele>
      </trkpt>
      <trkpt lat="40.45884" lon="-111.93409">
        <ele>1379.9</ele>
      </trkpt>
      <trkpt lat="40.45888" lon="-111.93413">
        <ele>1379.7</ele>
      </trkpt>
      <trkpt lat="40.45907" lon="-111.93424">
        <ele>1377.6</ele>
      </trkpt>
      <trkpt lat="40.45937" lon="-111.93439">
        <ele>1375.0</ele>
      </trkpt>
      <trkpt lat="40.45964" lon="-111.93457">
        <ele>1375.1</ele>
      </trkpt>
      <trkpt lat="40.45985" lon="-111.93465">
        <ele>1375.1</ele>
      </trkpt>
      <trkpt lat="40.45994" lon="-111.93466">
        <ele>1375.1</ele>
      </trkpt>
      <trkpt lat="40.46007" lon="-111.93466">
        <ele>1375.0</ele>
      </trkpt>
      <trkpt lat="40.46038" lon="-111.93463">
        <ele>1374.2</ele>
      </trkpt>
      <trkpt lat="40.46053" lon="-111.93468">
        <ele>1373.9</ele>
      </trkpt>
      <trkpt lat="40.46065" lon="-111.93477">
        <ele>1373.8</ele>
      </trkpt>
      <trkpt lat="40.46115" lon="-111.9353">
        <ele>1370.6</ele>
      </trkpt>
      <trkpt lat="40.46123" lon="-111.93533">
        <ele>1370.2</ele>
      </trkpt>
      <trkpt lat="40.46129" lon="-111.93534">
        <ele>1369.9</ele>
      </trkpt>
      <trkpt lat="40.46144" lon="-111.93534">
        <ele>1369.2</ele>
      </trkpt>
      <trkpt lat="40.4619" lon="-111.93534">
        <ele>1367.0</ele>
      </trkpt>
      <trkpt lat="40.46237" lon="-111.93534">
        <ele>1363.7</ele>
      </trkpt>
      <trkpt lat="40.46237" lon="-111.93535">
        <ele>1363.9</ele>
      </trkpt>
      <trkpt lat="40.46237" lon="-111.93534">
        <ele>1363.7</ele>
      </trkpt>
      <trkpt lat="40.46247" lon="-111.93532">
        <ele>1364.8</ele>
      </trkpt>
      <trkpt lat="40.46252" lon="-111.93529">
        <ele>1365.6</ele>
      </trkpt>
      <trkpt lat="40.46257" lon="-111.93526">
        <ele>1366.4</ele>
      </trkpt>
      <trkpt lat="40.46266" lon="-111.93517">
        <ele>1367.4</ele>
      </trkpt>
      <trkpt lat="40.46275" lon="-111.93505">
        <ele>1368.6</ele>
      </trkpt>
      <trkpt lat="40.46281" lon="-111.93488">
        <ele>1368.0</ele>
      </trkpt>
      <trkpt lat="40.46281" lon="-111.93488">
        <ele>1368.0</ele>
      </trkpt>
      <trkpt lat="40.46294" lon="-111.93453">
        <ele>1367.4</ele>
      </trkpt>
      <trkpt lat="40.46294" lon="-111.93453">
        <ele>1367.4</ele>
      </trkpt>
      <trkpt lat="40.46294" lon="-111.93453">
        <ele>1367.4</ele>
      </trkpt>
      <trkpt lat="40.46301" lon="-111.93435">
        <ele>1367.1</ele>
      </trkpt>
      <trkpt lat="40.46307" lon="-111.93424">
        <ele>1367.0</ele>
      </trkpt>
      <trkpt lat="40.46311" lon="-111.93419">
        <ele>1367.2</ele>
      </trkpt>
      <trkpt lat="40.4632" lon="-111.93411">
        <ele>1367.8</ele>
      </trkpt>
      <trkpt lat="40.46328" lon="-111.93407">
        <ele>1368.6</ele>
      </trkpt>
      <trkpt lat="40.46364" lon="-111.93396">
        <ele>1368.1</ele>
      </trkpt>
      <trkpt lat="40.46376" lon="-111.93395">
        <ele>1367.6</ele>
      </trkpt>
      <trkpt lat="40.46385" lon="-111.93396">
        <ele>1367.9</ele>
      </trkpt>
      <trkpt lat="40.46385" lon="-111.93396">
        <ele>1367.9</ele>
      </trkpt>
      <trkpt lat="40.46391" lon="-111.93397">
        <ele>1368.3</ele>
      </trkpt>
      <trkpt lat="40.46448" lon="-111.93416">
        <ele>1370.9</ele>
      </trkpt>
      <trkpt lat="40.46469" lon="-111.93421">
        <ele>1371.1</ele>
      </trkpt>
      <trkpt lat="40.46481" lon="-111.93422">
        <ele>1371.1</ele>
      </trkpt>
      <trkpt lat="40.46502" lon="-111.93423">
        <ele>1371.3</ele>
      </trkpt>
      <trkpt lat="40.46525" lon="-111.93421">
        <ele>1371.0</ele>
      </trkpt>
      <trkpt lat="40.46525" lon="-111.93421">
        <ele>1371.0</ele>
      </trkpt>
      <trkpt lat="40.46563" lon="-111.93418">
        <ele>1372.9</ele>
      </trkpt>
      <trkpt lat="40.46578" lon="-111.93418">
        <ele>1373.1</ele>
      </trkpt>
      <trkpt lat="40.46596" lon="-111.93419">
        <ele>1373.0</ele>
      </trkpt>
      <trkpt lat="40.46639" lon="-111.93426">
        <ele>1372.9</ele>
      </trkpt>
      <trkpt lat="40.46667" lon="-111.93432">
        <ele>1372.8</ele>
      </trkpt>
      <trkpt lat="40.46721" lon="-111.9345">
        <ele>1372.8</ele>
      </trkpt>
      <trkpt lat="40.46753" lon="-111.93455">
        <ele>1365.3</ele>
      </trkpt>
      <trkpt lat="40.46751" lon="-111.93472">
        <ele>1365.9</ele>
      </trkpt>
      <trkpt lat="40.46748" lon="-111.93485">
        <ele>1366.5</ele>
      </trkpt>
      <trkpt lat="40.46746" lon="-111.93506">
        <ele>1368.3</ele>
      </trkpt>
      <trkpt lat="40.46736" lon="-111.93528">
        <ele>1369.5</ele>
      </trkpt>
      <trkpt lat="40.46728" lon="-111.93543">
        <ele>1370.4</ele>
      </trkpt>
      <trkpt lat="40.46723" lon="-111.93554">
        <ele>1371.0</ele>
      </trkpt>
      <trkpt lat="40.46718" lon="-111.93558">
        <ele>1371.3</ele>
      </trkpt>
      <trkpt lat="40.46674" lon="-111.93576">
        <ele>1374.3</ele>
      </trkpt>
      <trkpt lat="40.46669" lon="-111.93578">
        <ele>1374.9</ele>
      </trkpt>
      <trkpt lat="40.46663" lon="-111.93578">
        <ele>1375.3</ele>
      </trkpt>
      <trkpt lat="40.46654" lon="-111.93576">
        <ele>1375.6</ele>
      </trkpt>
      <trkpt lat="40.46625" lon="-111.93565">
        <ele>1376.8</ele>
      </trkpt>
      <trkpt lat="40.46625" lon="-111.93565">
        <ele>1376.8</ele>
      </trkpt>
      <trkpt lat="40.46607" lon="-111.93559">
        <ele>1376.9</ele>
      </trkpt>
      <trkpt lat="40.46592" lon="-111.93556">
        <ele>1376.8</ele>
      </trkpt>
      <trkpt lat="40.46572" lon="-111.93557">
        <ele>1376.9</ele>
      </trkpt>
      <trkpt lat="40.46544" lon="-111.93563">
        <ele>1377.1</ele>
      </trkpt>
      <trkpt lat="40.46525" lon="-111.93569">
        <ele>1377.1</ele>
      </trkpt>
      <trkpt lat="40.4651" lon="-111.93576">
        <ele>1377.4</ele>
      </trkpt>
      <trkpt lat="40.46487" lon="-111.93586">
        <ele>1378.6</ele>
      </trkpt>
      <trkpt lat="40.46414" lon="-111.93607">
        <ele>1381.8</ele>
      </trkpt>
      <trkpt lat="40.46342" lon="-111.93629">
        <ele>1382.3</ele>
      </trkpt>
      <trkpt lat="40.46337" lon="-111.93632">
        <ele>1382.1</ele>
      </trkpt>
      <trkpt lat="40.46334" lon="-111.93635">
        <ele>1382.2</ele>
      </trkpt>
      <trkpt lat="40.46332" lon="-111.9364">
        <ele>1382.4</ele>
      </trkpt>
      <trkpt lat="40.46331" lon="-111.93652">
        <ele>1383.4</ele>
      </trkpt>
      <trkpt lat="40.46325" lon="-111.93675">
        <ele>1384.8</ele>
      </trkpt>
      <trkpt lat="40.46324" lon="-111.93692">
        <ele>1385.0</ele>
      </trkpt>
      <trkpt lat="40.46319" lon="-111.93798">
        <ele>1391.6</ele>
      </trkpt>
      <trkpt lat="40.46314" lon="-111.93903">
        <ele>1394.6</ele>
      </trkpt>
      <trkpt lat="40.46309" lon="-111.94009">
        <ele>1402.4</ele>
      </trkpt>
      <trkpt lat="40.46304" lon="-111.94115">
        <ele>1405.1</ele>
      </trkpt>
      <trkpt lat="40.46293" lon="-111.94114">
        <ele>1405.1</ele>
      </trkpt>
      <trkpt lat="40.4629" lon="-111.94166">
        <ele>1409.2</ele>
      </trkpt>
      <trkpt lat="40.46285" lon="-111.942">
        <ele>1410.6</ele>
      </trkpt>
      <trkpt lat="40.46271" lon="-111.94286">
        <ele>1414.7</ele>
      </trkpt>
      <trkpt lat="40.46266" lon="-111.94314">
        <ele>1416.2</ele>
      </trkpt>
      <trkpt lat="40.46264" lon="-111.94362">
        <ele>1419.1</ele>
      </trkpt>
      <trkpt lat="40.46264" lon="-111.94385">
        <ele>1420.4</ele>
      </trkpt>
      <trkpt lat="40.46265" lon="-111.94408">
        <ele>1421.4</ele>
      </trkpt>
      <trkpt lat="40.46272" lon="-111.94457">
        <ele>1423.1</ele>
      </trkpt>
      <trkpt lat="40.46278" lon="-111.94485">
        <ele>1423.9</ele>
      </trkpt>
      <trkpt lat="40.46285" lon="-111.94509">
        <ele>1424.5</ele>
      </trkpt>
      <trkpt lat="40.46291" lon="-111.94525">
        <ele>1424.8</ele>
      </trkpt>
      <trkpt lat="40.46301" lon="-111.94549">
        <ele>1425.3</ele>
      </trkpt>
      <trkpt lat="40.46331" lon="-111.94613">
        <ele>1426.1</ele>
      </trkpt>
      <trkpt lat="40.46355" lon="-111.94679">
        <ele>1427.3</ele>
      </trkpt>
      <trkpt lat="40.46368" lon="-111.9472">
        <ele>1428.4</ele>
      </trkpt>
      <trkpt lat="40.46376" lon="-111.94753">
        <ele>1429.3</ele>
      </trkpt>
      <trkpt lat="40.46382" lon="-111.9478">
        <ele>1430.0</ele>
      </trkpt>
      <trkpt lat="40.46391" lon="-111.9483">
        <ele>1431.2</ele>
      </trkpt>
      <trkpt lat="40.46397" lon="-111.94882">
        <ele>1432.8</ele>
      </trkpt>
      <trkpt lat="40.46401" lon="-111.94954">
        <ele>1436.7</ele>
      </trkpt>
      <trkpt lat="40.46401" lon="-111.94984">
        <ele>1438.8</ele>
      </trkpt>
      <trkpt lat="40.464" lon="-111.9501">
        <ele>1440.8</ele>
      </trkpt>
      <trkpt lat="40.46397" lon="-111.95043">
        <ele>1444.5</ele>
      </trkpt>
      <trkpt lat="40.46394" lon="-111.95068">
        <ele>1446.0</ele>
      </trkpt>
      <trkpt lat="40.46385" lon="-111.95119">
        <ele>1447.0</ele>
      </trkpt>
      <trkpt lat="40.4637" lon="-111.95173">
        <ele>1450.5</ele>
      </trkpt>
      <trkpt lat="40.46354" lon="-111.95221">
        <ele>1453.8</ele>
      </trkpt>
      <trkpt lat="40.46345" lon="-111.95243">
        <ele>1455.7</ele>
      </trkpt>
      <trkpt lat="40.46333" lon="-111.95268">
        <ele>1457.2</ele>
      </trkpt>
      <trkpt lat="40.46325" lon="-111.95283">
        <ele>1458.1</ele>
      </trkpt>
      <trkpt lat="40.46335" lon="-111.95292">
        <ele>1459.2</ele>
      </trkpt>
      <trkpt lat="40.46336" lon="-111.95296">
        <ele>1459.7</ele>
      </trkpt>
      <trkpt lat="40.46369" lon="-111.95344">
        <ele>1463.6</ele>
      </trkpt>
      <trkpt lat="40.46403" lon="-111.95391">
        <ele>1465.5</ele>
      </trkpt>
      <trkpt lat="40.46425" lon="-111.95423">
        <ele>1466.2</ele>
      </trkpt>
      <trkpt lat="40.46473" lon="-111.95504">
        <ele>1467.7</ele>
      </trkpt>
      <trkpt lat="40.4652" lon="-111.95584">
        <ele>1468.4</ele>
      </trkpt>
      <trkpt lat="40.46557" lon="-111.95655">
        <ele>1468.0</ele>
      </trkpt>
      <trkpt lat="40.46593" lon="-111.95726">
        <ele>1465.8</ele>
      </trkpt>
      <trkpt lat="40.46624" lon="-111.95787">
        <ele>1464.3</ele>
      </trkpt>
      <trkpt lat="40.46655" lon="-111.95849">
        <ele>1465.7</ele>
      </trkpt>
      <trkpt lat="40.46699" lon="-111.95938">
        <ele>1465.0</ele>
      </trkpt>
      <trkpt lat="40.46742" lon="-111.96027">
        <ele>1464.8</ele>
      </trkpt>
      <trkpt lat="40.46786" lon="-111.96115">
        <ele>1463.9</ele>
      </trkpt>
      <trkpt lat="40.4683" lon="-111.96204">
        <ele>1464.3</ele>
      </trkpt>
      <trkpt lat="40.46874" lon="-111.96293">
        <ele>1464.3</ele>
      </trkpt>
      <trkpt lat="40.46917" lon="-111.9638">
        <ele>1463.9</ele>
      </trkpt>
      <trkpt lat="40.46961" lon="-111.96467">
        <ele>1464.2</ele>
      </trkpt>
      <trkpt lat="40.47005" lon="-111.96555">
        <ele>1463.4</ele>
      </trkpt>
      <trkpt lat="40.47048" lon="-111.96642">
        <ele>1463.0</ele>
      </trkpt>
      <trkpt lat="40.47092" lon="-111.96729">
        <ele>1462.4</ele>
      </trkpt>
      <trkpt lat="40.47106" lon="-111.96761">
        <ele>1462.2</ele>
      </trkpt>
      <trkpt lat="40.4714" lon="-111.96832">
        <ele>1462.2</ele>
      </trkpt>
      <trkpt lat="40.47173" lon="-111.96903">
        <ele>1462.6</ele>
      </trkpt>
      <trkpt lat="40.47207" lon="-111.96975">
        <ele>1464.8</ele>
      </trkpt>
      <trkpt lat="40.47251" lon="-111.97076">
        <ele>1465.3</ele>
      </trkpt>
      <trkpt lat="40.47296" lon="-111.97177">
        <ele>1467.7</ele>
      </trkpt>
      <trkpt lat="40.47334" lon="-111.97253">
        <ele>1468.0</ele>
      </trkpt>
      <trkpt lat="40.47371" lon="-111.97329">
        <ele>1467.8</ele>
      </trkpt>
      <trkpt lat="40.47409" lon="-111.97405">
        <ele>1469.0</ele>
      </trkpt>
      <trkpt lat="40.4745" lon="-111.9748">
        <ele>1467.7</ele>
      </trkpt>
      <trkpt lat="40.47491" lon="-111.97555">
        <ele>1468.0</ele>
      </trkpt>
      <trkpt lat="40.47528" lon="-111.97615">
        <ele>1469.3</ele>
      </trkpt>
      <trkpt lat="40.47565" lon="-111.97674">
        <ele>1472.6</ele>
      </trkpt>
      <trkpt lat="40.4758" lon="-111.97704">
        <ele>1473.2</ele>
      </trkpt>
      <trkpt lat="40.47587" lon="-111.9772">
        <ele>1473.5</ele>
      </trkpt>
      <trkpt lat="40.47637" lon="-111.978">
        <ele>1473.9</ele>
      </trkpt>
      <trkpt lat="40.47684" lon="-111.97879">
        <ele>1474.3</ele>
      </trkpt>
      <trkpt lat="40.47731" lon="-111.97958">
        <ele>1474.8</ele>
      </trkpt>
      <trkpt lat="40.47777" lon="-111.98036">
        <ele>1475.5</ele>
      </trkpt>
      <trkpt lat="40.47824" lon="-111.98115">
        <ele>1475.6</ele>
      </trkpt>
      <trkpt lat="40.47864" lon="-111.9818">
        <ele>1476.4</ele>
      </trkpt>
      <trkpt lat="40.47904" lon="-111.98245">
        <ele>1475.2</ele>
      </trkpt>
      <trkpt lat="40.47945" lon="-111.98311">
        <ele>1472.7</ele>
      </trkpt>
      <trkpt lat="40.47988" lon="-111.98383">
        <ele>1473.2</ele>
      </trkpt>
      <trkpt lat="40.48031" lon="-111.98455">
        <ele>1474.0</ele>
      </trkpt>
      <trkpt lat="40.48075" lon="-111.98527">
        <ele>1474.2</ele>
      </trkpt>
      <trkpt lat="40.48113" lon="-111.98588">
        <ele>1474.0</ele>
      </trkpt>
      <trkpt lat="40.4815" lon="-111.98648">
        <ele>1473.4</ele>
      </trkpt>
      <trkpt lat="40.48197" lon="-111.98728">
        <ele>1474.2</ele>
      </trkpt>
      <trkpt lat="40.4821" lon="-111.98749">
        <ele>1473.7</ele>
      </trkpt>
      <trkpt lat="40.48213" lon="-111.98756">
        <ele>1473.5</ele>
      </trkpt>
      <trkpt lat="40.48213" lon="-111.98756">
        <ele>1473.5</ele>
      </trkpt>
      <trkpt lat="40.48217" lon="-111.98763">
        <ele>1473.3</ele>
      </trkpt>
      <trkpt lat="40.48224" lon="-111.98774">
        <ele>1472.9</ele>
      </trkpt>
      <trkpt lat="40.48235" lon="-111.98793">
        <ele>1473.5</ele>
      </trkpt>
      <trkpt lat="40.48246" lon="-111.98812">
        <ele>1473.5</ele>
      </trkpt>
      <trkpt lat="40.48265" lon="-111.98843">
        <ele>1473.2</ele>
      </trkpt>
      <trkpt lat="40.48267" lon="-111.98845">
        <ele>1472.9</ele>
      </trkpt>
      <trkpt lat="40.48269" lon="-111.98849">
        <ele>1472.8</ele>
      </trkpt>
      <trkpt lat="40.48291" lon="-111.98886">
        <ele>1477.0</ele>
      </trkpt>
      <trkpt lat="40.48299" lon="-111.98899">
        <ele>1477.3</ele>
      </trkpt>
      <trkpt lat="40.48302" lon="-111.98904">
        <ele>1477.5</ele>
      </trkpt>
      <trkpt lat="40.4831" lon="-111.98917">
        <ele>1477.5</ele>
      </trkpt>
      <trkpt lat="40.48313" lon="-111.98923">
        <ele>1477.4</ele>
      </trkpt>
      <trkpt lat="40.48316" lon="-111.98927">
        <ele>1477.3</ele>
      </trkpt>
      <trkpt lat="40.48321" lon="-111.98936">
        <ele>1477.1</ele>
      </trkpt>
      <trkpt lat="40.48332" lon="-111.98955">
        <ele>1477.2</ele>
      </trkpt>
      <trkpt lat="40.48346" lon="-111.98979">
        <ele>1478.6</ele>
      </trkpt>
      <trkpt lat="40.48357" lon="-111.98998">
        <ele>1480.2</ele>
      </trkpt>
      <trkpt lat="40.48368" lon="-111.99017">
        <ele>1481.1</ele>
      </trkpt>
      <trkpt lat="40.48379" lon="-111.99035">
        <ele>1481.5</ele>
      </trkpt>
      <trkpt lat="40.48387" lon="-111.99048">
        <ele>1481.4</ele>
      </trkpt>
      <trkpt lat="40.4839" lon="-111.99054">
        <ele>1481.5</ele>
      </trkpt>
      <trkpt lat="40.48401" lon="-111.99073">
        <ele>1482.5</ele>
      </trkpt>
      <trkpt lat="40.48408" lon="-111.99086">
        <ele>1483.3</ele>
      </trkpt>
      <trkpt lat="40.48419" lon="-111.99105">
        <ele>1483.8</ele>
      </trkpt>
      <trkpt lat="40.48422" lon="-111.99111">
        <ele>1483.8</ele>
      </trkpt>
      <trkpt lat="40.48433" lon="-111.9913">
        <ele>1483.7</ele>
      </trkpt>
      <trkpt lat="40.48444" lon="-111.99149">
        <ele>1484.4</ele>
      </trkpt>
      <trkpt lat="40.48445" lon="-111.9915">
        <ele>1484.4</ele>
      </trkpt>
      <trkpt lat="40.48455" lon="-111.99167">
        <ele>1485.0</ele>
      </trkpt>
      <trkpt lat="40.48466" lon="-111.99186">
        <ele>1485.0</ele>
      </trkpt>
      <trkpt lat="40.48474" lon="-111.99199">
        <ele>1484.6</ele>
      </trkpt>
      <trkpt lat="40.48478" lon="-111.99204">
        <ele>1484.2</ele>
      </trkpt>
      <trkpt lat="40.48486" lon="-111.99217">
        <ele>1483.0</ele>
      </trkpt>
      <trkpt lat="40.48497" lon="-111.99236">
        <ele>1478.4</ele>
      </trkpt>
      <trkpt lat="40.485" lon="-111.99241">
        <ele>1477.1</ele>
      </trkpt>
      <trkpt lat="40.48508" lon="-111.99254">
        <ele>1476.0</ele>
      </trkpt>
      <trkpt lat="40.48511" lon="-111.99259">
        <ele>1476.9</ele>
      </trkpt>
      <trkpt lat="40.48511" lon="-111.9926">
        <ele>1477.1</ele>
      </trkpt>
      <trkpt lat="40.48519" lon="-111.99273">
        <ele>1482.6</ele>
      </trkpt>
      <trkpt lat="40.48522" lon="-111.99278">
        <ele>1483.5</ele>
      </trkpt>
      <trkpt lat="40.48523" lon="-111.99279">
        <ele>1483.6</ele>
      </trkpt>
      <trkpt lat="40.48526" lon="-111.99285">
        <ele>1483.9</ele>
      </trkpt>
      <trkpt lat="40.48541" lon="-111.99311">
        <ele>1485.9</ele>
      </trkpt>
      <trkpt lat="40.48546" lon="-111.9932">
        <ele>1486.6</ele>
      </trkpt>
      <trkpt lat="40.48552" lon="-111.99329">
        <ele>1487.3</ele>
      </trkpt>
      <trkpt lat="40.48555" lon="-111.99335">
        <ele>1487.8</ele>
      </trkpt>
      <trkpt lat="40.48563" lon="-111.99348">
        <ele>1488.8</ele>
      </trkpt>
      <trkpt lat="40.48566" lon="-111.99353">
        <ele>1489.2</ele>
      </trkpt>
      <trkpt lat="40.48574" lon="-111.99366">
        <ele>1490.2</ele>
      </trkpt>
      <trkpt lat="40.48577" lon="-111.99372">
        <ele>1490.7</ele>
      </trkpt>
      <trkpt lat="40.48585" lon="-111.99385">
        <ele>1491.7</ele>
      </trkpt>
      <trkpt lat="40.48586" lon="-111.99386">
        <ele>1491.8</ele>
      </trkpt>
      <trkpt lat="40.48598" lon="-111.99409">
        <ele>1493.6</ele>
      </trkpt>
      <trkpt lat="40.48606" lon="-111.99423">
        <ele>1494.7</ele>
      </trkpt>
      <trkpt lat="40.4861" lon="-111.99429">
        <ele>1495.2</ele>
      </trkpt>
      <trkpt lat="40.48611" lon="-111.99431">
        <ele>1495.4</ele>
      </trkpt>
      <trkpt lat="40.48618" lon="-111.99442">
        <ele>1496.5</ele>
      </trkpt>
      <trkpt lat="40.48621" lon="-111.99447">
        <ele>1496.9</ele>
      </trkpt>
      <trkpt lat="40.48629" lon="-111.9946">
        <ele>1497.8</ele>
      </trkpt>
      <trkpt lat="40.48632" lon="-111.99466">
        <ele>1498.1</ele>
      </trkpt>
      <trkpt lat="40.4864" lon="-111.99479">
        <ele>1498.4</ele>
      </trkpt>
      <trkpt lat="40.48643" lon="-111.99484">
        <ele>1498.5</ele>
      </trkpt>
      <trkpt lat="40.48651" lon="-111.99497">
        <ele>1498.8</ele>
      </trkpt>
      <trkpt lat="40.48654" lon="-111.99503">
        <ele>1499.0</ele>
      </trkpt>
      <trkpt lat="40.48662" lon="-111.99516">
        <ele>1499.4</ele>
      </trkpt>
      <trkpt lat="40.48666" lon="-111.99521">
        <ele>1499.5</ele>
      </trkpt>
      <trkpt lat="40.48673" lon="-111.99534">
        <ele>1499.8</ele>
      </trkpt>
      <trkpt lat="40.48677" lon="-111.9954">
        <ele>1499.9</ele>
      </trkpt>
      <trkpt lat="40.48685" lon="-111.99553">
        <ele>1500.0</ele>
      </trkpt>
      <trkpt lat="40.48712" lon="-111.99597">
        <ele>1498.1</ele>
      </trkpt>
      <trkpt lat="40.48722" lon="-111.99615">
        <ele>1496.5</ele>
      </trkpt>
      <trkpt lat="40.48739" lon="-111.99643">
        <ele>1494.4</ele>
      </trkpt>
      <trkpt lat="40.48744" lon="-111.99651">
        <ele>1494.2</ele>
      </trkpt>
      <trkpt lat="40.48788" lon="-111.99726">
        <ele>1497.4</ele>
      </trkpt>
      <trkpt lat="40.48796" lon="-111.99739">
        <ele>1497.4</ele>
      </trkpt>
      <trkpt lat="40.48799" lon="-111.99744">
        <ele>1497.4</ele>
      </trkpt>
      <trkpt lat="40.48807" lon="-111.99757">
        <ele>1497.3</ele>
      </trkpt>
      <trkpt lat="40.4881" lon="-111.99762">
        <ele>1497.3</ele>
      </trkpt>
      <trkpt lat="40.48818" lon="-111.99775">
        <ele>1497.2</ele>
      </trkpt>
      <trkpt lat="40.48822" lon="-111.99781">
        <ele>1497.2</ele>
      </trkpt>
      <trkpt lat="40.48828" lon="-111.99791">
        <ele>1497.2</ele>
      </trkpt>
      <trkpt lat="40.48844" lon="-111.99815">
        <ele>1496.9</ele>
      </trkpt>
      <trkpt lat="40.48858" lon="-111.99833">
        <ele>1496.5</ele>
      </trkpt>
      <trkpt lat="40.48859" lon="-111.99835">
        <ele>1496.5</ele>
      </trkpt>
      <trkpt lat="40.48871" lon="-111.9985">
        <ele>1495.9</ele>
      </trkpt>
      <trkpt lat="40.48879" lon="-111.99862">
        <ele>1495.5</ele>
      </trkpt>
      <trkpt lat="40.48883" lon="-111.99867">
        <ele>1495.4</ele>
      </trkpt>
      <trkpt lat="40.48887" lon="-111.99872">
        <ele>1495.2</ele>
      </trkpt>
      <trkpt lat="40.48892" lon="-111.99879">
        <ele>1495.1</ele>
      </trkpt>
      <trkpt lat="40.48908" lon="-111.99901">
        <ele>1494.6</ele>
      </trkpt>
      <trkpt lat="40.4891" lon="-111.99903">
        <ele>1494.5</ele>
      </trkpt>
      <trkpt lat="40.48921" lon="-111.99917">
        <ele>1494.1</ele>
      </trkpt>
      <trkpt lat="40.48921" lon="-111.99918">
        <ele>1494.1</ele>
      </trkpt>
      <trkpt lat="40.48932" lon="-111.99934">
        <ele>1493.8</ele>
      </trkpt>
      <trkpt lat="40.48945" lon="-111.9995">
        <ele>1493.2</ele>
      </trkpt>
      <trkpt lat="40.4895" lon="-111.99958">
        <ele>1492.9</ele>
      </trkpt>
      <trkpt lat="40.4895" lon="-111.99958">
        <ele>1492.9</ele>
      </trkpt>
      <trkpt lat="40.48954" lon="-111.99962">
        <ele>1492.8</ele>
      </trkpt>
      <trkpt lat="40.48957" lon="-111.99967">
        <ele>1492.8</ele>
      </trkpt>
      <trkpt lat="40.48959" lon="-111.99969">
        <ele>1492.7</ele>
      </trkpt>
      <trkpt lat="40.48971" lon="-111.99982">
        <ele>1492.4</ele>
      </trkpt>
      <trkpt lat="40.48985" lon="-111.99998">
        <ele>1492.0</ele>
      </trkpt>
      <trkpt lat="40.48995" lon="-112.00008">
        <ele>1491.6</ele>
      </trkpt>
      <trkpt lat="40.48998" lon="-112.00012">
        <ele>1491.5</ele>
      </trkpt>
      <trkpt lat="40.48999" lon="-112.00013">
        <ele>1491.5</ele>
      </trkpt>
      <trkpt lat="40.49013" lon="-112.00027">
        <ele>1490.8</ele>
      </trkpt>
      <trkpt lat="40.49041" lon="-112.00056">
        <ele>1489.5</ele>
      </trkpt>
      <trkpt lat="40.49052" lon="-112.00067">
        <ele>1489.5</ele>
      </trkpt>
      <trkpt lat="40.49067" lon="-112.0008">
        <ele>1488.6</ele>
      </trkpt>
      <trkpt lat="40.49071" lon="-112.00083">
        <ele>1488.3</ele>
      </trkpt>
      <trkpt lat="40.49082" lon="-112.00093">
        <ele>1487.8</ele>
      </trkpt>
      <trkpt lat="40.49085" lon="-112.00096">
        <ele>1487.8</ele>
      </trkpt>
      <trkpt lat="40.491" lon="-112.00109">
        <ele>1487.7</ele>
      </trkpt>
      <trkpt lat="40.49105" lon="-112.00113">
        <ele>1487.7</ele>
      </trkpt>
      <trkpt lat="40.4912" lon="-112.00126">
        <ele>1487.6</ele>
      </trkpt>
      <trkpt lat="40.49127" lon="-112.00132">
        <ele>1487.4</ele>
      </trkpt>
      <trkpt lat="40.4915" lon="-112.00151">
        <ele>1486.6</ele>
      </trkpt>
      <trkpt lat="40.49162" lon="-112.00159">
        <ele>1486.3</ele>
      </trkpt>
      <trkpt lat="40.49182" lon="-112.00174">
        <ele>1485.9</ele>
      </trkpt>
      <trkpt lat="40.49193" lon="-112.00181">
        <ele>1485.4</ele>
      </trkpt>
      <trkpt lat="40.49194" lon="-112.00182">
        <ele>1485.4</ele>
      </trkpt>
      <trkpt lat="40.492" lon="-112.00187">
        <ele>1485.1</ele>
      </trkpt>
      <trkpt lat="40.49209" lon="-112.00192">
        <ele>1484.7</ele>
      </trkpt>
      <trkpt lat="40.49222" lon="-112.00201">
        <ele>1484.1</ele>
      </trkpt>
      <trkpt lat="40.49226" lon="-112.00203">
        <ele>1484.0</ele>
      </trkpt>
      <trkpt lat="40.49242" lon="-112.00214">
        <ele>1483.2</ele>
      </trkpt>
      <trkpt lat="40.49248" lon="-112.00218">
        <ele>1483.0</ele>
      </trkpt>
      <trkpt lat="40.49258" lon="-112.00224">
        <ele>1482.5</ele>
      </trkpt>
      <trkpt lat="40.49275" lon="-112.00233">
        <ele>1481.8</ele>
      </trkpt>
      <trkpt lat="40.49306" lon="-112.00251">
        <ele>1480.5</ele>
      </trkpt>
      <trkpt lat="40.49329" lon="-112.00263">
        <ele>1479.8</ele>
      </trkpt>
      <trkpt lat="40.49337" lon="-112.00267">
        <ele>1479.5</ele>
      </trkpt>
      <trkpt lat="40.49338" lon="-112.00268">
        <ele>1479.5</ele>
      </trkpt>
      <trkpt lat="40.4934" lon="-112.00269">
        <ele>1479.4</ele>
      </trkpt>
      <trkpt lat="40.49341" lon="-112.00269">
        <ele>1479.3</ele>
      </trkpt>
      <trkpt lat="40.49386" lon="-112.0029">
        <ele>1477.4</ele>
      </trkpt>
      <trkpt lat="40.49438" lon="-112.00311">
        <ele>1475.2</ele>
      </trkpt>
      <trkpt lat="40.49475" lon="-112.00322">
        <ele>1473.8</ele>
      </trkpt>
      <trkpt lat="40.49478" lon="-112.00323">
        <ele>1473.7</ele>
      </trkpt>
      <trkpt lat="40.49479" lon="-112.00323">
        <ele>1473.6</ele>
      </trkpt>
      <trkpt lat="40.49492" lon="-112.00327">
        <ele>1473.2</ele>
      </trkpt>
      <trkpt lat="40.49496" lon="-112.00329">
        <ele>1473.0</ele>
      </trkpt>
      <trkpt lat="40.49501" lon="-112.0033">
        <ele>1472.8</ele>
      </trkpt>
      <trkpt lat="40.49502" lon="-112.0033">
        <ele>1472.8</ele>
      </trkpt>
      <trkpt lat="40.49513" lon="-112.00333">
        <ele>1472.4</ele>
      </trkpt>
      <trkpt lat="40.49531" lon="-112.00338">
        <ele>1471.7</ele>
      </trkpt>
      <trkpt lat="40.49564" lon="-112.00347">
        <ele>1470.5</ele>
      </trkpt>
      <trkpt lat="40.4958" lon="-112.0035">
        <ele>1469.8</ele>
      </trkpt>
      <trkpt lat="40.4963" lon="-112.00359">
        <ele>1467.7</ele>
      </trkpt>
      <trkpt lat="40.49643" lon="-112.00361">
        <ele>1467.2</ele>
      </trkpt>
      <trkpt lat="40.49652" lon="-112.00362">
        <ele>1466.8</ele>
      </trkpt>
      <trkpt lat="40.49655" lon="-112.00363">
        <ele>1466.7</ele>
      </trkpt>
      <trkpt lat="40.49664" lon="-112.00364">
        <ele>1466.3</ele>
      </trkpt>
      <trkpt lat="40.49673" lon="-112.00364">
        <ele>1465.9</ele>
      </trkpt>
      <trkpt lat="40.49692" lon="-112.00366">
        <ele>1465.3</ele>
      </trkpt>
      <trkpt lat="40.49705" lon="-112.00367">
        <ele>1464.9</ele>
      </trkpt>
      <trkpt lat="40.49714" lon="-112.00368">
        <ele>1464.7</ele>
      </trkpt>
      <trkpt lat="40.49727" lon="-112.00368">
        <ele>1464.4</ele>
      </trkpt>
      <trkpt lat="40.49728" lon="-112.00368">
        <ele>1464.4</ele>
      </trkpt>
      <trkpt lat="40.49733" lon="-112.00368">
        <ele>1464.3</ele>
      </trkpt>
      <trkpt lat="40.49745" lon="-112.00369">
        <ele>1464.1</ele>
      </trkpt>
      <trkpt lat="40.49777" lon="-112.0037">
        <ele>1463.8</ele>
      </trkpt>
      <trkpt lat="40.49853" lon="-112.0037">
        <ele>1462.3</ele>
      </trkpt>
      <trkpt lat="40.49867" lon="-112.0037">
        <ele>1461.9</ele>
      </trkpt>
      <trkpt lat="40.49872" lon="-112.0037">
        <ele>1461.8</ele>
      </trkpt>
      <trkpt lat="40.49876" lon="-112.00371">
        <ele>1461.7</ele>
      </trkpt>
      <trkpt lat="40.49965" lon="-112.00372">
        <ele>1460.3</ele>
      </trkpt>
      <trkpt lat="40.50002" lon="-112.00372">
        <ele>1460.6</ele>
      </trkpt>
      <trkpt lat="40.50029" lon="-112.00372">
        <ele>1460.0</ele>
      </trkpt>
      <trkpt lat="40.50034" lon="-112.00372">
        <ele>1459.9</ele>
      </trkpt>
      <trkpt lat="40.50047" lon="-112.00372">
        <ele>1459.4</ele>
      </trkpt>
      <trkpt lat="40.50056" lon="-112.00373">
        <ele>1459.0</ele>
      </trkpt>
      <trkpt lat="40.50073" lon="-112.00372">
        <ele>1458.2</ele>
      </trkpt>
      <trkpt lat="40.50087" lon="-112.00372">
        <ele>1458.3</ele>
      </trkpt>
      <trkpt lat="40.50163" lon="-112.00373">
        <ele>1457.8</ele>
      </trkpt>
      <trkpt lat="40.50268" lon="-112.00371">
        <ele>1456.6</ele>
      </trkpt>
      <trkpt lat="40.5038" lon="-112.00366">
        <ele>1455.2</ele>
      </trkpt>
      <trkpt lat="40.50382" lon="-112.00366">
        <ele>1455.1</ele>
      </trkpt>
      <trkpt lat="40.50389" lon="-112.00366">
        <ele>1455.0</ele>
      </trkpt>
      <trkpt lat="40.50407" lon="-112.00366">
        <ele>1454.8</ele>
      </trkpt>
      <trkpt lat="40.50411" lon="-112.00366">
        <ele>1454.7</ele>
      </trkpt>
      <trkpt lat="40.50416" lon="-112.00366">
        <ele>1454.7</ele>
      </trkpt>
      <trkpt lat="40.50429" lon="-112.00366">
        <ele>1454.3</ele>
      </trkpt>
      <trkpt lat="40.50483" lon="-112.00366">
        <ele>1453.3</ele>
      </trkpt>
      <trkpt lat="40.50569" lon="-112.00367">
        <ele>1449.4</ele>
      </trkpt>
      <trkpt lat="40.50587" lon="-112.00367">
        <ele>1449.2</ele>
      </trkpt>
      <trkpt lat="40.50591" lon="-112.00367">
        <ele>1449.3</ele>
      </trkpt>
      <trkpt lat="40.50592" lon="-112.00367">
        <ele>1449.3</ele>
      </trkpt>
      <trkpt lat="40.50596" lon="-112.00367">
        <ele>1449.5</ele>
      </trkpt>
      <trkpt lat="40.50627" lon="-112.00367">
        <ele>1450.5</ele>
      </trkpt>
      <trkpt lat="40.50641" lon="-112.00367">
        <ele>1451.4</ele>
      </trkpt>
      <trkpt lat="40.50645" lon="-112.00367">
        <ele>1451.6</ele>
      </trkpt>
      <trkpt lat="40.50648" lon="-112.00367">
        <ele>1451.8</ele>
      </trkpt>
      <trkpt lat="40.5065" lon="-112.00367">
        <ele>1451.9</ele>
      </trkpt>
      <trkpt lat="40.50663" lon="-112.00366">
        <ele>1452.2</ele>
      </trkpt>
      <trkpt lat="40.50673" lon="-112.00366">
        <ele>1452.5</ele>
      </trkpt>
      <trkpt lat="40.507" lon="-112.00364">
        <ele>1452.8</ele>
      </trkpt>
      <trkpt lat="40.50717" lon="-112.00365">
        <ele>1452.4</ele>
      </trkpt>
      <trkpt lat="40.50722" lon="-112.00365">
        <ele>1452.2</ele>
      </trkpt>
      <trkpt lat="40.5073" lon="-112.00365">
        <ele>1452.0</ele>
      </trkpt>
      <trkpt lat="40.50735" lon="-112.00365">
        <ele>1451.9</ele>
      </trkpt>
      <trkpt lat="40.50762" lon="-112.00366">
        <ele>1451.8</ele>
      </trkpt>
      <trkpt lat="40.50781" lon="-112.00381">
        <ele>1451.9</ele>
      </trkpt>
      <trkpt lat="40.50781" lon="-112.00381">
        <ele>1451.9</ele>
      </trkpt>
      <trkpt lat="40.50801" lon="-112.00379">
        <ele>1452.0</ele>
      </trkpt>
      <trkpt lat="40.50837" lon="-112.00379">
        <ele>1452.3</ele>
      </trkpt>
      <trkpt lat="40.5086" lon="-112.00378">
        <ele>1452.0</ele>
      </trkpt>
      <trkpt lat="40.50873" lon="-112.00377">
        <ele>1451.9</ele>
      </trkpt>
      <trkpt lat="40.50898" lon="-112.00375">
        <ele>1451.8</ele>
      </trkpt>
      <trkpt lat="40.50927" lon="-112.00374">
        <ele>1451.7</ele>
      </trkpt>
      <trkpt lat="40.5094" lon="-112.00373">
        <ele>1451.8</ele>
      </trkpt>
      <trkpt lat="40.50945" lon="-112.00373">
        <ele>1451.8</ele>
      </trkpt>
      <trkpt lat="40.50957" lon="-112.00373">
        <ele>1451.8</ele>
      </trkpt>
      <trkpt lat="40.50963" lon="-112.00372">
        <ele>1451.7</ele>
      </trkpt>
      <trkpt lat="40.50991" lon="-112.00371">
        <ele>1451.1</ele>
      </trkpt>
      <trkpt lat="40.51011" lon="-112.0037">
        <ele>1450.4</ele>
      </trkpt>
      <trkpt lat="40.51047" lon="-112.00365">
        <ele>1448.6</ele>
      </trkpt>
      <trkpt lat="40.51068" lon="-112.00364">
        <ele>1449.0</ele>
      </trkpt>
      <trkpt lat="40.5107" lon="-112.00365">
        <ele>1449.0</ele>
      </trkpt>
      <trkpt lat="40.51079" lon="-112.00365">
        <ele>1449.2</ele>
      </trkpt>
      <trkpt lat="40.5109" lon="-112.00366">
        <ele>1449.5</ele>
      </trkpt>
      <trkpt lat="40.51101" lon="-112.00367">
        <ele>1449.7</ele>
      </trkpt>
      <trkpt lat="40.51106" lon="-112.00367">
        <ele>1449.8</ele>
      </trkpt>
      <trkpt lat="40.51118" lon="-112.00368">
        <ele>1450.0</ele>
      </trkpt>
      <trkpt lat="40.5115" lon="-112.00375">
        <ele>1450.3</ele>
      </trkpt>
      <trkpt lat="40.51164" lon="-112.00375">
        <ele>1450.3</ele>
      </trkpt>
      <trkpt lat="40.51205" lon="-112.0038">
        <ele>1450.5</ele>
      </trkpt>
      <trkpt lat="40.51217" lon="-112.00383">
        <ele>1450.7</ele>
      </trkpt>
      <trkpt lat="40.51227" lon="-112.00384">
        <ele>1450.8</ele>
      </trkpt>
      <trkpt lat="40.51229" lon="-112.00384">
        <ele>1450.8</ele>
      </trkpt>
      <trkpt lat="40.51248" lon="-112.00389">
        <ele>1451.0</ele>
      </trkpt>
      <trkpt lat="40.51271" lon="-112.00396">
        <ele>1451.2</ele>
      </trkpt>
      <trkpt lat="40.51283" lon="-112.00399">
        <ele>1451.4</ele>
      </trkpt>
      <trkpt lat="40.5129" lon="-112.00401">
        <ele>1451.5</ele>
      </trkpt>
      <trkpt lat="40.51296" lon="-112.00403">
        <ele>1451.5</ele>
      </trkpt>
      <trkpt lat="40.51306" lon="-112.00406">
        <ele>1451.6</ele>
      </trkpt>
      <trkpt lat="40.51323" lon="-112.00412">
        <ele>1451.9</ele>
      </trkpt>
      <trkpt lat="40.51334" lon="-112.00415">
        <ele>1452.1</ele>
      </trkpt>
      <trkpt lat="40.51358" lon="-112.00423">
        <ele>1452.5</ele>
      </trkpt>
      <trkpt lat="40.51366" lon="-112.00426">
        <ele>1452.6</ele>
      </trkpt>
      <trkpt lat="40.51369" lon="-112.00427">
        <ele>1452.6</ele>
      </trkpt>
      <trkpt lat="40.51375" lon="-112.00429">
        <ele>1452.7</ele>
      </trkpt>
      <trkpt lat="40.51379" lon="-112.0043">
        <ele>1452.7</ele>
      </trkpt>
      <trkpt lat="40.51386" lon="-112.00432">
        <ele>1452.8</ele>
      </trkpt>
      <trkpt lat="40.51407" lon="-112.00439">
        <ele>1453.1</ele>
      </trkpt>
      <trkpt lat="40.51443" lon="-112.00452">
        <ele>1453.5</ele>
      </trkpt>
      <trkpt lat="40.51443" lon="-112.00452">
        <ele>1453.5</ele>
      </trkpt>
      <trkpt lat="40.51444" lon="-112.00409">
        <ele>1452.5</ele>
      </trkpt>
      <trkpt lat="40.51444" lon="-112.00408">
        <ele>1452.5</ele>
      </trkpt>
      <trkpt lat="40.51444" lon="-112.00354">
        <ele>1451.3</ele>
      </trkpt>
      <trkpt lat="40.51447" lon="-112.00339">
        <ele>1450.9</ele>
      </trkpt>
      <trkpt lat="40.51448" lon="-112.00294">
        <ele>1449.9</ele>
      </trkpt>
      <trkpt lat="40.51447" lon="-112.00208">
        <ele>1447.9</ele>
      </trkpt>
      <trkpt lat="40.51447" lon="-112.00208">
        <ele>1447.9</ele>
      </trkpt>
      <trkpt lat="40.51427" lon="-112.00207">
        <ele>1447.7</ele>
      </trkpt>
      <trkpt lat="40.51355" lon="-112.00207">
        <ele>1447.4</ele>
      </trkpt>
      <trkpt lat="40.51355" lon="-112.00207">
        <ele>1447.4</ele>
      </trkpt>
      <trkpt lat="40.51355" lon="-112.002">
        <ele>1447.3</ele>
      </trkpt>
      <trkpt lat="40.51355" lon="-112.00196">
        <ele>1447.2</ele>
      </trkpt>
      <trkpt lat="40.51355" lon="-112.00194">
        <ele>1447.1</ele>
      </trkpt>
      <trkpt lat="40.51355" lon="-112.00187">
        <ele>1447.0</ele>
      </trkpt>
      <trkpt lat="40.51355" lon="-112.00187">
        <ele>1447.0</ele>
      </trkpt>
      <trkpt lat="40.51337" lon="-112.00187">
        <ele>1446.9</ele>
      </trkpt>
      <trkpt lat="40.51337" lon="-112.00187">
        <ele>1446.9</ele>
      </trkpt>
      <trkpt lat="40.51318" lon="-112.00188">
        <ele>1446.8</ele>
      </trkpt>
      <trkpt lat="40.51302" lon="-112.00189">
        <ele>1446.9</ele>
      </trkpt>
      <trkpt lat="40.51302" lon="-112.00189">
        <ele>1446.9</ele>
      </trkpt>
      <trkpt lat="40.51301" lon="-112.00111">
        <ele>1445.1</ele>
      </trkpt>
      <trkpt lat="40.51302" lon="-112.0007">
        <ele>1444.2</ele>
      </trkpt>
      <trkpt lat="40.51301" lon="-112.00059">
        <ele>1444.0</ele>
      </trkpt>
      <trkpt lat="40.513" lon="-112.00046">
        <ele>1443.8</ele>
      </trkpt>
      <trkpt lat="40.513" lon="-112.00044">
        <ele>1443.8</ele>
      </trkpt>
      <trkpt lat="40.513" lon="-112.00026">
        <ele>1443.5</ele>
      </trkpt>
      <trkpt lat="40.51301" lon="-112.00007">
        <ele>1443.2</ele>
      </trkpt>
      <trkpt lat="40.51303" lon="-111.99992">
        <ele>1442.9</ele>
      </trkpt>
      <trkpt lat="40.51305" lon="-111.9998">
        <ele>1442.7</ele>
      </trkpt>
      <trkpt lat="40.51306" lon="-111.99972">
        <ele>1442.5</ele>
      </trkpt>
      <trkpt lat="40.51316" lon="-111.99957">
        <ele>1442.2</ele>
      </trkpt>
      <trkpt lat="40.51318" lon="-111.99954">
        <ele>1442.1</ele>
      </trkpt>
      <trkpt lat="40.51321" lon="-111.9995">
        <ele>1442.1</ele>
      </trkpt>
      <trkpt lat="40.51331" lon="-111.99937">
        <ele>1441.8</ele>
      </trkpt>
      <trkpt lat="40.51333" lon="-111.99925">
        <ele>1441.5</ele>
      </trkpt>
      <trkpt lat="40.51333" lon="-111.99925">
        <ele>1441.5</ele>
      </trkpt>
      <trkpt lat="40.51333" lon="-111.99926">
        <ele>1441.5</ele>
      </trkpt>
      <trkpt lat="40.51337" lon="-111.9993">
        <ele>1441.6</ele>
      </trkpt>
      <trkpt lat="40.5134" lon="-111.99933">
        <ele>1441.6</ele>
      </trkpt>
      <trkpt lat="40.51347" lon="-111.99942">
        <ele>1441.8</ele>
      </trkpt>
      <trkpt lat="40.51354" lon="-111.99948">
        <ele>1441.8</ele>
      </trkpt>
      <trkpt lat="40.51365" lon="-111.99956">
        <ele>1441.7</ele>
      </trkpt>
      <trkpt lat="40.51369" lon="-111.99959">
        <ele>1441.7</ele>
      </trkpt>
      <trkpt lat="40.51373" lon="-111.99962">
        <ele>1441.7</ele>
      </trkpt>
      <trkpt lat="40.51374" lon="-111.99962">
        <ele>1441.6</ele>
      </trkpt>
      <trkpt lat="40.51383" lon="-111.99967">
        <ele>1441.4</ele>
      </trkpt>
      <trkpt lat="40.51389" lon="-111.9997">
        <ele>1441.3</ele>
      </trkpt>
      <trkpt lat="40.51391" lon="-111.99971">
        <ele>1441.3</ele>
      </trkpt>
      <trkpt lat="40.51393" lon="-111.99971">
        <ele>1441.3</ele>
      </trkpt>
      <trkpt lat="40.51393" lon="-111.99972">
        <ele>1441.3</ele>
      </trkpt>
      <trkpt lat="40.51394" lon="-111.99972">
        <ele>1441.3</ele>
      </trkpt>
      <trkpt lat="40.514" lon="-111.99974">
        <ele>1441.3</ele>
      </trkpt>
      <trkpt lat="40.51408" lon="-111.99976">
        <ele>1441.2</ele>
      </trkpt>
      <trkpt lat="40.51416" lon="-111.99978">
        <ele>1441.2</ele>
      </trkpt>
      <trkpt lat="40.51417" lon="-111.99978">
        <ele>1441.2</ele>
      </trkpt>
      <trkpt lat="40.51422" lon="-111.99978">
        <ele>1441.2</ele>
      </trkpt>
      <trkpt lat="40.51425" lon="-111.99978">
        <ele>1441.2</ele>
      </trkpt>
      <trkpt lat="40.51428" lon="-111.99979">
        <ele>1441.2</ele>
      </trkpt>
      <trkpt lat="40.51438" lon="-111.99979">
        <ele>1441.3</ele>
      </trkpt>
      <trkpt lat="40.51447" lon="-111.99979">
        <ele>1441.5</ele>
      </trkpt>
      <trkpt lat="40.51448" lon="-111.99979">
        <ele>1441.5</ele>
      </trkpt>
      <trkpt lat="40.51456" lon="-111.99979">
        <ele>1441.8</ele>
      </trkpt>
      <trkpt lat="40.51461" lon="-111.99979">
        <ele>1441.8</ele>
      </trkpt>
      <trkpt lat="40.51464" lon="-111.99979">
        <ele>1441.8</ele>
      </trkpt>
      <trkpt lat="40.51498" lon="-111.99978">
        <ele>1442.2</ele>
      </trkpt>
      <trkpt lat="40.51508" lon="-111.99978">
        <ele>1442.3</ele>
      </trkpt>
      <trkpt lat="40.51511" lon="-111.99977">
        <ele>1442.3</ele>
      </trkpt>
      <trkpt lat="40.51511" lon="-111.99977">
        <ele>1442.3</ele>
      </trkpt>
      <trkpt lat="40.51515" lon="-111.99977">
        <ele>1442.4</ele>
      </trkpt>
      <trkpt lat="40.51531" lon="-111.99978">
        <ele>1442.7</ele>
      </trkpt>
      <trkpt lat="40.51533" lon="-111.99978">
        <ele>1442.7</ele>
      </trkpt>
      <trkpt lat="40.51546" lon="-111.99978">
        <ele>1442.9</ele>
      </trkpt>
      <trkpt lat="40.51551" lon="-111.99977">
        <ele>1443.0</ele>
      </trkpt>
      <trkpt lat="40.51588" lon="-111.99977">
        <ele>1443.4</ele>
      </trkpt>
      <trkpt lat="40.51638" lon="-111.99977">
        <ele>1443.5</ele>
      </trkpt>
      <trkpt lat="40.51642" lon="-111.99977">
        <ele>1443.4</ele>
      </trkpt>
      <trkpt lat="40.51689" lon="-111.99976">
        <ele>1442.7</ele>
      </trkpt>
      <trkpt lat="40.51711" lon="-111.99976">
        <ele>1442.7</ele>
      </trkpt>
      <trkpt lat="40.5177" lon="-111.99976">
        <ele>1442.7</ele>
      </trkpt>
      <trkpt lat="40.51806" lon="-111.99976">
        <ele>1442.8</ele>
      </trkpt>
      <trkpt lat="40.51825" lon="-111.99976">
        <ele>1442.9</ele>
      </trkpt>
      <trkpt lat="40.519" lon="-111.99976">
        <ele>1441.3</ele>
      </trkpt>
      <trkpt lat="40.51918" lon="-111.99977">
        <ele>1441.3</ele>
      </trkpt>
      <trkpt lat="40.51933" lon="-111.9998">
        <ele>1441.2</ele>
      </trkpt>
      <trkpt lat="40.51946" lon="-111.99985">
        <ele>1441.4</ele>
      </trkpt>
      <trkpt lat="40.51959" lon="-111.99988">
        <ele>1441.6</ele>
      </trkpt>
      <trkpt lat="40.51978" lon="-111.9999">
        <ele>1441.7</ele>
      </trkpt>
      <trkpt lat="40.52002" lon="-111.9999">
        <ele>1441.5</ele>
      </trkpt>
      <trkpt lat="40.52003" lon="-111.9999">
        <ele>1441.5</ele>
      </trkpt>
      <trkpt lat="40.52028" lon="-111.9999">
        <ele>1441.3</ele>
      </trkpt>
      <trkpt lat="40.52051" lon="-111.9999">
        <ele>1441.1</ele>
      </trkpt>
      <trkpt lat="40.52086" lon="-111.99989">
        <ele>1441.1</ele>
      </trkpt>
      <trkpt lat="40.52105" lon="-111.99989">
        <ele>1441.2</ele>
      </trkpt>
      <trkpt lat="40.52121" lon="-111.99989">
        <ele>1441.1</ele>
      </trkpt>
      <trkpt lat="40.52122" lon="-111.99989">
        <ele>1441.1</ele>
      </trkpt>
      <trkpt lat="40.52186" lon="-111.99988">
        <ele>1440.7</ele>
      </trkpt>
      <trkpt lat="40.52194" lon="-111.99987">
        <ele>1440.7</ele>
      </trkpt>
      <trkpt lat="40.52194" lon="-111.99994">
        <ele>1440.8</ele>
      </trkpt>
      <trkpt lat="40.52194" lon="-111.99994">
        <ele>1440.8</ele>
      </trkpt>
      <trkpt lat="40.5224" lon="-111.99993">
        <ele>1441.0</ele>
      </trkpt>
      <trkpt lat="40.52239" lon="-111.99905">
        <ele>1439.2</ele>
      </trkpt>
      <trkpt lat="40.52238" lon="-111.99817">
        <ele>1437.7</ele>
      </trkpt>
      <trkpt lat="40.52236" lon="-111.99729">
        <ele>1436.2</ele>
      </trkpt>
      <trkpt lat="40.52294" lon="-111.99729">
        <ele>1436.5</ele>
      </trkpt>
      <trkpt lat="40.52329" lon="-111.99743">
        <ele>1437.0</ele>
      </trkpt>
      <trkpt lat="40.524" lon="-111.99744">
        <ele>1436.6</ele>
      </trkpt>
      <trkpt lat="40.52471" lon="-111.99745">
        <ele>1438.1</ele>
      </trkpt>
      <trkpt lat="40.52484" lon="-111.99742">
        <ele>1438.0</ele>
      </trkpt>
      <trkpt lat="40.52494" lon="-111.99734">
        <ele>1437.9</ele>
      </trkpt>
      <trkpt lat="40.52507" lon="-111.99717">
        <ele>1437.7</ele>
      </trkpt>
      <trkpt lat="40.52566" lon="-111.99642">
        <ele>1436.8</ele>
      </trkpt>
      <trkpt lat="40.52624" lon="-111.99566">
        <ele>1435.6</ele>
      </trkpt>
      <trkpt lat="40.52682" lon="-111.99491">
        <ele>1434.1</ele>
      </trkpt>
      <trkpt lat="40.52729" lon="-111.99427">
        <ele>1432.4</ele>
      </trkpt>
      <trkpt lat="40.52757" lon="-111.99392">
        <ele>1431.4</ele>
      </trkpt>
      <trkpt lat="40.52762" lon="-111.9939">
        <ele>1431.4</ele>
      </trkpt>
      <trkpt lat="40.52767" lon="-111.99389">
        <ele>1431.4</ele>
      </trkpt>
      <trkpt lat="40.52843" lon="-111.99388">
        <ele>1431.7</ele>
      </trkpt>
      <trkpt lat="40.5292" lon="-111.99388">
        <ele>1431.7</ele>
      </trkpt>
      <trkpt lat="40.52998" lon="-111.99389">
        <ele>1431.8</ele>
      </trkpt>
      <trkpt lat="40.53075" lon="-111.99389">
        <ele>1431.9</ele>
      </trkpt>
      <trkpt lat="40.53072" lon="-111.99376">
        <ele>1431.5</ele>
      </trkpt>
      <trkpt lat="40.53071" lon="-111.99362">
        <ele>1431.1</ele>
      </trkpt>
      <trkpt lat="40.5307" lon="-111.99347">
        <ele>1430.8</ele>
      </trkpt>
      <trkpt lat="40.5307" lon="-111.99301">
        <ele>1429.2</ele>
      </trkpt>
      <trkpt lat="40.53155" lon="-111.99301">
        <ele>1429.1</ele>
      </trkpt>
      <trkpt lat="40.5324" lon="-111.99301">
        <ele>1429.1</ele>
      </trkpt>
      <trkpt lat="40.53325" lon="-111.99301">
        <ele>1429.1</ele>
      </trkpt>
      <trkpt lat="40.53379" lon="-111.99302">
        <ele>1428.6</ele>
      </trkpt>
      <trkpt lat="40.53385" lon="-111.99303">
        <ele>1428.4</ele>
      </trkpt>
      <trkpt lat="40.53392" lon="-111.99307">
        <ele>1428.3</ele>
      </trkpt>
      <trkpt lat="40.53399" lon="-111.99314">
        <ele>1428.1</ele>
      </trkpt>
      <trkpt lat="40.53403" lon="-111.9932">
        <ele>1428.0</ele>
      </trkpt>
      <trkpt lat="40.53411" lon="-111.99338">
        <ele>1427.8</ele>
      </trkpt>
      <trkpt lat="40.53421" lon="-111.99393">
        <ele>1428.0</ele>
      </trkpt>
      <trkpt lat="40.53426" lon="-111.99415">
        <ele>1428.2</ele>
      </trkpt>
      <trkpt lat="40.53431" lon="-111.99423">
        <ele>1428.5</ele>
      </trkpt>
      <trkpt lat="40.53434" lon="-111.99427">
        <ele>1428.6</ele>
      </trkpt>
      <trkpt lat="40.53437" lon="-111.99429">
        <ele>1428.7</ele>
      </trkpt>
      <trkpt lat="40.53441" lon="-111.99429">
        <ele>1428.7</ele>
      </trkpt>
      <trkpt lat="40.53445" lon="-111.99427">
        <ele>1428.7</ele>
      </trkpt>
      <trkpt lat="40.5346" lon="-111.99409">
        <ele>1428.5</ele>
      </trkpt>
      <trkpt lat="40.53485" lon="-111.9939">
        <ele>1428.5</ele>
      </trkpt>
      <trkpt lat="40.53493" lon="-111.99387">
        <ele>1428.5</ele>
      </trkpt>
      <trkpt lat="40.535" lon="-111.99385">
        <ele>1428.5</ele>
      </trkpt>
      <trkpt lat="40.53509" lon="-111.99386">
        <ele>1428.5</ele>
      </trkpt>
      <trkpt lat="40.53534" lon="-111.99392">
        <ele>1428.7</ele>
      </trkpt>
      <trkpt lat="40.53545" lon="-111.99391">
        <ele>1428.7</ele>
      </trkpt>
      <trkpt lat="40.53551" lon="-111.99388">
        <ele>1428.7</ele>
      </trkpt>
      <trkpt lat="40.53557" lon="-111.99383">
        <ele>1428.7</ele>
      </trkpt>
      <trkpt lat="40.53578" lon="-111.99352">
        <ele>1428.5</ele>
      </trkpt>
      <trkpt lat="40.53611" lon="-111.99298">
        <ele>1428.2</ele>
      </trkpt>
      <trkpt lat="40.53628" lon="-111.99277">
        <ele>1428.1</ele>
      </trkpt>
      <trkpt lat="40.53643" lon="-111.99269">
        <ele>1428.2</ele>
      </trkpt>
      <trkpt lat="40.53693" lon="-111.99259">
        <ele>1428.4</ele>
      </trkpt>
      <trkpt lat="40.53706" lon="-111.99255">
        <ele>1428.5</ele>
      </trkpt>
      <trkpt lat="40.53724" lon="-111.99244">
        <ele>1428.4</ele>
      </trkpt>
      <trkpt lat="40.53756" lon="-111.99214">
        <ele>1428.0</ele>
      </trkpt>
      <trkpt lat="40.53771" lon="-111.99202">
        <ele>1427.9</ele>
      </trkpt>
      <trkpt lat="40.53797" lon="-111.99194">
        <ele>1427.9</ele>
      </trkpt>
      <trkpt lat="40.53871" lon="-111.99186">
        <ele>1427.8</ele>
      </trkpt>
      <trkpt lat="40.53878" lon="-111.99185">
        <ele>1427.8</ele>
      </trkpt>
      <trkpt lat="40.53891" lon="-111.99181">
        <ele>1427.8</ele>
      </trkpt>
      <trkpt lat="40.53914" lon="-111.99171">
        <ele>1427.8</ele>
      </trkpt>
      <trkpt lat="40.53946" lon="-111.9914">
        <ele>1427.7</ele>
      </trkpt>
      <trkpt lat="40.53963" lon="-111.99132">
        <ele>1427.7</ele>
      </trkpt>
      <trkpt lat="40.53988" lon="-111.99123">
        <ele>1427.6</ele>
      </trkpt>
      <trkpt lat="40.54039" lon="-111.99108">
        <ele>1427.6</ele>
      </trkpt>
      <trkpt lat="40.5409" lon="-111.99094">
        <ele>1427.3</ele>
      </trkpt>
      <trkpt lat="40.54126" lon="-111.99079">
        <ele>1427.2</ele>
      </trkpt>
      <trkpt lat="40.54145" lon="-111.99067">
        <ele>1427.1</ele>
      </trkpt>
      <trkpt lat="40.54222" lon="-111.99013">
        <ele>1427.0</ele>
      </trkpt>
      <trkpt lat="40.54299" lon="-111.98959">
        <ele>1427.0</ele>
      </trkpt>
      <trkpt lat="40.54331" lon="-111.98933">
        <ele>1427.0</ele>
      </trkpt>
      <trkpt lat="40.54371" lon="-111.98894">
        <ele>1426.9</ele>
      </trkpt>
      <trkpt lat="40.54425" lon="-111.98839">
        <ele>1426.6</ele>
      </trkpt>
      <trkpt lat="40.5442" lon="-111.9879">
        <ele>1424.7</ele>
      </trkpt>
      <trkpt lat="40.54417" lon="-111.9874">
        <ele>1422.8</ele>
      </trkpt>
      <trkpt lat="40.54414" lon="-111.98674">
        <ele>1421.3</ele>
      </trkpt>
      <trkpt lat="40.54413" lon="-111.98613">
        <ele>1420.2</ele>
      </trkpt>
      <trkpt lat="40.54413" lon="-111.98551">
        <ele>1419.3</ele>
      </trkpt>
      <trkpt lat="40.54413" lon="-111.98455">
        <ele>1417.5</ele>
      </trkpt>
      <trkpt lat="40.54413" lon="-111.9841">
        <ele>1416.7</ele>
      </trkpt>
      <trkpt lat="40.54413" lon="-111.9838">
        <ele>1416.2</ele>
      </trkpt>
      <trkpt lat="40.54413" lon="-111.98264">
        <ele>1415.1</ele>
      </trkpt>
      <trkpt lat="40.54413" lon="-111.98148">
        <ele>1414.5</ele>
      </trkpt>
      <trkpt lat="40.54441" lon="-111.98149">
        <ele>1414.9</ele>
      </trkpt>
      <trkpt lat="40.54466" lon="-111.98152">
        <ele>1415.2</ele>
      </trkpt>
      <trkpt lat="40.54493" lon="-111.98156">
        <ele>1415.6</ele>
      </trkpt>
      <trkpt lat="40.54545" lon="-111.9817">
        <ele>1416.5</ele>
      </trkpt>
      <trkpt lat="40.54598" lon="-111.98184">
        <ele>1417.1</ele>
      </trkpt>
      <trkpt lat="40.54631" lon="-111.98185">
        <ele>1417.4</ele>
      </trkpt>
      <trkpt lat="40.54659" lon="-111.98181">
        <ele>1417.6</ele>
      </trkpt>
      <trkpt lat="40.54686" lon="-111.98173">
        <ele>1417.8</ele>
      </trkpt>
      <trkpt lat="40.54694" lon="-111.9817">
        <ele>1417.8</ele>
      </trkpt>
      <trkpt lat="40.54722" lon="-111.98156">
        <ele>1418.0</ele>
      </trkpt>
      <trkpt lat="40.54744" lon="-111.98139">
        <ele>1418.1</ele>
      </trkpt>
      <trkpt lat="40.54762" lon="-111.98121">
        <ele>1418.1</ele>
      </trkpt>
      <trkpt lat="40.54817" lon="-111.98063">
        <ele>1418.2</ele>
      </trkpt>
      <trkpt lat="40.54872" lon="-111.98005">
        <ele>1418.1</ele>
      </trkpt>
      <trkpt lat="40.54927" lon="-111.97947">
        <ele>1418.4</ele>
      </trkpt>
      <trkpt lat="40.54954" lon="-111.97916">
        <ele>1419.5</ele>
      </trkpt>
      <trkpt lat="40.54999" lon="-111.97844">
        <ele>1418.1</ele>
      </trkpt>
      <trkpt lat="40.55035" lon="-111.97789">
        <ele>1418.1</ele>
      </trkpt>
      <trkpt lat="40.5506" lon="-111.97762">
        <ele>1412.9</ele>
      </trkpt>
      <trkpt lat="40.55084" lon="-111.9774">
        <ele>1410.4</ele>
      </trkpt>
      <trkpt lat="40.55156" lon="-111.97689">
        <ele>1409.9</ele>
      </trkpt>
      <trkpt lat="40.55228" lon="-111.97638">
        <ele>1410.1</ele>
      </trkpt>
      <trkpt lat="40.55301" lon="-111.97588">
        <ele>1410.1</ele>
      </trkpt>
      <trkpt lat="40.55355" lon="-111.9755">
        <ele>1410.1</ele>
      </trkpt>
      <trkpt lat="40.5541" lon="-111.97513">
        <ele>1410.7</ele>
      </trkpt>
      <trkpt lat="40.55464" lon="-111.97475">
        <ele>1412.3</ele>
      </trkpt>
      <trkpt lat="40.55533" lon="-111.9743">
        <ele>1412.6</ele>
      </trkpt>
      <trkpt lat="40.55601" lon="-111.97384">
        <ele>1415.4</ele>
      </trkpt>
      <trkpt lat="40.5567" lon="-111.97339">
        <ele>1415.0</ele>
      </trkpt>
      <trkpt lat="40.55731" lon="-111.97304">
        <ele>1414.5</ele>
      </trkpt>
      <trkpt lat="40.5577" lon="-111.97289">
        <ele>1414.8</ele>
      </trkpt>
      <trkpt lat="40.55832" lon="-111.97268">
        <ele>1414.7</ele>
      </trkpt>
      <trkpt lat="40.55874" lon="-111.97257">
        <ele>1414.4</ele>
      </trkpt>
      <trkpt lat="40.55873" lon="-111.9727">
        <ele>1414.7</ele>
      </trkpt>
      <trkpt lat="40.55874" lon="-111.97347">
        <ele>1415.3</ele>
      </trkpt>
      <trkpt lat="40.55875" lon="-111.97423">
        <ele>1415.7</ele>
      </trkpt>
      <trkpt lat="40.55875" lon="-111.97524">
        <ele>1417.0</ele>
      </trkpt>
      <trkpt lat="40.55937" lon="-111.97524">
        <ele>1416.2</ele>
      </trkpt>
      <trkpt lat="40.55999" lon="-111.97525">
        <ele>1415.7</ele>
      </trkpt>
      <trkpt lat="40.56004" lon="-111.97532">
        <ele>1415.8</ele>
      </trkpt>
      <trkpt lat="40.56004" lon="-111.97532">
        <ele>1415.8</ele>
      </trkpt>
      <trkpt lat="40.56004" lon="-111.97532">
        <ele>1415.8</ele>
      </trkpt>
      <trkpt lat="40.56017" lon="-111.9755">
        <ele>1416.1</ele>
      </trkpt>
      <trkpt lat="40.5602" lon="-111.97544">
        <ele>1415.9</ele>
      </trkpt>
      <trkpt lat="40.56094" lon="-111.97545">
        <ele>1415.6</ele>
      </trkpt>
      <trkpt lat="40.56094" lon="-111.97532">
        <ele>1415.4</ele>
      </trkpt>
      <trkpt lat="40.56181" lon="-111.97533">
        <ele>1415.2</ele>
      </trkpt>
      <trkpt lat="40.56185" lon="-111.97425">
        <ele>1414.9</ele>
      </trkpt>
      <trkpt lat="40.56189" lon="-111.97318">
        <ele>1415.0</ele>
      </trkpt>
      <trkpt lat="40.56195" lon="-111.97209">
        <ele>1414.5</ele>
      </trkpt>
      <trkpt lat="40.56203" lon="-111.97106">
        <ele>1414.0</ele>
      </trkpt>
      <trkpt lat="40.56212" lon="-111.97002">
        <ele>1412.0</ele>
      </trkpt>
      <trkpt lat="40.56213" lon="-111.96916">
        <ele>1410.5</ele>
      </trkpt>
      <trkpt lat="40.56214" lon="-111.96829">
        <ele>1408.2</ele>
      </trkpt>
      <trkpt lat="40.56215" lon="-111.96743">
        <ele>1405.9</ele>
      </trkpt>
      <trkpt lat="40.56215" lon="-111.9666">
        <ele>1404.8</ele>
      </trkpt>
      <trkpt lat="40.56215" lon="-111.96577">
        <ele>1403.3</ele>
      </trkpt>
      <trkpt lat="40.56215" lon="-111.96494">
        <ele>1401.4</ele>
      </trkpt>
      <trkpt lat="40.5622" lon="-111.96481">
        <ele>1401.1</ele>
      </trkpt>
      <trkpt lat="40.5622" lon="-111.96402">
        <ele>1398.7</ele>
      </trkpt>
      <trkpt lat="40.5622" lon="-111.96322">
        <ele>1397.7</ele>
      </trkpt>
      <trkpt lat="40.5622" lon="-111.96243">
        <ele>1396.5</ele>
      </trkpt>
      <trkpt lat="40.56221" lon="-111.96138">
        <ele>1394.8</ele>
      </trkpt>
      <trkpt lat="40.56221" lon="-111.96033">
        <ele>1393.5</ele>
      </trkpt>
      <trkpt lat="40.56223" lon="-111.95951">
        <ele>1392.1</ele>
      </trkpt>
      <trkpt lat="40.56217" lon="-111.95939">
        <ele>1392.0</ele>
      </trkpt>
      <trkpt lat="40.5622" lon="-111.9583">
        <ele>1390.1</ele>
      </trkpt>
      <trkpt lat="40.56223" lon="-111.95721">
        <ele>1388.5</ele>
      </trkpt>
      <trkpt lat="40.56227" lon="-111.95644">
        <ele>1388.0</ele>
      </trkpt>
      <trkpt lat="40.56232" lon="-111.95634">
        <ele>1387.9</ele>
      </trkpt>
      <trkpt lat="40.56233" lon="-111.95555">
        <ele>1385.7</ele>
      </trkpt>
      <trkpt lat="40.56232" lon="-111.95461">
        <ele>1383.1</ele>
      </trkpt>
      <trkpt lat="40.56228" lon="-111.95374">
        <ele>1380.4</ele>
      </trkpt>
      <trkpt lat="40.56224" lon="-111.95287">
        <ele>1378.4</ele>
      </trkpt>
      <trkpt lat="40.56222" lon="-111.9521">
        <ele>1377.5</ele>
      </trkpt>
      <trkpt lat="40.56222" lon="-111.95106">
        <ele>1377.4</ele>
      </trkpt>
      <trkpt lat="40.56222" lon="-111.95003">
        <ele>1374.9</ele>
      </trkpt>
      <trkpt lat="40.56217" lon="-111.94945">
        <ele>1374.0</ele>
      </trkpt>
      <trkpt lat="40.56219" lon="-111.94835">
        <ele>1373.2</ele>
      </trkpt>
      <trkpt lat="40.56221" lon="-111.94725">
        <ele>1372.4</ele>
      </trkpt>
      <trkpt lat="40.56223" lon="-111.94615">
        <ele>1371.5</ele>
      </trkpt>
      <trkpt lat="40.56223" lon="-111.94547">
        <ele>1370.7</ele>
      </trkpt>
      <trkpt lat="40.56224" lon="-111.94479">
        <ele>1368.7</ele>
      </trkpt>
      <trkpt lat="40.56228" lon="-111.94462">
        <ele>1368.3</ele>
      </trkpt>
      <trkpt lat="40.56228" lon="-111.94365">
        <ele>1367.1</ele>
      </trkpt>
      <trkpt lat="40.56229" lon="-111.94269">
        <ele>1366.4</ele>
      </trkpt>
      <trkpt lat="40.5623" lon="-111.94172">
        <ele>1365.8</ele>
      </trkpt>
      <trkpt lat="40.5623" lon="-111.94076">
        <ele>1365.5</ele>
      </trkpt>
      <trkpt lat="40.56225" lon="-111.94063">
        <ele>1365.4</ele>
      </trkpt>
      <trkpt lat="40.56223" lon="-111.9405">
        <ele>1365.3</ele>
      </trkpt>
      <trkpt lat="40.56223" lon="-111.93963">
        <ele>1365.0</ele>
      </trkpt>
      <trkpt lat="40.56223" lon="-111.93877">
        <ele>1365.2</ele>
      </trkpt>
      <trkpt lat="40.56223" lon="-111.93798">
        <ele>1364.4</ele>
      </trkpt>
      <trkpt lat="40.56224" lon="-111.93718">
        <ele>1362.1</ele>
      </trkpt>
      <trkpt lat="40.56226" lon="-111.93687">
        <ele>1361.3</ele>
      </trkpt>
      <trkpt lat="40.56228" lon="-111.93652">
        <ele>1360.6</ele>
      </trkpt>
      <trkpt lat="40.56228" lon="-111.93617">
        <ele>1360.0</ele>
      </trkpt>
      <trkpt lat="40.56227" lon="-111.93554">
        <ele>1359.4</ele>
      </trkpt>
      <trkpt lat="40.56225" lon="-111.93491">
        <ele>1358.9</ele>
      </trkpt>
      <trkpt lat="40.56226" lon="-111.93481">
        <ele>1358.8</ele>
      </trkpt>
      <trkpt lat="40.56228" lon="-111.93471">
        <ele>1358.7</ele>
      </trkpt>
      <trkpt lat="40.56227" lon="-111.93401">
        <ele>1357.8</ele>
      </trkpt>
      <trkpt lat="40.56226" lon="-111.93331">
        <ele>1357.1</ele>
      </trkpt>
      <trkpt lat="40.56226" lon="-111.93248">
        <ele>1356.2</ele>
      </trkpt>
      <trkpt lat="40.56223" lon="-111.93169">
        <ele>1355.5</ele>
      </trkpt>
      <trkpt lat="40.56217" lon="-111.93157">
        <ele>1355.3</ele>
      </trkpt>
      <trkpt lat="40.56215" lon="-111.93067">
        <ele>1354.6</ele>
      </trkpt>
      <trkpt lat="40.56212" lon="-111.92976">
        <ele>1353.4</ele>
      </trkpt>
      <trkpt lat="40.56209" lon="-111.92896">
        <ele>1352.7</ele>
      </trkpt>
      <trkpt lat="40.56206" lon="-111.92815">
        <ele>1352.1</ele>
      </trkpt>
      <trkpt lat="40.56202" lon="-111.92748">
        <ele>1351.7</ele>
      </trkpt>
      <trkpt lat="40.56196" lon="-111.9269">
        <ele>1350.7</ele>
      </trkpt>
      <trkpt lat="40.56192" lon="-111.92669">
        <ele>1350.1</ele>
      </trkpt>
      <trkpt lat="40.56187" lon="-111.92638">
        <ele>1348.6</ele>
      </trkpt>
      <trkpt lat="40.56178" lon="-111.92597">
        <ele>1347.2</ele>
      </trkpt>
      <trkpt lat="40.56153" lon="-111.92499">
        <ele>1344.9</ele>
      </trkpt>
      <trkpt lat="40.56131" lon="-111.92407">
        <ele>1343.2</ele>
      </trkpt>
      <trkpt lat="40.56109" lon="-111.92315">
        <ele>1341.7</ele>
      </trkpt>
      <trkpt lat="40.56086" lon="-111.92226">
        <ele>1341.0</ele>
      </trkpt>
      <trkpt lat="40.56086" lon="-111.92226">
        <ele>1341.0</ele>
      </trkpt>
      <trkpt lat="40.56069" lon="-111.92152">
        <ele>1340.5</ele>
      </trkpt>
      <trkpt lat="40.56061" lon="-111.92114">
        <ele>1340.4</ele>
      </trkpt>
      <trkpt lat="40.56047" lon="-111.92055">
        <ele>1340.1</ele>
      </trkpt>
      <trkpt lat="40.56026" lon="-111.9196">
        <ele>1339.7</ele>
      </trkpt>
      <trkpt lat="40.56026" lon="-111.9196">
        <ele>1339.7</ele>
      </trkpt>
      <trkpt lat="40.56009" lon="-111.91879">
        <ele>1339.5</ele>
      </trkpt>
      <trkpt lat="40.55992" lon="-111.91797">
        <ele>1339.1</ele>
      </trkpt>
      <trkpt lat="40.55975" lon="-111.91716">
        <ele>1338.6</ele>
      </trkpt>
      <trkpt lat="40.55956" lon="-111.91619">
        <ele>1337.7</ele>
      </trkpt>
      <trkpt lat="40.55936" lon="-111.91523">
        <ele>1335.2</ele>
      </trkpt>
      <trkpt lat="40.55936" lon="-111.91523">
        <ele>1335.2</ele>
      </trkpt>
      <trkpt lat="40.55918" lon="-111.91433">
        <ele>1328.6</ele>
      </trkpt>
      <trkpt lat="40.55904" lon="-111.91353">
        <ele>1322.6</ele>
      </trkpt>
      <trkpt lat="40.55895" lon="-111.91258">
        <ele>1318.6</ele>
      </trkpt>
      <trkpt lat="40.5589" lon="-111.91173">
        <ele>1316.4</ele>
      </trkpt>
      <trkpt lat="40.55888" lon="-111.91095">
        <ele>1316.2</ele>
      </trkpt>
      <trkpt lat="40.55886" lon="-111.91018">
        <ele>1316.1</ele>
      </trkpt>
      <trkpt lat="40.55885" lon="-111.90924">
        <ele>1316.1</ele>
      </trkpt>
      <trkpt lat="40.55885" lon="-111.9083">
        <ele>1316.0</ele>
      </trkpt>
      <trkpt lat="40.55884" lon="-111.90771">
        <ele>1315.9</ele>
      </trkpt>
      <trkpt lat="40.55883" lon="-111.90691">
        <ele>1315.9</ele>
      </trkpt>
      <trkpt lat="40.55883" lon="-111.90611">
        <ele>1315.9</ele>
      </trkpt>
      <trkpt lat="40.55883" lon="-111.90531">
        <ele>1317.5</ele>
      </trkpt>
      <trkpt lat="40.55884" lon="-111.90452">
        <ele>1323.3</ele>
      </trkpt>
      <trkpt lat="40.55885" lon="-111.90373">
        <ele>1327.9</ele>
      </trkpt>
      <trkpt lat="40.55886" lon="-111.90294">
        <ele>1333.2</ele>
      </trkpt>
      <trkpt lat="40.55883" lon="-111.90251">
        <ele>1334.3</ele>
      </trkpt>
      <trkpt lat="40.55886" lon="-111.90184">
        <ele>1336.5</ele>
      </trkpt>
      <trkpt lat="40.55889" lon="-111.90116">
        <ele>1337.6</ele>
      </trkpt>
      <trkpt lat="40.55889" lon="-111.90083">
        <ele>1336.1</ele>
      </trkpt>
      <trkpt lat="40.55891" lon="-111.90033">
        <ele>1336.0</ele>
      </trkpt>
      <trkpt lat="40.55891" lon="-111.89962">
        <ele>1336.0</ele>
      </trkpt>
      <trkpt lat="40.55891" lon="-111.89891">
        <ele>1336.0</ele>
      </trkpt>
      <trkpt lat="40.55897" lon="-111.89864">
        <ele>1336.0</ele>
      </trkpt>
      <trkpt lat="40.55895" lon="-111.89793">
        <ele>1336.0</ele>
      </trkpt>
      <trkpt lat="40.55888" lon="-111.89764">
        <ele>1336.0</ele>
      </trkpt>
      <trkpt lat="40.55888" lon="-111.89687">
        <ele>1336.0</ele>
      </trkpt>
      <trkpt lat="40.55887" lon="-111.8961">
        <ele>1336.3</ele>
      </trkpt>
      <trkpt lat="40.55886" lon="-111.89557">
        <ele>1336.4</ele>
      </trkpt>
      <trkpt lat="40.55817" lon="-111.89558">
        <ele>1336.1</ele>
      </trkpt>
      <trkpt lat="40.55812" lon="-111.8956">
        <ele>1336.1</ele>
      </trkpt>
      <trkpt lat="40.55798" lon="-111.89572">
        <ele>1336.0</ele>
      </trkpt>
      <trkpt lat="40.55794" lon="-111.89574">
        <ele>1336.0</ele>
      </trkpt>
      <trkpt lat="40.55782" lon="-111.89576">
        <ele>1336.0</ele>
      </trkpt>
      <trkpt lat="40.55729" lon="-111.89575">
        <ele>1336.0</ele>
      </trkpt>
      <trkpt lat="40.55677" lon="-111.89575">
        <ele>1336.0</ele>
      </trkpt>
      <trkpt lat="40.55671" lon="-111.89573">
        <ele>1336.0</ele>
      </trkpt>
      <trkpt lat="40.55663" lon="-111.89566">
        <ele>1336.0</ele>
      </trkpt>
      <trkpt lat="40.5566" lon="-111.89561">
        <ele>1336.0</ele>
      </trkpt>
      <trkpt lat="40.55658" lon="-111.89556">
        <ele>1336.0</ele>
      </trkpt>
      <trkpt lat="40.55639" lon="-111.89481">
        <ele>1336.4</ele>
      </trkpt>
      <trkpt lat="40.55626" lon="-111.89485">
        <ele>1336.4</ele>
      </trkpt>
      <trkpt lat="40.55612" lon="-111.89486">
        <ele>1336.4</ele>
      </trkpt>
      <trkpt lat="40.55531" lon="-111.89486">
        <ele>1336.6</ele>
      </trkpt>
      <trkpt lat="40.55451" lon="-111.89486">
        <ele>1337.0</ele>
      </trkpt>
      <trkpt lat="40.5537" lon="-111.89486">
        <ele>1337.6</ele>
      </trkpt>
      <trkpt lat="40.55346" lon="-111.89482">
        <ele>1338.0</ele>
      </trkpt>
      <trkpt lat="40.55275" lon="-111.89465">
        <ele>1339.1</ele>
      </trkpt>
      <trkpt lat="40.55205" lon="-111.89449">
        <ele>1340.3</ele>
      </trkpt>
      <trkpt lat="40.55186" lon="-111.89443">
        <ele>1340.6</ele>
      </trkpt>
      <trkpt lat="40.55176" lon="-111.89438">
        <ele>1340.9</ele>
      </trkpt>
      <trkpt lat="40.55165" lon="-111.8943">
        <ele>1341.2</ele>
      </trkpt>
      <trkpt lat="40.55154" lon="-111.8942">
        <ele>1341.5</ele>
      </trkpt>
      <trkpt lat="40.55134" lon="-111.89396">
        <ele>1342.1</ele>
      </trkpt>
      <trkpt lat="40.55117" lon="-111.8942">
        <ele>1341.9</ele>
      </trkpt>
      <trkpt lat="40.55096" lon="-111.89398">
        <ele>1342.5</ele>
      </trkpt>
      <trkpt lat="40.55086" lon="-111.8939">
        <ele>1342.7</ele>
      </trkpt>
      <trkpt lat="40.55076" lon="-111.89386">
        <ele>1342.8</ele>
      </trkpt>
      <trkpt lat="40.55021" lon="-111.89371">
        <ele>1343.5</ele>
      </trkpt>
      <trkpt lat="40.54997" lon="-111.89366">
        <ele>1343.8</ele>
      </trkpt>
      <trkpt lat="40.54995" lon="-111.89382">
        <ele>1343.6</ele>
      </trkpt>
      <trkpt lat="40.5499" lon="-111.89406">
        <ele>1343.2</ele>
      </trkpt>
      <trkpt lat="40.54983" lon="-111.89453">
        <ele>1342.6</ele>
      </trkpt>
      <trkpt lat="40.54983" lon="-111.89453">
        <ele>1342.6</ele>
      </trkpt>
      <trkpt lat="40.5499" lon="-111.89406">
        <ele>1343.2</ele>
      </trkpt>
      <trkpt lat="40.54995" lon="-111.89382">
        <ele>1343.6</ele>
      </trkpt>
      <trkpt lat="40.54997" lon="-111.89366">
        <ele>1343.8</ele>
      </trkpt>
      <trkpt lat="40.55021" lon="-111.89371">
        <ele>1343.5</ele>
      </trkpt>
      <trkpt lat="40.55076" lon="-111.89386">
        <ele>1342.8</ele>
      </trkpt>
      <trkpt lat="40.55086" lon="-111.8939">
        <ele>1342.7</ele>
      </trkpt>
      <trkpt lat="40.55096" lon="-111.89398">
        <ele>1342.5</ele>
      </trkpt>
      <trkpt lat="40.55117" lon="-111.8942">
        <ele>1341.9</ele>
      </trkpt>
      <trkpt lat="40.55134" lon="-111.89396">
        <ele>1342.1</ele>
      </trkpt>
      <trkpt lat="40.55154" lon="-111.8942">
        <ele>1341.5</ele>
      </trkpt>
      <trkpt lat="40.55165" lon="-111.8943">
        <ele>1341.2</ele>
      </trkpt>
      <trkpt lat="40.55176" lon="-111.89438">
        <ele>1340.9</ele>
      </trkpt>
      <trkpt lat="40.55186" lon="-111.89443">
        <ele>1340.6</ele>
      </trkpt>
      <trkpt lat="40.55205" lon="-111.89449">
        <ele>1340.3</ele>
      </trkpt>
      <trkpt lat="40.55275" lon="-111.89465">
        <ele>1339.1</ele>
      </trkpt>
      <trkpt lat="40.55346" lon="-111.89482">
        <ele>1338.0</ele>
      </trkpt>
      <trkpt lat="40.5537" lon="-111.89486">
        <ele>1337.6</ele>
      </trkpt>
      <trkpt lat="40.55451" lon="-111.89486">
        <ele>1337.0</ele>
      </trkpt>
      <trkpt lat="40.55531" lon="-111.89486">
        <ele>1336.6</ele>
      </trkpt>
      <trkpt lat="40.55612" lon="-111.89486">
        <ele>1336.4</ele>
      </trkpt>
      <trkpt lat="40.55626" lon="-111.89485">
        <ele>1336.4</ele>
      </trkpt>
      <trkpt lat="40.55639" lon="-111.89481">
        <ele>1336.4</ele>
      </trkpt>
      <trkpt lat="40.55659" lon="-111.89469">
        <ele>1336.4</ele>
      </trkpt>
      <trkpt lat="40.55668" lon="-111.89461">
        <ele>1336.4</ele>
      </trkpt>
      <trkpt lat="40.55683" lon="-111.89443">
        <ele>1336.6</ele>
      </trkpt>
      <trkpt lat="40.55702" lon="-111.89417">
        <ele>1336.8</ele>
      </trkpt>
      <trkpt lat="40.55707" lon="-111.89411">
        <ele>1336.9</ele>
      </trkpt>
      <trkpt lat="40.55721" lon="-111.89401">
        <ele>1337.1</ele>
      </trkpt>
      <trkpt lat="40.55729" lon="-111.89397">
        <ele>1337.1</ele>
      </trkpt>
      <trkpt lat="40.55746" lon="-111.89394">
        <ele>1337.1</ele>
      </trkpt>
      <trkpt lat="40.55798" lon="-111.89393">
        <ele>1337.3</ele>
      </trkpt>
      <trkpt lat="40.5585" lon="-111.89393">
        <ele>1337.6</ele>
      </trkpt>
      <trkpt lat="40.55901" lon="-111.89391">
        <ele>1337.6</ele>
      </trkpt>
      <trkpt lat="40.55918" lon="-111.89381">
        <ele>1337.5</ele>
      </trkpt>
      <trkpt lat="40.55936" lon="-111.8938">
        <ele>1337.5</ele>
      </trkpt>
      <trkpt lat="40.55947" lon="-111.89383">
        <ele>1337.4</ele>
      </trkpt>
      <trkpt lat="40.55964" lon="-111.89383">
        <ele>1337.4</ele>
      </trkpt>
      <trkpt lat="40.55965" lon="-111.89467">
        <ele>1337.2</ele>
      </trkpt>
      <trkpt lat="40.55965" lon="-111.89552">
        <ele>1336.6</ele>
      </trkpt>
      <trkpt lat="40.55967" lon="-111.89583">
        <ele>1336.2</ele>
      </trkpt>
      <trkpt lat="40.5597" lon="-111.89596">
        <ele>1336.1</ele>
      </trkpt>
      <trkpt lat="40.55975" lon="-111.89611">
        <ele>1336.1</ele>
      </trkpt>
      <trkpt lat="40.55981" lon="-111.89629">
        <ele>1336.1</ele>
      </trkpt>
      <trkpt lat="40.55989" lon="-111.89645">
        <ele>1336.1</ele>
      </trkpt>
      <trkpt lat="40.55998" lon="-111.8966">
        <ele>1336.2</ele>
      </trkpt>
      <trkpt lat="40.56013" lon="-111.89679">
        <ele>1336.2</ele>
      </trkpt>
      <trkpt lat="40.56029" lon="-111.89697">
        <ele>1336.2</ele>
      </trkpt>
      <trkpt lat="40.56038" lon="-111.89701">
        <ele>1336.3</ele>
      </trkpt>
      <trkpt lat="40.56063" lon="-111.89722">
        <ele>1336.6</ele>
      </trkpt>
      <trkpt lat="40.56088" lon="-111.89739">
        <ele>1337.0</ele>
      </trkpt>
      <trkpt lat="40.56112" lon="-111.89753">
        <ele>1337.2</ele>
      </trkpt>
      <trkpt lat="40.56137" lon="-111.89766">
        <ele>1337.2</ele>
      </trkpt>
      <trkpt lat="40.56149" lon="-111.89771">
        <ele>1337.3</ele>
      </trkpt>
      <trkpt lat="40.56162" lon="-111.89775">
        <ele>1337.3</ele>
      </trkpt>
      <trkpt lat="40.5618" lon="-111.89777">
        <ele>1337.3</ele>
      </trkpt>
      <trkpt lat="40.56196" lon="-111.89777">
        <ele>1337.3</ele>
      </trkpt>
      <trkpt lat="40.56209" lon="-111.89772">
        <ele>1337.4</ele>
      </trkpt>
      <trkpt lat="40.56223" lon="-111.89769">
        <ele>1337.4</ele>
      </trkpt>
      <trkpt lat="40.56237" lon="-111.89768">
        <ele>1337.5</ele>
      </trkpt>
      <trkpt lat="40.56295" lon="-111.89768">
        <ele>1337.7</ele>
      </trkpt>
      <trkpt lat="40.56306" lon="-111.89775">
        <ele>1337.7</ele>
      </trkpt>
      <trkpt lat="40.56316" lon="-111.89774">
        <ele>1337.8</ele>
      </trkpt>
      <trkpt lat="40.56336" lon="-111.89768">
        <ele>1337.9</ele>
      </trkpt>
      <trkpt lat="40.56402" lon="-111.89747">
        <ele>1337.8</ele>
      </trkpt>
      <trkpt lat="40.56414" lon="-111.89745">
        <ele>1337.7</ele>
      </trkpt>
      <trkpt lat="40.56449" lon="-111.89745">
        <ele>1337.2</ele>
      </trkpt>
      <trkpt lat="40.56469" lon="-111.89745">
        <ele>1336.8</ele>
      </trkpt>
      <trkpt lat="40.56484" lon="-111.89748">
        <ele>1337.1</ele>
      </trkpt>
      <trkpt lat="40.56534" lon="-111.89767">
        <ele>1337.4</ele>
      </trkpt>
      <trkpt lat="40.56566" lon="-111.89774">
        <ele>1337.9</ele>
      </trkpt>
      <trkpt lat="40.56631" lon="-111.89775">
        <ele>1337.9</ele>
      </trkpt>
      <trkpt lat="40.56691" lon="-111.89775">
        <ele>1337.2</ele>
      </trkpt>
      <trkpt lat="40.56752" lon="-111.89774">
        <ele>1336.6</ele>
      </trkpt>
      <trkpt lat="40.56812" lon="-111.89773">
        <ele>1336.2</ele>
      </trkpt>
      <trkpt lat="40.56827" lon="-111.89772">
        <ele>1336.1</ele>
      </trkpt>
      <trkpt lat="40.56843" lon="-111.89768">
        <ele>1336.0</ele>
      </trkpt>
      <trkpt lat="40.56859" lon="-111.89763">
        <ele>1335.9</ele>
      </trkpt>
      <trkpt lat="40.56877" lon="-111.89753">
        <ele>1335.8</ele>
      </trkpt>
      <trkpt lat="40.56901" lon="-111.89741">
        <ele>1335.6</ele>
      </trkpt>
      <trkpt lat="40.56908" lon="-111.89732">
        <ele>1335.6</ele>
      </trkpt>
      <trkpt lat="40.56921" lon="-111.89728">
        <ele>1335.5</ele>
      </trkpt>
      <trkpt lat="40.56933" lon="-111.89726">
        <ele>1335.4</ele>
      </trkpt>
      <trkpt lat="40.56952" lon="-111.89725">
        <ele>1335.3</ele>
      </trkpt>
      <trkpt lat="40.56955" lon="-111.89731">
        <ele>1335.3</ele>
      </trkpt>
      <trkpt lat="40.56968" lon="-111.89731">
        <ele>1335.2</ele>
      </trkpt>
      <trkpt lat="40.56969" lon="-111.89841">
        <ele>1334.9</ele>
      </trkpt>
      <trkpt lat="40.56969" lon="-111.89952">
        <ele>1334.5</ele>
      </trkpt>
      <trkpt lat="40.56971" lon="-111.90016">
        <ele>1334.5</ele>
      </trkpt>
      <trkpt lat="40.56972" lon="-111.90079">
        <ele>1334.5</ele>
      </trkpt>
      <trkpt lat="40.56973" lon="-111.90194">
        <ele>1334.5</ele>
      </trkpt>
      <trkpt lat="40.56974" lon="-111.90309">
        <ele>1332.5</ele>
      </trkpt>
      <trkpt lat="40.56972" lon="-111.90369">
        <ele>1331.0</ele>
      </trkpt>
      <trkpt lat="40.56971" lon="-111.90436">
        <ele>1329.0</ele>
      </trkpt>
      <trkpt lat="40.5697" lon="-111.90504">
        <ele>1327.0</ele>
      </trkpt>
      <trkpt lat="40.5697" lon="-111.90599">
        <ele>1328.4</ele>
      </trkpt>
      <trkpt lat="40.5697" lon="-111.90695">
        <ele>1333.2</ele>
      </trkpt>
      <trkpt lat="40.5697" lon="-111.9079">
        <ele>1332.3</ele>
      </trkpt>
      <trkpt lat="40.56973" lon="-111.90822">
        <ele>1329.6</ele>
      </trkpt>
      <trkpt lat="40.56978" lon="-111.90846">
        <ele>1328.4</ele>
      </trkpt>
      <trkpt lat="40.56985" lon="-111.90869">
        <ele>1327.3</ele>
      </trkpt>
      <trkpt lat="40.56993" lon="-111.90893">
        <ele>1326.3</ele>
      </trkpt>
      <trkpt lat="40.57013" lon="-111.90934">
        <ele>1325.6</ele>
      </trkpt>
      <trkpt lat="40.57054" lon="-111.91009">
        <ele>1319.5</ele>
      </trkpt>
      <trkpt lat="40.57068" lon="-111.9103">
        <ele>1318.3</ele>
      </trkpt>
      <trkpt lat="40.57075" lon="-111.91039">
        <ele>1317.8</ele>
      </trkpt>
      <trkpt lat="40.57075" lon="-111.91039">
        <ele>1317.8</ele>
      </trkpt>
      <trkpt lat="40.57075" lon="-111.91039">
        <ele>1317.8</ele>
      </trkpt>
      <trkpt lat="40.57128" lon="-111.911">
        <ele>1318.2</ele>
      </trkpt>
      <trkpt lat="40.5714" lon="-111.91115">
        <ele>1318.2</ele>
      </trkpt>
      <trkpt lat="40.57147" lon="-111.91127">
        <ele>1317.7</ele>
      </trkpt>
      <trkpt lat="40.57155" lon="-111.91145">
        <ele>1316.9</ele>
      </trkpt>
      <trkpt lat="40.57161" lon="-111.91161">
        <ele>1316.1</ele>
      </trkpt>
      <trkpt lat="40.57171" lon="-111.91205">
        <ele>1314.7</ele>
      </trkpt>
      <trkpt lat="40.57183" lon="-111.91276">
        <ele>1314.3</ele>
      </trkpt>
      <trkpt lat="40.57195" lon="-111.91314">
        <ele>1314.3</ele>
      </trkpt>
      <trkpt lat="40.57206" lon="-111.91339">
        <ele>1314.3</ele>
      </trkpt>
      <trkpt lat="40.57216" lon="-111.91369">
        <ele>1314.3</ele>
      </trkpt>
      <trkpt lat="40.57219" lon="-111.91387">
        <ele>1314.1</ele>
      </trkpt>
      <trkpt lat="40.57221" lon="-111.91404">
        <ele>1314.0</ele>
      </trkpt>
      <trkpt lat="40.57222" lon="-111.91424">
        <ele>1313.9</ele>
      </trkpt>
      <trkpt lat="40.5722" lon="-111.91471">
        <ele>1313.6</ele>
      </trkpt>
      <trkpt lat="40.57214" lon="-111.91548">
        <ele>1315.9</ele>
      </trkpt>
      <trkpt lat="40.57209" lon="-111.9161">
        <ele>1317.8</ele>
      </trkpt>
      <trkpt lat="40.57202" lon="-111.91706">
        <ele>1320.8</ele>
      </trkpt>
      <trkpt lat="40.57202" lon="-111.91717">
        <ele>1321.6</ele>
      </trkpt>
      <trkpt lat="40.57178" lon="-111.91714">
        <ele>1323.5</ele>
      </trkpt>
      <trkpt lat="40.5717" lon="-111.91709">
        <ele>1323.2</ele>
      </trkpt>
      <trkpt lat="40.57153" lon="-111.91689">
        <ele>1320.6</ele>
      </trkpt>
      <trkpt lat="40.57149" lon="-111.91677">
        <ele>1319.9</ele>
      </trkpt>
      <trkpt lat="40.57151" lon="-111.91621">
        <ele>1314.8</ele>
      </trkpt>
      <trkpt lat="40.57168" lon="-111.91625">
        <ele>1314.9</ele>
      </trkpt>
      <trkpt lat="40.57169" lon="-111.91618">
        <ele>1314.1</ele>
      </trkpt>
      <trkpt lat="40.57162" lon="-111.91617">
        <ele>1314.2</ele>
      </trkpt>
      <trkpt lat="40.57162" lon="-111.91614">
        <ele>1314.0</ele>
      </trkpt>
      <trkpt lat="40.57169" lon="-111.91593">
        <ele>1313.1</ele>
      </trkpt>
      <trkpt lat="40.57169" lon="-111.91579">
        <ele>1313.0</ele>
      </trkpt>
      <trkpt lat="40.57171" lon="-111.91574">
        <ele>1313.0</ele>
      </trkpt>
      <trkpt lat="40.57187" lon="-111.91585">
        <ele>1313.0</ele>
      </trkpt>
      <trkpt lat="40.57189" lon="-111.91589">
        <ele>1313.0</ele>
      </trkpt>
      <trkpt lat="40.57189" lon="-111.91592">
        <ele>1313.0</ele>
      </trkpt>
      <trkpt lat="40.57184" lon="-111.9164">
        <ele>1313.7</ele>
      </trkpt>
      <trkpt lat="40.57185" lon="-111.91647">
        <ele>1313.8</ele>
      </trkpt>
      <trkpt lat="40.57186" lon="-111.9165">
        <ele>1313.8</ele>
      </trkpt>
      <trkpt lat="40.57188" lon="-111.91652">
        <ele>1313.9</ele>
      </trkpt>
      <trkpt lat="40.57222" lon="-111.91685">
        <ele>1314.7</ele>
      </trkpt>
      <trkpt lat="40.57228" lon="-111.9169">
        <ele>1314.8</ele>
      </trkpt>
      <trkpt lat="40.57236" lon="-111.91693">
        <ele>1315.0</ele>
      </trkpt>
      <trkpt lat="40.57241" lon="-111.91691">
        <ele>1315.1</ele>
      </trkpt>
      <trkpt lat="40.57247" lon="-111.91686">
        <ele>1313.7</ele>
      </trkpt>
      <trkpt lat="40.57257" lon="-111.91657">
        <ele>1313.0</ele>
      </trkpt>
      <trkpt lat="40.57259" lon="-111.91653">
        <ele>1313.0</ele>
      </trkpt>
      <trkpt lat="40.57268" lon="-111.91651">
        <ele>1312.9</ele>
      </trkpt>
      <trkpt lat="40.57273" lon="-111.91651">
        <ele>1312.9</ele>
      </trkpt>
      <trkpt lat="40.57283" lon="-111.91659">
        <ele>1312.9</ele>
      </trkpt>
      <trkpt lat="40.57313" lon="-111.9169">
        <ele>1312.9</ele>
      </trkpt>
      <trkpt lat="40.57325" lon="-111.91699">
        <ele>1312.9</ele>
      </trkpt>
      <trkpt lat="40.57345" lon="-111.91712">
        <ele>1312.9</ele>
      </trkpt>
      <trkpt lat="40.57359" lon="-111.9173">
        <ele>1312.9</ele>
      </trkpt>
      <trkpt lat="40.57366" lon="-111.91734">
        <ele>1312.9</ele>
      </trkpt>
      <trkpt lat="40.57387" lon="-111.91743">
        <ele>1312.9</ele>
      </trkpt>
      <trkpt lat="40.57412" lon="-111.91765">
        <ele>1312.9</ele>
      </trkpt>
      <trkpt lat="40.57433" lon="-111.91781">
        <ele>1312.8</ele>
      </trkpt>
      <trkpt lat="40.57503" lon="-111.91836">
        <ele>1312.8</ele>
      </trkpt>
      <trkpt lat="40.57562" lon="-111.91873">
        <ele>1312.8</ele>
      </trkpt>
      <trkpt lat="40.57576" lon="-111.91881">
        <ele>1312.8</ele>
      </trkpt>
      <trkpt lat="40.57589" lon="-111.91885">
        <ele>1312.8</ele>
      </trkpt>
      <trkpt lat="40.57604" lon="-111.91893">
        <ele>1312.8</ele>
      </trkpt>
      <trkpt lat="40.57617" lon="-111.91903">
        <ele>1312.8</ele>
      </trkpt>
      <trkpt lat="40.57633" lon="-111.91916">
        <ele>1312.8</ele>
      </trkpt>
      <trkpt lat="40.57647" lon="-111.91931">
        <ele>1312.8</ele>
      </trkpt>
      <trkpt lat="40.5768" lon="-111.91971">
        <ele>1312.8</ele>
      </trkpt>
      <trkpt lat="40.57693" lon="-111.91991">
        <ele>1312.8</ele>
      </trkpt>
      <trkpt lat="40.57713" lon="-111.92029">
        <ele>1312.8</ele>
      </trkpt>
      <trkpt lat="40.57729" lon="-111.92049">
        <ele>1312.8</ele>
      </trkpt>
      <trkpt lat="40.57771" lon="-111.92086">
        <ele>1312.8</ele>
      </trkpt>
      <trkpt lat="40.57802" lon="-111.92119">
        <ele>1312.8</ele>
      </trkpt>
      <trkpt lat="40.57812" lon="-111.92133">
        <ele>1312.8</ele>
      </trkpt>
      <trkpt lat="40.57821" lon="-111.92148">
        <ele>1312.9</ele>
      </trkpt>
      <trkpt lat="40.57854" lon="-111.9218">
        <ele>1312.8</ele>
      </trkpt>
      <trkpt lat="40.57865" lon="-111.92187">
        <ele>1312.8</ele>
      </trkpt>
      <trkpt lat="40.57875" lon="-111.92191">
        <ele>1313.0</ele>
      </trkpt>
      <trkpt lat="40.57884" lon="-111.92192">
        <ele>1313.4</ele>
      </trkpt>
      <trkpt lat="40.57894" lon="-111.9219">
        <ele>1313.9</ele>
      </trkpt>
      <trkpt lat="40.57905" lon="-111.92183">
        <ele>1314.4</ele>
      </trkpt>
      <trkpt lat="40.57916" lon="-111.92176">
        <ele>1314.8</ele>
      </trkpt>
      <trkpt lat="40.57928" lon="-111.92166">
        <ele>1314.7</ele>
      </trkpt>
      <trkpt lat="40.57938" lon="-111.92152">
        <ele>1314.3</ele>
      </trkpt>
      <trkpt lat="40.57955" lon="-111.9212">
        <ele>1313.4</ele>
      </trkpt>
      <trkpt lat="40.57987" lon="-111.92049">
        <ele>1313.2</ele>
      </trkpt>
      <trkpt lat="40.57992" lon="-111.92043">
        <ele>1313.1</ele>
      </trkpt>
      <trkpt lat="40.58012" lon="-111.92036">
        <ele>1313.0</ele>
      </trkpt>
      <trkpt lat="40.58042" lon="-111.92035">
        <ele>1313.2</ele>
      </trkpt>
      <trkpt lat="40.58059" lon="-111.92029">
        <ele>1313.1</ele>
      </trkpt>
      <trkpt lat="40.58097" lon="-111.91998">
        <ele>1312.9</ele>
      </trkpt>
      <trkpt lat="40.58159" lon="-111.9195">
        <ele>1312.2</ele>
      </trkpt>
      <trkpt lat="40.58162" lon="-111.91947">
        <ele>1312.1</ele>
      </trkpt>
      <trkpt lat="40.58161" lon="-111.91941">
        <ele>1312.1</ele>
      </trkpt>
      <trkpt lat="40.58156" lon="-111.91926">
        <ele>1312.0</ele>
      </trkpt>
      <trkpt lat="40.58155" lon="-111.91922">
        <ele>1311.9</ele>
      </trkpt>
      <trkpt lat="40.58154" lon="-111.91916">
        <ele>1311.9</ele>
      </trkpt>
      <trkpt lat="40.58161" lon="-111.91898">
        <ele>1311.8</ele>
      </trkpt>
      <trkpt lat="40.58171" lon="-111.91879">
        <ele>1311.7</ele>
      </trkpt>
      <trkpt lat="40.58171" lon="-111.91873">
        <ele>1311.7</ele>
      </trkpt>
      <trkpt lat="40.5816" lon="-111.91828">
        <ele>1311.5</ele>
      </trkpt>
      <trkpt lat="40.58156" lon="-111.91812">
        <ele>1311.5</ele>
      </trkpt>
      <trkpt lat="40.58159" lon="-111.9181">
        <ele>1311.5</ele>
      </trkpt>
      <trkpt lat="40.58162" lon="-111.91809">
        <ele>1311.5</ele>
      </trkpt>
      <trkpt lat="40.58172" lon="-111.91812">
        <ele>1311.3</ele>
      </trkpt>
      <trkpt lat="40.58185" lon="-111.91809">
        <ele>1311.1</ele>
      </trkpt>
      <trkpt lat="40.58199" lon="-111.918">
        <ele>1310.9</ele>
      </trkpt>
      <trkpt lat="40.58223" lon="-111.91781">
        <ele>1310.8</ele>
      </trkpt>
      <trkpt lat="40.58279" lon="-111.91747">
        <ele>1310.4</ele>
      </trkpt>
      <trkpt lat="40.58296" lon="-111.91735">
        <ele>1310.3</ele>
      </trkpt>
      <trkpt lat="40.58312" lon="-111.91725">
        <ele>1310.2</ele>
      </trkpt>
      <trkpt lat="40.58326" lon="-111.91715">
        <ele>1310.0</ele>
      </trkpt>
      <trkpt lat="40.58355" lon="-111.91687">
        <ele>1309.9</ele>
      </trkpt>
      <trkpt lat="40.58379" lon="-111.91653">
        <ele>1309.9</ele>
      </trkpt>
      <trkpt lat="40.58384" lon="-111.91642">
        <ele>1310.0</ele>
      </trkpt>
      <trkpt lat="40.58393" lon="-111.91622">
        <ele>1310.5</ele>
      </trkpt>
      <trkpt lat="40.58409" lon="-111.91591">
        <ele>1310.7</ele>
      </trkpt>
      <trkpt lat="40.58454" lon="-111.91532">
        <ele>1309.7</ele>
      </trkpt>
      <trkpt lat="40.5848" lon="-111.91489">
        <ele>1310.4</ele>
      </trkpt>
      <trkpt lat="40.58519" lon="-111.91439">
        <ele>1310.1</ele>
      </trkpt>
      <trkpt lat="40.58545" lon="-111.91392">
        <ele>1310.2</ele>
      </trkpt>
      <trkpt lat="40.58554" lon="-111.91379">
        <ele>1310.2</ele>
      </trkpt>
      <trkpt lat="40.5856" lon="-111.91372">
        <ele>1310.1</ele>
      </trkpt>
      <trkpt lat="40.58584" lon="-111.91353">
        <ele>1309.7</ele>
      </trkpt>
      <trkpt lat="40.58615" lon="-111.91333">
        <ele>1309.6</ele>
      </trkpt>
      <trkpt lat="40.58681" lon="-111.91293">
        <ele>1309.9</ele>
      </trkpt>
      <trkpt lat="40.58683" lon="-111.91293">
        <ele>1309.9</ele>
      </trkpt>
      <trkpt lat="40.58684" lon="-111.91295">
        <ele>1309.9</ele>
      </trkpt>
      <trkpt lat="40.58685" lon="-111.91298">
        <ele>1309.9</ele>
      </trkpt>
      <trkpt lat="40.58705" lon="-111.91336">
        <ele>1310.0</ele>
      </trkpt>
      <trkpt lat="40.58706" lon="-111.91339">
        <ele>1310.0</ele>
      </trkpt>
      <trkpt lat="40.5873" lon="-111.91329">
        <ele>1310.2</ele>
      </trkpt>
      <trkpt lat="40.58734" lon="-111.91329">
        <ele>1310.2</ele>
      </trkpt>
      <trkpt lat="40.58738" lon="-111.91331">
        <ele>1310.2</ele>
      </trkpt>
      <trkpt lat="40.5874" lon="-111.91333">
        <ele>1310.2</ele>
      </trkpt>
      <trkpt lat="40.58743" lon="-111.91341">
        <ele>1310.2</ele>
      </trkpt>
      <trkpt lat="40.58745" lon="-111.91351">
        <ele>1310.1</ele>
      </trkpt>
      <trkpt lat="40.58746" lon="-111.91368">
        <ele>1310.1</ele>
      </trkpt>
      <trkpt lat="40.58744" lon="-111.9148">
        <ele>1310.1</ele>
      </trkpt>
      <trkpt lat="40.58745" lon="-111.91502">
        <ele>1310.2</ele>
      </trkpt>
      <trkpt lat="40.58739" lon="-111.91568">
        <ele>1311.2</ele>
      </trkpt>
      <trkpt lat="40.58738" lon="-111.91624">
        <ele>1311.6</ele>
      </trkpt>
      <trkpt lat="40.58739" lon="-111.91691">
        <ele>1311.7</ele>
      </trkpt>
      <trkpt lat="40.5874" lon="-111.91694">
        <ele>1311.7</ele>
      </trkpt>
      <trkpt lat="40.58753" lon="-111.91697">
        <ele>1311.7</ele>
      </trkpt>
      <trkpt lat="40.58754" lon="-111.917">
        <ele>1311.7</ele>
      </trkpt>
      <trkpt lat="40.58747" lon="-111.91794">
        <ele>1311.9</ele>
      </trkpt>
      <trkpt lat="40.58748" lon="-111.91803">
        <ele>1312.0</ele>
      </trkpt>
      <trkpt lat="40.58745" lon="-111.91836">
        <ele>1311.8</ele>
      </trkpt>
      <trkpt lat="40.58746" lon="-111.91838">
        <ele>1311.8</ele>
      </trkpt>
      <trkpt lat="40.58747" lon="-111.91839">
        <ele>1311.8</ele>
      </trkpt>
      <trkpt lat="40.58753" lon="-111.91839">
        <ele>1311.8</ele>
      </trkpt>
      <trkpt lat="40.58791" lon="-111.91834">
        <ele>1311.6</ele>
      </trkpt>
      <trkpt lat="40.58827" lon="-111.91831">
        <ele>1311.5</ele>
      </trkpt>
      <trkpt lat="40.58839" lon="-111.91834">
        <ele>1311.6</ele>
      </trkpt>
      <trkpt lat="40.58864" lon="-111.91833">
        <ele>1311.6</ele>
      </trkpt>
      <trkpt lat="40.58898" lon="-111.91831">
        <ele>1311.6</ele>
      </trkpt>
      <trkpt lat="40.58916" lon="-111.91835">
        <ele>1311.5</ele>
      </trkpt>
      <trkpt lat="40.5895" lon="-111.91858">
        <ele>1311.5</ele>
      </trkpt>
      <trkpt lat="40.58983" lon="-111.91883">
        <ele>1311.7</ele>
      </trkpt>
      <trkpt lat="40.58988" lon="-111.91886">
        <ele>1311.8</ele>
      </trkpt>
      <trkpt lat="40.58993" lon="-111.91887">
        <ele>1311.8</ele>
      </trkpt>
      <trkpt lat="40.58999" lon="-111.91887">
        <ele>1311.9</ele>
      </trkpt>
      <trkpt lat="40.59047" lon="-111.91859">
        <ele>1312.0</ele>
      </trkpt>
      <trkpt lat="40.59064" lon="-111.91847">
        <ele>1312.2</ele>
      </trkpt>
      <trkpt lat="40.59122" lon="-111.91795">
        <ele>1312.2</ele>
      </trkpt>
      <trkpt lat="40.59136" lon="-111.91779">
        <ele>1311.9</ele>
      </trkpt>
      <trkpt lat="40.59142" lon="-111.91769">
        <ele>1311.7</ele>
      </trkpt>
      <trkpt lat="40.59145" lon="-111.91759">
        <ele>1311.5</ele>
      </trkpt>
      <trkpt lat="40.59147" lon="-111.91733">
        <ele>1311.3</ele>
      </trkpt>
      <trkpt lat="40.59146" lon="-111.91708">
        <ele>1310.8</ele>
      </trkpt>
      <trkpt lat="40.59149" lon="-111.91685">
        <ele>1310.4</ele>
      </trkpt>
      <trkpt lat="40.59155" lon="-111.91668">
        <ele>1310.3</ele>
      </trkpt>
      <trkpt lat="40.59161" lon="-111.91654">
        <ele>1310.1</ele>
      </trkpt>
      <trkpt lat="40.59169" lon="-111.91644">
        <ele>1310.1</ele>
      </trkpt>
      <trkpt lat="40.59181" lon="-111.91634">
        <ele>1310.0</ele>
      </trkpt>
      <trkpt lat="40.59197" lon="-111.91631">
        <ele>1309.9</ele>
      </trkpt>
      <trkpt lat="40.59197" lon="-111.91631">
        <ele>1309.9</ele>
      </trkpt>
      <trkpt lat="40.59197" lon="-111.91631">
        <ele>1309.9</ele>
      </trkpt>
      <trkpt lat="40.59215" lon="-111.91632">
        <ele>1309.9</ele>
      </trkpt>
      <trkpt lat="40.59254" lon="-111.91644">
        <ele>1309.9</ele>
      </trkpt>
      <trkpt lat="40.59284" lon="-111.9166">
        <ele>1310.0</ele>
      </trkpt>
      <trkpt lat="40.59334" lon="-111.91692">
        <ele>1310.0</ele>
      </trkpt>
      <trkpt lat="40.59373" lon="-111.91713">
        <ele>1309.9</ele>
      </trkpt>
      <trkpt lat="40.59409" lon="-111.9173">
        <ele>1309.9</ele>
      </trkpt>
      <trkpt lat="40.59453" lon="-111.91748">
        <ele>1309.9</ele>
      </trkpt>
      <trkpt lat="40.59508" lon="-111.91767">
        <ele>1309.8</ele>
      </trkpt>
      <trkpt lat="40.59563" lon="-111.91786">
        <ele>1309.5</ele>
      </trkpt>
      <trkpt lat="40.59579" lon="-111.91794">
        <ele>1309.4</ele>
      </trkpt>
      <trkpt lat="40.59596" lon="-111.91806">
        <ele>1309.2</ele>
      </trkpt>
      <trkpt lat="40.59619" lon="-111.91825">
        <ele>1309.0</ele>
      </trkpt>
      <trkpt lat="40.59634" lon="-111.91844">
        <ele>1308.7</ele>
      </trkpt>
      <trkpt lat="40.59652" lon="-111.9188">
        <ele>1308.6</ele>
      </trkpt>
      <trkpt lat="40.59667" lon="-111.91903">
        <ele>1308.7</ele>
      </trkpt>
      <trkpt lat="40.59678" lon="-111.91919">
        <ele>1308.8</ele>
      </trkpt>
      <trkpt lat="40.59695" lon="-111.91932">
        <ele>1309.0</ele>
      </trkpt>
      <trkpt lat="40.59714" lon="-111.91943">
        <ele>1309.0</ele>
      </trkpt>
      <trkpt lat="40.59728" lon="-111.91949">
        <ele>1309.1</ele>
      </trkpt>
      <trkpt lat="40.59744" lon="-111.91952">
        <ele>1309.1</ele>
      </trkpt>
      <trkpt lat="40.59786" lon="-111.91957">
        <ele>1309.0</ele>
      </trkpt>
      <trkpt lat="40.59834" lon="-111.91972">
        <ele>1308.9</ele>
      </trkpt>
      <trkpt lat="40.59863" lon="-111.91985">
        <ele>1308.9</ele>
      </trkpt>
      <trkpt lat="40.59893" lon="-111.92002">
        <ele>1308.9</ele>
      </trkpt>
      <trkpt lat="40.59921" lon="-111.92023">
        <ele>1309.0</ele>
      </trkpt>
      <trkpt lat="40.59952" lon="-111.92045">
        <ele>1309.0</ele>
      </trkpt>
      <trkpt lat="40.59976" lon="-111.92052">
        <ele>1309.0</ele>
      </trkpt>
      <trkpt lat="40.59995" lon="-111.92055">
        <ele>1309.0</ele>
      </trkpt>
      <trkpt lat="40.60027" lon="-111.92051">
        <ele>1308.9</ele>
      </trkpt>
      <trkpt lat="40.60041" lon="-111.92051">
        <ele>1308.8</ele>
      </trkpt>
      <trkpt lat="40.60058" lon="-111.92058">
        <ele>1308.8</ele>
      </trkpt>
      <trkpt lat="40.6007" lon="-111.9206">
        <ele>1308.8</ele>
      </trkpt>
      <trkpt lat="40.60077" lon="-111.92057">
        <ele>1308.8</ele>
      </trkpt>
      <trkpt lat="40.60086" lon="-111.92048">
        <ele>1308.6</ele>
      </trkpt>
      <trkpt lat="40.60088" lon="-111.92036">
        <ele>1308.5</ele>
      </trkpt>
      <trkpt lat="40.60098" lon="-111.91994">
        <ele>1308.0</ele>
      </trkpt>
      <trkpt lat="40.60101" lon="-111.91978">
        <ele>1307.8</ele>
      </trkpt>
      <trkpt lat="40.60159" lon="-111.91991">
        <ele>1307.1</ele>
      </trkpt>
      <trkpt lat="40.60212" lon="-111.91998">
        <ele>1307.0</ele>
      </trkpt>
      <trkpt lat="40.60292" lon="-111.92008">
        <ele>1306.9</ele>
      </trkpt>
      <trkpt lat="40.60372" lon="-111.92017">
        <ele>1306.9</ele>
      </trkpt>
      <trkpt lat="40.60421" lon="-111.92024">
        <ele>1306.8</ele>
      </trkpt>
      <trkpt lat="40.60508" lon="-111.92043">
        <ele>1306.6</ele>
      </trkpt>
      <trkpt lat="40.60536" lon="-111.92047">
        <ele>1306.5</ele>
      </trkpt>
      <trkpt lat="40.60555" lon="-111.92047">
        <ele>1306.5</ele>
      </trkpt>
      <trkpt lat="40.60578" lon="-111.92044">
        <ele>1306.4</ele>
      </trkpt>
      <trkpt lat="40.60589" lon="-111.92041">
        <ele>1306.5</ele>
      </trkpt>
      <trkpt lat="40.60619" lon="-111.92031">
        <ele>1306.6</ele>
      </trkpt>
      <trkpt lat="40.60631" lon="-111.92028">
        <ele>1306.6</ele>
      </trkpt>
      <trkpt lat="40.60714" lon="-111.92021">
        <ele>1306.7</ele>
      </trkpt>
      <trkpt lat="40.60754" lon="-111.92022">
        <ele>1307.5</ele>
      </trkpt>
      <trkpt lat="40.60774" lon="-111.92025">
        <ele>1307.6</ele>
      </trkpt>
      <trkpt lat="40.60792" lon="-111.9203">
        <ele>1307.5</ele>
      </trkpt>
      <trkpt lat="40.60804" lon="-111.92037">
        <ele>1307.5</ele>
      </trkpt>
      <trkpt lat="40.60831" lon="-111.92057">
        <ele>1307.8</ele>
      </trkpt>
      <trkpt lat="40.60824" lon="-111.92076">
        <ele>1308.0</ele>
      </trkpt>
      <trkpt lat="40.60812" lon="-111.92106">
        <ele>1308.3</ele>
      </trkpt>
      <trkpt lat="40.6081" lon="-111.92112">
        <ele>1308.4</ele>
      </trkpt>
      <trkpt lat="40.60811" lon="-111.92119">
        <ele>1308.5</ele>
      </trkpt>
      <trkpt lat="40.60815" lon="-111.92125">
        <ele>1308.6</ele>
      </trkpt>
      <trkpt lat="40.60835" lon="-111.92143">
        <ele>1308.9</ele>
      </trkpt>
      <trkpt lat="40.60838" lon="-111.92149">
        <ele>1308.8</ele>
      </trkpt>
      <trkpt lat="40.60839" lon="-111.92157">
        <ele>1308.5</ele>
      </trkpt>
      <trkpt lat="40.60838" lon="-111.92197">
        <ele>1308.3</ele>
      </trkpt>
      <trkpt lat="40.60838" lon="-111.92202">
        <ele>1308.3</ele>
      </trkpt>
      <trkpt lat="40.60842" lon="-111.92209">
        <ele>1308.1</ele>
      </trkpt>
      <trkpt lat="40.60844" lon="-111.9221">
        <ele>1307.9</ele>
      </trkpt>
      <trkpt lat="40.60848" lon="-111.92212">
        <ele>1307.4</ele>
      </trkpt>
      <trkpt lat="40.60862" lon="-111.92213">
        <ele>1307.0</ele>
      </trkpt>
      <trkpt lat="40.60882" lon="-111.92207">
        <ele>1308.5</ele>
      </trkpt>
      <trkpt lat="40.60884" lon="-111.922">
        <ele>1308.5</ele>
      </trkpt>
      <trkpt lat="40.6088" lon="-111.9218">
        <ele>1307.9</ele>
      </trkpt>
      <trkpt lat="40.60881" lon="-111.92176">
        <ele>1307.8</ele>
      </trkpt>
      <trkpt lat="40.60883" lon="-111.92174">
        <ele>1307.8</ele>
      </trkpt>
      <trkpt lat="40.60922" lon="-111.9216">
        <ele>1308.2</ele>
      </trkpt>
      <trkpt lat="40.60925" lon="-111.92158">
        <ele>1308.3</ele>
      </trkpt>
      <trkpt lat="40.60939" lon="-111.92139">
        <ele>1307.9</ele>
      </trkpt>
      <trkpt lat="40.60939" lon="-111.92136">
        <ele>1307.8</ele>
      </trkpt>
      <trkpt lat="40.6094" lon="-111.92134">
        <ele>1307.8</ele>
      </trkpt>
      <trkpt lat="40.60961" lon="-111.9214">
        <ele>1307.4</ele>
      </trkpt>
      <trkpt lat="40.60965" lon="-111.9214">
        <ele>1307.3</ele>
      </trkpt>
      <trkpt lat="40.60977" lon="-111.92144">
        <ele>1307.0</ele>
      </trkpt>
      <trkpt lat="40.6098" lon="-111.92148">
        <ele>1307.0</ele>
      </trkpt>
      <trkpt lat="40.60982" lon="-111.92157">
        <ele>1307.3</ele>
      </trkpt>
      <trkpt lat="40.60987" lon="-111.92158">
        <ele>1307.2</ele>
      </trkpt>
      <trkpt lat="40.60995" lon="-111.92157">
        <ele>1307.0</ele>
      </trkpt>
      <trkpt lat="40.61" lon="-111.92151">
        <ele>1306.7</ele>
      </trkpt>
      <trkpt lat="40.6101" lon="-111.92151">
        <ele>1306.6</ele>
      </trkpt>
      <trkpt lat="40.61021" lon="-111.92153">
        <ele>1306.5</ele>
      </trkpt>
      <trkpt lat="40.61045" lon="-111.9215">
        <ele>1306.3</ele>
      </trkpt>
      <trkpt lat="40.61062" lon="-111.9215">
        <ele>1306.3</ele>
      </trkpt>
      <trkpt lat="40.61125" lon="-111.92149">
        <ele>1306.2</ele>
      </trkpt>
      <trkpt lat="40.61185" lon="-111.92148">
        <ele>1306.1</ele>
      </trkpt>
      <trkpt lat="40.61198" lon="-111.92142">
        <ele>1306.1</ele>
      </trkpt>
      <trkpt lat="40.61219" lon="-111.92139">
        <ele>1306.1</ele>
      </trkpt>
      <trkpt lat="40.61225" lon="-111.92137">
        <ele>1306.1</ele>
      </trkpt>
      <trkpt lat="40.61253" lon="-111.9212">
        <ele>1306.0</ele>
      </trkpt>
      <trkpt lat="40.61262" lon="-111.92113">
        <ele>1305.9</ele>
      </trkpt>
      <trkpt lat="40.61271" lon="-111.92107">
        <ele>1305.9</ele>
      </trkpt>
      <trkpt lat="40.61279" lon="-111.92097">
        <ele>1305.9</ele>
      </trkpt>
      <trkpt lat="40.61281" lon="-111.92094">
        <ele>1305.9</ele>
      </trkpt>
      <trkpt lat="40.61285" lon="-111.9208">
        <ele>1305.8</ele>
      </trkpt>
      <trkpt lat="40.61285" lon="-111.92075">
        <ele>1305.8</ele>
      </trkpt>
      <trkpt lat="40.61298" lon="-111.92076">
        <ele>1305.8</ele>
      </trkpt>
      <trkpt lat="40.61317" lon="-111.92077">
        <ele>1305.7</ele>
      </trkpt>
      <trkpt lat="40.61339" lon="-111.92076">
        <ele>1305.6</ele>
      </trkpt>
      <trkpt lat="40.61349" lon="-111.92081">
        <ele>1305.7</ele>
      </trkpt>
      <trkpt lat="40.61354" lon="-111.92085">
        <ele>1305.7</ele>
      </trkpt>
      <trkpt lat="40.61362" lon="-111.92101">
        <ele>1305.8</ele>
      </trkpt>
      <trkpt lat="40.61367" lon="-111.92108">
        <ele>1305.9</ele>
      </trkpt>
      <trkpt lat="40.61376" lon="-111.92105">
        <ele>1305.8</ele>
      </trkpt>
      <trkpt lat="40.61386" lon="-111.92098">
        <ele>1305.7</ele>
      </trkpt>
      <trkpt lat="40.61397" lon="-111.92095">
        <ele>1305.7</ele>
      </trkpt>
      <trkpt lat="40.61402" lon="-111.92098">
        <ele>1305.7</ele>
      </trkpt>
      <trkpt lat="40.61418" lon="-111.92109">
        <ele>1305.8</ele>
      </trkpt>
      <trkpt lat="40.61423" lon="-111.92108">
        <ele>1305.8</ele>
      </trkpt>
      <trkpt lat="40.61434" lon="-111.92101">
        <ele>1305.7</ele>
      </trkpt>
      <trkpt lat="40.61457" lon="-111.92094">
        <ele>1305.8</ele>
      </trkpt>
      <trkpt lat="40.61477" lon="-111.92091">
        <ele>1305.8</ele>
      </trkpt>
      <trkpt lat="40.61507" lon="-111.9207">
        <ele>1305.5</ele>
      </trkpt>
      <trkpt lat="40.6151" lon="-111.92072">
        <ele>1305.4</ele>
      </trkpt>
      <trkpt lat="40.61518" lon="-111.9209">
        <ele>1305.3</ele>
      </trkpt>
      <trkpt lat="40.61519" lon="-111.92097">
        <ele>1305.4</ele>
      </trkpt>
      <trkpt lat="40.61521" lon="-111.92112">
        <ele>1305.7</ele>
      </trkpt>
      <trkpt lat="40.61526" lon="-111.92124">
        <ele>1305.7</ele>
      </trkpt>
      <trkpt lat="40.61531" lon="-111.92131">
        <ele>1305.8</ele>
      </trkpt>
      <trkpt lat="40.61539" lon="-111.92135">
        <ele>1305.8</ele>
      </trkpt>
      <trkpt lat="40.61555" lon="-111.92139">
        <ele>1305.9</ele>
      </trkpt>
      <trkpt lat="40.61571" lon="-111.92135">
        <ele>1305.8</ele>
      </trkpt>
      <trkpt lat="40.61603" lon="-111.92111">
        <ele>1305.7</ele>
      </trkpt>
      <trkpt lat="40.61632" lon="-111.92088">
        <ele>1305.6</ele>
      </trkpt>
      <trkpt lat="40.61653" lon="-111.92068">
        <ele>1305.6</ele>
      </trkpt>
      <trkpt lat="40.61664" lon="-111.92063">
        <ele>1305.6</ele>
      </trkpt>
      <trkpt lat="40.61679" lon="-111.92059">
        <ele>1305.6</ele>
      </trkpt>
      <trkpt lat="40.61704" lon="-111.92055">
        <ele>1305.6</ele>
      </trkpt>
      <trkpt lat="40.61723" lon="-111.92054">
        <ele>1305.7</ele>
      </trkpt>
      <trkpt lat="40.61767" lon="-111.92047">
        <ele>1305.8</ele>
      </trkpt>
      <trkpt lat="40.6181" lon="-111.92053">
        <ele>1305.7</ele>
      </trkpt>
      <trkpt lat="40.61825" lon="-111.9206">
        <ele>1305.8</ele>
      </trkpt>
      <trkpt lat="40.61834" lon="-111.92062">
        <ele>1305.8</ele>
      </trkpt>
      <trkpt lat="40.61857" lon="-111.92059">
        <ele>1305.8</ele>
      </trkpt>
      <trkpt lat="40.61869" lon="-111.92062">
        <ele>1305.8</ele>
      </trkpt>
      <trkpt lat="40.61885" lon="-111.92061">
        <ele>1305.8</ele>
      </trkpt>
      <trkpt lat="40.61901" lon="-111.92059">
        <ele>1305.7</ele>
      </trkpt>
      <trkpt lat="40.61911" lon="-111.92059">
        <ele>1305.6</ele>
      </trkpt>
      <trkpt lat="40.61936" lon="-111.92067">
        <ele>1305.7</ele>
      </trkpt>
      <trkpt lat="40.61955" lon="-111.92079">
        <ele>1305.3</ele>
      </trkpt>
      <trkpt lat="40.61959" lon="-111.92084">
        <ele>1305.5</ele>
      </trkpt>
      <trkpt lat="40.61966" lon="-111.92099">
        <ele>1305.6</ele>
      </trkpt>
      <trkpt lat="40.61967" lon="-111.92136">
        <ele>1305.6</ele>
      </trkpt>
      <trkpt lat="40.61969" lon="-111.92149">
        <ele>1305.6</ele>
      </trkpt>
      <trkpt lat="40.61971" lon="-111.92157">
        <ele>1305.6</ele>
      </trkpt>
      <trkpt lat="40.61983" lon="-111.92161">
        <ele>1306.3</ele>
      </trkpt>
      <trkpt lat="40.61992" lon="-111.9216">
        <ele>1306.3</ele>
      </trkpt>
      <trkpt lat="40.61991" lon="-111.92128">
        <ele>1305.8</ele>
      </trkpt>
      <trkpt lat="40.61992" lon="-111.92116">
        <ele>1305.6</ele>
      </trkpt>
      <trkpt lat="40.61994" lon="-111.92104">
        <ele>1305.4</ele>
      </trkpt>
      <trkpt lat="40.62002" lon="-111.92086">
        <ele>1304.8</ele>
      </trkpt>
      <trkpt lat="40.62005" lon="-111.92083">
        <ele>1304.6</ele>
      </trkpt>
      <trkpt lat="40.62025" lon="-111.92085">
        <ele>1304.5</ele>
      </trkpt>
      <trkpt lat="40.62044" lon="-111.92084">
        <ele>1304.3</ele>
      </trkpt>
      <trkpt lat="40.62052" lon="-111.92086">
        <ele>1304.1</ele>
      </trkpt>
      <trkpt lat="40.62063" lon="-111.92084">
        <ele>1304.0</ele>
      </trkpt>
      <trkpt lat="40.6208" lon="-111.92073">
        <ele>1304.0</ele>
      </trkpt>
      <trkpt lat="40.62086" lon="-111.92073">
        <ele>1304.0</ele>
      </trkpt>
      <trkpt lat="40.62091" lon="-111.92076">
        <ele>1304.0</ele>
      </trkpt>
      <trkpt lat="40.621" lon="-111.92084">
        <ele>1304.0</ele>
      </trkpt>
      <trkpt lat="40.62105" lon="-111.92087">
        <ele>1304.0</ele>
      </trkpt>
      <trkpt lat="40.62115" lon="-111.92087">
        <ele>1304.0</ele>
      </trkpt>
      <trkpt lat="40.62129" lon="-111.92085">
        <ele>1304.1</ele>
      </trkpt>
      <trkpt lat="40.62134" lon="-111.92081">
        <ele>1304.1</ele>
      </trkpt>
      <trkpt lat="40.62141" lon="-111.92078">
        <ele>1304.1</ele>
      </trkpt>
      <trkpt lat="40.6215" lon="-111.92076">
        <ele>1304.1</ele>
      </trkpt>
      <trkpt lat="40.62158" lon="-111.92076">
        <ele>1304.1</ele>
      </trkpt>
      <trkpt lat="40.62202" lon="-111.92083">
        <ele>1304.0</ele>
      </trkpt>
      <trkpt lat="40.62221" lon="-111.92084">
        <ele>1304.0</ele>
      </trkpt>
      <trkpt lat="40.62232" lon="-111.92087">
        <ele>1304.0</ele>
      </trkpt>
      <trkpt lat="40.62262" lon="-111.92094">
        <ele>1304.1</ele>
      </trkpt>
      <trkpt lat="40.62278" lon="-111.92094">
        <ele>1304.1</ele>
      </trkpt>
      <trkpt lat="40.62294" lon="-111.92097">
        <ele>1304.1</ele>
      </trkpt>
      <trkpt lat="40.62311" lon="-111.92099">
        <ele>1304.1</ele>
      </trkpt>
      <trkpt lat="40.62323" lon="-111.92107">
        <ele>1304.2</ele>
      </trkpt>
      <trkpt lat="40.62333" lon="-111.92108">
        <ele>1304.2</ele>
      </trkpt>
      <trkpt lat="40.62336" lon="-111.92108">
        <ele>1304.2</ele>
      </trkpt>
      <trkpt lat="40.62353" lon="-111.92094">
        <ele>1304.1</ele>
      </trkpt>
      <trkpt lat="40.62361" lon="-111.92094">
        <ele>1304.1</ele>
      </trkpt>
      <trkpt lat="40.62392" lon="-111.92098">
        <ele>1304.0</ele>
      </trkpt>
      <trkpt lat="40.624" lon="-111.921">
        <ele>1304.0</ele>
      </trkpt>
      <trkpt lat="40.62412" lon="-111.92113">
        <ele>1304.0</ele>
      </trkpt>
      <trkpt lat="40.62425" lon="-111.92131">
        <ele>1304.0</ele>
      </trkpt>
      <trkpt lat="40.62433" lon="-111.92132">
        <ele>1304.0</ele>
      </trkpt>
      <trkpt lat="40.6246" lon="-111.92133">
        <ele>1303.9</ele>
      </trkpt>
      <trkpt lat="40.62485" lon="-111.92137">
        <ele>1303.9</ele>
      </trkpt>
      <trkpt lat="40.62492" lon="-111.92137">
        <ele>1304.0</ele>
      </trkpt>
      <trkpt lat="40.62497" lon="-111.92134">
        <ele>1304.0</ele>
      </trkpt>
      <trkpt lat="40.62507" lon="-111.92121">
        <ele>1304.1</ele>
      </trkpt>
      <trkpt lat="40.62518" lon="-111.92115">
        <ele>1304.0</ele>
      </trkpt>
      <trkpt lat="40.62523" lon="-111.92114">
        <ele>1304.0</ele>
      </trkpt>
      <trkpt lat="40.62603" lon="-111.92126">
        <ele>1303.9</ele>
      </trkpt>
      <trkpt lat="40.62635" lon="-111.92126">
        <ele>1303.9</ele>
      </trkpt>
      <trkpt lat="40.62683" lon="-111.92134">
        <ele>1303.7</ele>
      </trkpt>
      <trkpt lat="40.62725" lon="-111.92144">
        <ele>1303.3</ele>
      </trkpt>
      <trkpt lat="40.62725" lon="-111.92144">
        <ele>1303.3</ele>
      </trkpt>
      <trkpt lat="40.62745" lon="-111.92149">
        <ele>1303.0</ele>
      </trkpt>
      <trkpt lat="40.62753" lon="-111.92157">
        <ele>1302.9</ele>
      </trkpt>
      <trkpt lat="40.6279" lon="-111.92163">
        <ele>1302.9</ele>
      </trkpt>
      <trkpt lat="40.62799" lon="-111.92169">
        <ele>1302.8</ele>
      </trkpt>
      <trkpt lat="40.62822" lon="-111.92175">
        <ele>1302.8</ele>
      </trkpt>
      <trkpt lat="40.62857" lon="-111.92189">
        <ele>1302.8</ele>
      </trkpt>
      <trkpt lat="40.6287" lon="-111.92192">
        <ele>1302.9</ele>
      </trkpt>
      <trkpt lat="40.62883" lon="-111.92202">
        <ele>1302.9</ele>
      </trkpt>
      <trkpt lat="40.62914" lon="-111.92249">
        <ele>1302.6</ele>
      </trkpt>
      <trkpt lat="40.62931" lon="-111.92272">
        <ele>1302.6</ele>
      </trkpt>
      <trkpt lat="40.62943" lon="-111.92287">
        <ele>1302.6</ele>
      </trkpt>
      <trkpt lat="40.62959" lon="-111.92301">
        <ele>1302.4</ele>
      </trkpt>
      <trkpt lat="40.62984" lon="-111.92318">
        <ele>1303.0</ele>
      </trkpt>
      <trkpt lat="40.63011" lon="-111.92336">
        <ele>1304.5</ele>
      </trkpt>
      <trkpt lat="40.63019" lon="-111.92345">
        <ele>1304.6</ele>
      </trkpt>
      <trkpt lat="40.6303" lon="-111.92365">
        <ele>1304.0</ele>
      </trkpt>
      <trkpt lat="40.63051" lon="-111.92383">
        <ele>1303.4</ele>
      </trkpt>
      <trkpt lat="40.63055" lon="-111.92388">
        <ele>1303.2</ele>
      </trkpt>
      <trkpt lat="40.63057" lon="-111.92395">
        <ele>1303.1</ele>
      </trkpt>
      <trkpt lat="40.63064" lon="-111.924">
        <ele>1302.9</ele>
      </trkpt>
      <trkpt lat="40.63073" lon="-111.92401">
        <ele>1303.2</ele>
      </trkpt>
      <trkpt lat="40.63088" lon="-111.92399">
        <ele>1303.7</ele>
      </trkpt>
      <trkpt lat="40.63096" lon="-111.92401">
        <ele>1303.8</ele>
      </trkpt>
      <trkpt lat="40.63141" lon="-111.9243">
        <ele>1303.3</ele>
      </trkpt>
      <trkpt lat="40.63149" lon="-111.92432">
        <ele>1303.2</ele>
      </trkpt>
      <trkpt lat="40.63169" lon="-111.92444">
        <ele>1303.0</ele>
      </trkpt>
      <trkpt lat="40.63173" lon="-111.9245">
        <ele>1302.9</ele>
      </trkpt>
      <trkpt lat="40.63189" lon="-111.92455">
        <ele>1302.8</ele>
      </trkpt>
      <trkpt lat="40.63205" lon="-111.92462">
        <ele>1302.9</ele>
      </trkpt>
      <trkpt lat="40.63226" lon="-111.92465">
        <ele>1302.8</ele>
      </trkpt>
      <trkpt lat="40.63253" lon="-111.92461">
        <ele>1302.7</ele>
      </trkpt>
      <trkpt lat="40.63306" lon="-111.92434">
        <ele>1302.7</ele>
      </trkpt>
      <trkpt lat="40.63349" lon="-111.92399">
        <ele>1302.7</ele>
      </trkpt>
      <trkpt lat="40.63392" lon="-111.92367">
        <ele>1302.6</ele>
      </trkpt>
      <trkpt lat="40.63425" lon="-111.92342">
        <ele>1302.5</ele>
      </trkpt>
      <trkpt lat="40.63441" lon="-111.92325">
        <ele>1302.3</ele>
      </trkpt>
      <trkpt lat="40.63448" lon="-111.9232">
        <ele>1302.3</ele>
      </trkpt>
      <trkpt lat="40.63479" lon="-111.92307">
        <ele>1302.6</ele>
      </trkpt>
      <trkpt lat="40.6351" lon="-111.92298">
        <ele>1302.6</ele>
      </trkpt>
      <trkpt lat="40.63543" lon="-111.92283">
        <ele>1302.7</ele>
      </trkpt>
      <trkpt lat="40.63594" lon="-111.92256">
        <ele>1302.1</ele>
      </trkpt>
      <trkpt lat="40.63615" lon="-111.9224">
        <ele>1301.9</ele>
      </trkpt>
      <trkpt lat="40.63632" lon="-111.92235">
        <ele>1301.5</ele>
      </trkpt>
      <trkpt lat="40.63635" lon="-111.92236">
        <ele>1301.4</ele>
      </trkpt>
      <trkpt lat="40.63641" lon="-111.92235">
        <ele>1301.4</ele>
      </trkpt>
      <trkpt lat="40.63647" lon="-111.92232">
        <ele>1301.5</ele>
      </trkpt>
      <trkpt lat="40.63645" lon="-111.92225">
        <ele>1301.6</ele>
      </trkpt>
      <trkpt lat="40.63645" lon="-111.92177">
        <ele>1302.2</ele>
      </trkpt>
      <trkpt lat="40.63646" lon="-111.92168">
        <ele>1302.3</ele>
      </trkpt>
      <trkpt lat="40.63657" lon="-111.92166">
        <ele>1302.5</ele>
      </trkpt>
      <trkpt lat="40.63671" lon="-111.92161">
        <ele>1302.2</ele>
      </trkpt>
      <trkpt lat="40.63679" lon="-111.92154">
        <ele>1302.2</ele>
      </trkpt>
      <trkpt lat="40.63689" lon="-111.92149">
        <ele>1302.2</ele>
      </trkpt>
      <trkpt lat="40.6376" lon="-111.92139">
        <ele>1302.1</ele>
      </trkpt>
      <trkpt lat="40.63772" lon="-111.92143">
        <ele>1302.0</ele>
      </trkpt>
      <trkpt lat="40.63801" lon="-111.92157">
        <ele>1301.7</ele>
      </trkpt>
      <trkpt lat="40.63824" lon="-111.92175">
        <ele>1301.6</ele>
      </trkpt>
      <trkpt lat="40.63828" lon="-111.92176">
        <ele>1301.5</ele>
      </trkpt>
      <trkpt lat="40.63834" lon="-111.92176">
        <ele>1301.5</ele>
      </trkpt>
      <trkpt lat="40.63892" lon="-111.92179">
        <ele>1301.3</ele>
      </trkpt>
      <trkpt lat="40.63905" lon="-111.92176">
        <ele>1301.3</ele>
      </trkpt>
      <trkpt lat="40.63908" lon="-111.92174">
        <ele>1301.3</ele>
      </trkpt>
      <trkpt lat="40.63914" lon="-111.92169">
        <ele>1301.3</ele>
      </trkpt>
      <trkpt lat="40.6392" lon="-111.92156">
        <ele>1301.4</ele>
      </trkpt>
      <trkpt lat="40.63918" lon="-111.92143">
        <ele>1301.4</ele>
      </trkpt>
      <trkpt lat="40.63918" lon="-111.92124">
        <ele>1301.5</ele>
      </trkpt>
      <trkpt lat="40.63924" lon="-111.92107">
        <ele>1301.6</ele>
      </trkpt>
      <trkpt lat="40.63938" lon="-111.92088">
        <ele>1301.6</ele>
      </trkpt>
      <trkpt lat="40.63938" lon="-111.92088">
        <ele>1301.6</ele>
      </trkpt>
      <trkpt lat="40.63938" lon="-111.92088">
        <ele>1301.6</ele>
      </trkpt>
      <trkpt lat="40.63941" lon="-111.92084">
        <ele>1301.7</ele>
      </trkpt>
      <trkpt lat="40.63959" lon="-111.92068">
        <ele>1301.7</ele>
      </trkpt>
      <trkpt lat="40.63994" lon="-111.92047">
        <ele>1301.7</ele>
      </trkpt>
      <trkpt lat="40.64009" lon="-111.92043">
        <ele>1301.7</ele>
      </trkpt>
      <trkpt lat="40.64031" lon="-111.92039">
        <ele>1301.8</ele>
      </trkpt>
      <trkpt lat="40.64047" lon="-111.92032">
        <ele>1301.8</ele>
      </trkpt>
      <trkpt lat="40.6407" lon="-111.92025">
        <ele>1301.9</ele>
      </trkpt>
      <trkpt lat="40.6409" lon="-111.92022">
        <ele>1301.8</ele>
      </trkpt>
      <trkpt lat="40.64106" lon="-111.92023">
        <ele>1301.9</ele>
      </trkpt>
      <trkpt lat="40.64115" lon="-111.92025">
        <ele>1301.9</ele>
      </trkpt>
      <trkpt lat="40.64123" lon="-111.92028">
        <ele>1301.9</ele>
      </trkpt>
      <trkpt lat="40.64148" lon="-111.92051">
        <ele>1301.6</ele>
      </trkpt>
      <trkpt lat="40.64158" lon="-111.92056">
        <ele>1301.6</ele>
      </trkpt>
      <trkpt lat="40.64182" lon="-111.92043">
        <ele>1301.9</ele>
      </trkpt>
      <trkpt lat="40.64216" lon="-111.92034">
        <ele>1302.2</ele>
      </trkpt>
      <trkpt lat="40.64223" lon="-111.92034">
        <ele>1302.3</ele>
      </trkpt>
      <trkpt lat="40.64267" lon="-111.92041">
        <ele>1303.6</ele>
      </trkpt>
      <trkpt lat="40.64297" lon="-111.9205">
        <ele>1303.6</ele>
      </trkpt>
      <trkpt lat="40.6432" lon="-111.9206">
        <ele>1304.2</ele>
      </trkpt>
      <trkpt lat="40.64328" lon="-111.92069">
        <ele>1304.4</ele>
      </trkpt>
      <trkpt lat="40.64333" lon="-111.92081">
        <ele>1304.2</ele>
      </trkpt>
      <trkpt lat="40.6435" lon="-111.9211">
        <ele>1304.2</ele>
      </trkpt>
      <trkpt lat="40.6436" lon="-111.92116">
        <ele>1304.4</ele>
      </trkpt>
      <trkpt lat="40.64389" lon="-111.92118">
        <ele>1304.7</ele>
      </trkpt>
      <trkpt lat="40.64402" lon="-111.92127">
        <ele>1305.6</ele>
      </trkpt>
      <trkpt lat="40.64422" lon="-111.92152">
        <ele>1306.5</ele>
      </trkpt>
      <trkpt lat="40.64446" lon="-111.92172">
        <ele>1305.8</ele>
      </trkpt>
      <trkpt lat="40.64496" lon="-111.92207">
        <ele>1302.9</ele>
      </trkpt>
      <trkpt lat="40.64538" lon="-111.92233">
        <ele>1302.2</ele>
      </trkpt>
      <trkpt lat="40.64542" lon="-111.92234">
        <ele>1302.2</ele>
      </trkpt>
      <trkpt lat="40.64544" lon="-111.92236">
        <ele>1302.2</ele>
      </trkpt>
      <trkpt lat="40.64553" lon="-111.92249">
        <ele>1301.9</ele>
      </trkpt>
      <trkpt lat="40.64565" lon="-111.92254">
        <ele>1301.8</ele>
      </trkpt>
      <trkpt lat="40.64582" lon="-111.92268">
        <ele>1301.6</ele>
      </trkpt>
      <trkpt lat="40.64592" lon="-111.92277">
        <ele>1301.5</ele>
      </trkpt>
      <trkpt lat="40.64623" lon="-111.92308">
        <ele>1301.2</ele>
      </trkpt>
      <trkpt lat="40.6463" lon="-111.92315">
        <ele>1301.2</ele>
      </trkpt>
      <trkpt lat="40.64655" lon="-111.92335">
        <ele>1301.1</ele>
      </trkpt>
      <trkpt lat="40.64668" lon="-111.92346">
        <ele>1301.0</ele>
      </trkpt>
      <trkpt lat="40.64676" lon="-111.92354">
        <ele>1301.1</ele>
      </trkpt>
      <trkpt lat="40.647" lon="-111.92386">
        <ele>1300.9</ele>
      </trkpt>
      <trkpt lat="40.64703" lon="-111.92392">
        <ele>1300.9</ele>
      </trkpt>
      <trkpt lat="40.64714" lon="-111.92422">
        <ele>1300.5</ele>
      </trkpt>
      <trkpt lat="40.64724" lon="-111.9244">
        <ele>1300.4</ele>
      </trkpt>
      <trkpt lat="40.64742" lon="-111.92466">
        <ele>1300.4</ele>
      </trkpt>
      <trkpt lat="40.64755" lon="-111.92481">
        <ele>1300.3</ele>
      </trkpt>
      <trkpt lat="40.64762" lon="-111.92487">
        <ele>1300.3</ele>
      </trkpt>
      <trkpt lat="40.6478" lon="-111.92498">
        <ele>1300.3</ele>
      </trkpt>
      <trkpt lat="40.6482" lon="-111.92528">
        <ele>1300.3</ele>
      </trkpt>
      <trkpt lat="40.64832" lon="-111.92531">
        <ele>1300.3</ele>
      </trkpt>
      <trkpt lat="40.6484" lon="-111.92531">
        <ele>1300.3</ele>
      </trkpt>
      <trkpt lat="40.64847" lon="-111.92529">
        <ele>1300.4</ele>
      </trkpt>
      <trkpt lat="40.64865" lon="-111.92521">
        <ele>1300.5</ele>
      </trkpt>
      <trkpt lat="40.64894" lon="-111.92518">
        <ele>1300.5</ele>
      </trkpt>
      <trkpt lat="40.64901" lon="-111.9252">
        <ele>1300.5</ele>
      </trkpt>
      <trkpt lat="40.64909" lon="-111.92526">
        <ele>1300.4</ele>
      </trkpt>
      <trkpt lat="40.64922" lon="-111.9253">
        <ele>1300.4</ele>
      </trkpt>
      <trkpt lat="40.64931" lon="-111.92529">
        <ele>1300.3</ele>
      </trkpt>
      <trkpt lat="40.6494" lon="-111.9253">
        <ele>1300.3</ele>
      </trkpt>
      <trkpt lat="40.64961" lon="-111.92538">
        <ele>1300.0</ele>
      </trkpt>
      <trkpt lat="40.6497" lon="-111.9254">
        <ele>1299.9</ele>
      </trkpt>
      <trkpt lat="40.6498" lon="-111.92541">
        <ele>1299.7</ele>
      </trkpt>
      <trkpt lat="40.64997" lon="-111.9254">
        <ele>1299.6</ele>
      </trkpt>
      <trkpt lat="40.65005" lon="-111.92537">
        <ele>1299.6</ele>
      </trkpt>
      <trkpt lat="40.65013" lon="-111.9253">
        <ele>1299.7</ele>
      </trkpt>
      <trkpt lat="40.65026" lon="-111.92518">
        <ele>1299.8</ele>
      </trkpt>
      <trkpt lat="40.65052" lon="-111.92491">
        <ele>1300.0</ele>
      </trkpt>
      <trkpt lat="40.65068" lon="-111.92482">
        <ele>1299.8</ele>
      </trkpt>
      <trkpt lat="40.65079" lon="-111.92474">
        <ele>1299.8</ele>
      </trkpt>
      <trkpt lat="40.65091" lon="-111.92459">
        <ele>1299.8</ele>
      </trkpt>
      <trkpt lat="40.65123" lon="-111.9241">
        <ele>1300.2</ele>
      </trkpt>
      <trkpt lat="40.6513" lon="-111.92403">
        <ele>1300.2</ele>
      </trkpt>
      <trkpt lat="40.65153" lon="-111.92388">
        <ele>1300.2</ele>
      </trkpt>
      <trkpt lat="40.65174" lon="-111.92369">
        <ele>1300.3</ele>
      </trkpt>
      <trkpt lat="40.65236" lon="-111.92328">
        <ele>1299.9</ele>
      </trkpt>
      <trkpt lat="40.65248" lon="-111.92329">
        <ele>1299.8</ele>
      </trkpt>
      <trkpt lat="40.6526" lon="-111.92324">
        <ele>1299.6</ele>
      </trkpt>
      <trkpt lat="40.6528" lon="-111.92325">
        <ele>1299.4</ele>
      </trkpt>
      <trkpt lat="40.65308" lon="-111.9233">
        <ele>1298.9</ele>
      </trkpt>
      <trkpt lat="40.65318" lon="-111.92326">
        <ele>1298.9</ele>
      </trkpt>
      <trkpt lat="40.65332" lon="-111.92308">
        <ele>1299.0</ele>
      </trkpt>
      <trkpt lat="40.65348" lon="-111.92299">
        <ele>1299.1</ele>
      </trkpt>
      <trkpt lat="40.65371" lon="-111.92296">
        <ele>1299.1</ele>
      </trkpt>
      <trkpt lat="40.65388" lon="-111.92292">
        <ele>1299.0</ele>
      </trkpt>
      <trkpt lat="40.65407" lon="-111.92282">
        <ele>1299.0</ele>
      </trkpt>
      <trkpt lat="40.65412" lon="-111.92281">
        <ele>1299.0</ele>
      </trkpt>
      <trkpt lat="40.65421" lon="-111.92283">
        <ele>1298.8</ele>
      </trkpt>
      <trkpt lat="40.65433" lon="-111.92283">
        <ele>1298.6</ele>
      </trkpt>
      <trkpt lat="40.65446" lon="-111.92279">
        <ele>1298.5</ele>
      </trkpt>
      <trkpt lat="40.65498" lon="-111.92253">
        <ele>1298.9</ele>
      </trkpt>
      <trkpt lat="40.65509" lon="-111.92248">
        <ele>1299.0</ele>
      </trkpt>
      <trkpt lat="40.65523" lon="-111.92244">
        <ele>1298.9</ele>
      </trkpt>
      <trkpt lat="40.65538" lon="-111.92236">
        <ele>1298.8</ele>
      </trkpt>
      <trkpt lat="40.65544" lon="-111.92228">
        <ele>1298.8</ele>
      </trkpt>
      <trkpt lat="40.6555" lon="-111.92214">
        <ele>1298.8</ele>
      </trkpt>
      <trkpt lat="40.65553" lon="-111.922">
        <ele>1298.8</ele>
      </trkpt>
      <trkpt lat="40.65551" lon="-111.92184">
        <ele>1299.0</ele>
      </trkpt>
      <trkpt lat="40.65561" lon="-111.92169">
        <ele>1298.9</ele>
      </trkpt>
      <trkpt lat="40.6557" lon="-111.92146">
        <ele>1298.9</ele>
      </trkpt>
      <trkpt lat="40.65578" lon="-111.92134">
        <ele>1298.8</ele>
      </trkpt>
      <trkpt lat="40.65608" lon="-111.92112">
        <ele>1298.5</ele>
      </trkpt>
      <trkpt lat="40.65621" lon="-111.92088">
        <ele>1298.5</ele>
      </trkpt>
      <trkpt lat="40.65655" lon="-111.92045">
        <ele>1298.6</ele>
      </trkpt>
      <trkpt lat="40.6567" lon="-111.92031">
        <ele>1298.6</ele>
      </trkpt>
      <trkpt lat="40.65678" lon="-111.92021">
        <ele>1298.6</ele>
      </trkpt>
      <trkpt lat="40.65695" lon="-111.91949">
        <ele>1298.8</ele>
      </trkpt>
      <trkpt lat="40.65696" lon="-111.91941">
        <ele>1298.8</ele>
      </trkpt>
      <trkpt lat="40.65707" lon="-111.9192">
        <ele>1298.9</ele>
      </trkpt>
      <trkpt lat="40.65718" lon="-111.9191">
        <ele>1298.9</ele>
      </trkpt>
      <trkpt lat="40.65729" lon="-111.91903">
        <ele>1299.0</ele>
      </trkpt>
      <trkpt lat="40.6575" lon="-111.919">
        <ele>1298.9</ele>
      </trkpt>
      <trkpt lat="40.65761" lon="-111.919">
        <ele>1298.9</ele>
      </trkpt>
      <trkpt lat="40.6576" lon="-111.91896">
        <ele>1298.9</ele>
      </trkpt>
      <trkpt lat="40.6576" lon="-111.91885">
        <ele>1298.9</ele>
      </trkpt>
      <trkpt lat="40.65761" lon="-111.91873">
        <ele>1299.0</ele>
      </trkpt>
      <trkpt lat="40.65763" lon="-111.9187">
        <ele>1299.0</ele>
      </trkpt>
      <trkpt lat="40.65767" lon="-111.9183">
        <ele>1299.1</ele>
      </trkpt>
      <trkpt lat="40.65772" lon="-111.91811">
        <ele>1299.2</ele>
      </trkpt>
      <trkpt lat="40.65778" lon="-111.91804">
        <ele>1299.2</ele>
      </trkpt>
      <trkpt lat="40.65788" lon="-111.918">
        <ele>1299.2</ele>
      </trkpt>
      <trkpt lat="40.65813" lon="-111.91803">
        <ele>1299.1</ele>
      </trkpt>
      <trkpt lat="40.65827" lon="-111.91799">
        <ele>1299.1</ele>
      </trkpt>
      <trkpt lat="40.65843" lon="-111.91795">
        <ele>1299.1</ele>
      </trkpt>
      <trkpt lat="40.6586" lon="-111.91799">
        <ele>1299.1</ele>
      </trkpt>
      <trkpt lat="40.65875" lon="-111.91805">
        <ele>1299.0</ele>
      </trkpt>
      <trkpt lat="40.65896" lon="-111.91809">
        <ele>1298.9</ele>
      </trkpt>
      <trkpt lat="40.65902" lon="-111.91807">
        <ele>1298.9</ele>
      </trkpt>
      <trkpt lat="40.6591" lon="-111.91802">
        <ele>1298.8</ele>
      </trkpt>
      <trkpt lat="40.65919" lon="-111.91793">
        <ele>1298.9</ele>
      </trkpt>
      <trkpt lat="40.65933" lon="-111.91774">
        <ele>1299.1</ele>
      </trkpt>
      <trkpt lat="40.65945" lon="-111.91762">
        <ele>1299.3</ele>
      </trkpt>
      <trkpt lat="40.6595" lon="-111.91755">
        <ele>1299.5</ele>
      </trkpt>
      <trkpt lat="40.65954" lon="-111.91744">
        <ele>1300.1</ele>
      </trkpt>
      <trkpt lat="40.65956" lon="-111.91733">
        <ele>1300.7</ele>
      </trkpt>
      <trkpt lat="40.65961" lon="-111.91724">
        <ele>1301.0</ele>
      </trkpt>
      <trkpt lat="40.65976" lon="-111.9172">
        <ele>1300.5</ele>
      </trkpt>
      <trkpt lat="40.65988" lon="-111.91715">
        <ele>1299.5</ele>
      </trkpt>
      <trkpt lat="40.65996" lon="-111.91709">
        <ele>1299.1</ele>
      </trkpt>
      <trkpt lat="40.6601" lon="-111.91692">
        <ele>1300.3</ele>
      </trkpt>
      <trkpt lat="40.66025" lon="-111.91677">
        <ele>1301.2</ele>
      </trkpt>
      <trkpt lat="40.66035" lon="-111.91669">
        <ele>1301.2</ele>
      </trkpt>
      <trkpt lat="40.66038" lon="-111.91668">
        <ele>1301.2</ele>
      </trkpt>
      <trkpt lat="40.66044" lon="-111.91668">
        <ele>1301.1</ele>
      </trkpt>
      <trkpt lat="40.66054" lon="-111.91673">
        <ele>1301.0</ele>
      </trkpt>
      <trkpt lat="40.66058" lon="-111.91676">
        <ele>1301.0</ele>
      </trkpt>
      <trkpt lat="40.66064" lon="-111.91678">
        <ele>1300.9</ele>
      </trkpt>
      <trkpt lat="40.66085" lon="-111.9168">
        <ele>1300.3</ele>
      </trkpt>
      <trkpt lat="40.66094" lon="-111.91679">
        <ele>1299.7</ele>
      </trkpt>
      <trkpt lat="40.661" lon="-111.91674">
        <ele>1299.3</ele>
      </trkpt>
      <trkpt lat="40.66104" lon="-111.9167">
        <ele>1299.1</ele>
      </trkpt>
      <trkpt lat="40.66107" lon="-111.91665">
        <ele>1298.8</ele>
      </trkpt>
      <trkpt lat="40.66109" lon="-111.91656">
        <ele>1298.6</ele>
      </trkpt>
      <trkpt lat="40.66115" lon="-111.91628">
        <ele>1298.7</ele>
      </trkpt>
      <trkpt lat="40.66117" lon="-111.91585">
        <ele>1301.2</ele>
      </trkpt>
      <trkpt lat="40.66121" lon="-111.91574">
        <ele>1301.3</ele>
      </trkpt>
      <trkpt lat="40.6613" lon="-111.91558">
        <ele>1301.4</ele>
      </trkpt>
      <trkpt lat="40.66156" lon="-111.91519">
        <ele>1301.2</ele>
      </trkpt>
      <trkpt lat="40.66166" lon="-111.91504">
        <ele>1301.2</ele>
      </trkpt>
      <trkpt lat="40.66171" lon="-111.91489">
        <ele>1301.2</ele>
      </trkpt>
      <trkpt lat="40.66177" lon="-111.91454">
        <ele>1301.2</ele>
      </trkpt>
      <trkpt lat="40.66187" lon="-111.91406">
        <ele>1301.3</ele>
      </trkpt>
      <trkpt lat="40.66188" lon="-111.91385">
        <ele>1301.3</ele>
      </trkpt>
      <trkpt lat="40.66193" lon="-111.91363">
        <ele>1301.2</ele>
      </trkpt>
      <trkpt lat="40.66203" lon="-111.91346">
        <ele>1300.8</ele>
      </trkpt>
      <trkpt lat="40.66216" lon="-111.91326">
        <ele>1299.7</ele>
      </trkpt>
      <trkpt lat="40.66224" lon="-111.91306">
        <ele>1297.7</ele>
      </trkpt>
      <trkpt lat="40.66231" lon="-111.91288">
        <ele>1296.1</ele>
      </trkpt>
      <trkpt lat="40.66232" lon="-111.91266">
        <ele>1296.0</ele>
      </trkpt>
      <trkpt lat="40.66228" lon="-111.91252">
        <ele>1296.0</ele>
      </trkpt>
      <trkpt lat="40.66223" lon="-111.91239">
        <ele>1296.0</ele>
      </trkpt>
      <trkpt lat="40.66215" lon="-111.91223">
        <ele>1296.1</ele>
      </trkpt>
      <trkpt lat="40.66213" lon="-111.91206">
        <ele>1296.1</ele>
      </trkpt>
      <trkpt lat="40.66201" lon="-111.91172">
        <ele>1296.2</ele>
      </trkpt>
      <trkpt lat="40.66199" lon="-111.91154">
        <ele>1296.1</ele>
      </trkpt>
      <trkpt lat="40.662" lon="-111.91142">
        <ele>1296.1</ele>
      </trkpt>
      <trkpt lat="40.66204" lon="-111.91116">
        <ele>1296.1</ele>
      </trkpt>
      <trkpt lat="40.66204" lon="-111.91116">
        <ele>1296.1</ele>
      </trkpt>
      <trkpt lat="40.66208" lon="-111.91098">
        <ele>1296.2</ele>
      </trkpt>
      <trkpt lat="40.66219" lon="-111.91064">
        <ele>1296.5</ele>
      </trkpt>
      <trkpt lat="40.66234" lon="-111.91026">
        <ele>1296.6</ele>
      </trkpt>
      <trkpt lat="40.66245" lon="-111.91002">
        <ele>1296.4</ele>
      </trkpt>
      <trkpt lat="40.66248" lon="-111.9099">
        <ele>1296.4</ele>
      </trkpt>
      <trkpt lat="40.66252" lon="-111.90982">
        <ele>1296.4</ele>
      </trkpt>
      <trkpt lat="40.66263" lon="-111.9096">
        <ele>1296.4</ele>
      </trkpt>
      <trkpt lat="40.66273" lon="-111.90949">
        <ele>1296.3</ele>
      </trkpt>
      <trkpt lat="40.66275" lon="-111.9094">
        <ele>1296.2</ele>
      </trkpt>
      <trkpt lat="40.66266" lon="-111.90936">
        <ele>1296.4</ele>
      </trkpt>
      <trkpt lat="40.66269" lon="-111.90923">
        <ele>1296.3</ele>
      </trkpt>
      <trkpt lat="40.66201" lon="-111.90872">
        <ele>1301.4</ele>
      </trkpt>
      <trkpt lat="40.6619" lon="-111.90862">
        <ele>1302.7</ele>
      </trkpt>
      <trkpt lat="40.66186" lon="-111.90857">
        <ele>1303.0</ele>
      </trkpt>
      <trkpt lat="40.66179" lon="-111.90844">
        <ele>1303.7</ele>
      </trkpt>
      <trkpt lat="40.66148" lon="-111.9078">
        <ele>1305.6</ele>
      </trkpt>
      <trkpt lat="40.66142" lon="-111.9077">
        <ele>1306.4</ele>
      </trkpt>
      <trkpt lat="40.66135" lon="-111.90763">
        <ele>1307.2</ele>
      </trkpt>
      <trkpt lat="40.66128" lon="-111.90758">
        <ele>1307.4</ele>
      </trkpt>
      <trkpt lat="40.6612" lon="-111.90754">
        <ele>1307.6</ele>
      </trkpt>
      <trkpt lat="40.6611" lon="-111.90752">
        <ele>1307.8</ele>
      </trkpt>
      <trkpt lat="40.66105" lon="-111.90752">
        <ele>1307.9</ele>
      </trkpt>
      <trkpt lat="40.66096" lon="-111.90754">
        <ele>1308.1</ele>
      </trkpt>
      <trkpt lat="40.66058" lon="-111.90771">
        <ele>1308.7</ele>
      </trkpt>
      <trkpt lat="40.6605" lon="-111.90733">
        <ele>1308.9</ele>
      </trkpt>
      <trkpt lat="40.66044" lon="-111.9069">
        <ele>1309.0</ele>
      </trkpt>
      <trkpt lat="40.66044" lon="-111.90647">
        <ele>1309.0</ele>
      </trkpt>
      <trkpt lat="40.66049" lon="-111.90536">
        <ele>1308.3</ele>
      </trkpt>
      <trkpt lat="40.66055" lon="-111.90425">
        <ele>1304.1</ele>
      </trkpt>
      <trkpt lat="40.66052" lon="-111.90374">
        <ele>1307.5</ele>
      </trkpt>
      <trkpt lat="40.66052" lon="-111.90332">
        <ele>1309.0</ele>
      </trkpt>
      <trkpt lat="40.66053" lon="-111.9031">
        <ele>1309.0</ele>
      </trkpt>
      <trkpt lat="40.66065" lon="-111.90228">
        <ele>1309.3</ele>
      </trkpt>
      <trkpt lat="40.66068" lon="-111.90188">
        <ele>1309.2</ele>
      </trkpt>
      <trkpt lat="40.66079" lon="-111.90076">
        <ele>1309.0</ele>
      </trkpt>
      <trkpt lat="40.66085" lon="-111.90001">
        <ele>1308.9</ele>
      </trkpt>
      <trkpt lat="40.6609" lon="-111.89941">
        <ele>1310.2</ele>
      </trkpt>
      <trkpt lat="40.66096" lon="-111.89881">
        <ele>1310.5</ele>
      </trkpt>
      <trkpt lat="40.66097" lon="-111.8987">
        <ele>1310.5</ele>
      </trkpt>
      <trkpt lat="40.66109" lon="-111.89799">
        <ele>1310.5</ele>
      </trkpt>
      <trkpt lat="40.66119" lon="-111.89748">
        <ele>1310.6</ele>
      </trkpt>
      <trkpt lat="40.6614" lon="-111.8965">
        <ele>1309.3</ele>
      </trkpt>
      <trkpt lat="40.66161" lon="-111.89552">
        <ele>1308.3</ele>
      </trkpt>
      <trkpt lat="40.66183" lon="-111.89455">
        <ele>1311.5</ele>
      </trkpt>
      <trkpt lat="40.66195" lon="-111.89402">
        <ele>1317.0</ele>
      </trkpt>
      <trkpt lat="40.66199" lon="-111.89383">
        <ele>1317.2</ele>
      </trkpt>
      <trkpt lat="40.66201" lon="-111.89361">
        <ele>1316.9</ele>
      </trkpt>
      <trkpt lat="40.662" lon="-111.89329">
        <ele>1316.1</ele>
      </trkpt>
      <trkpt lat="40.66187" lon="-111.89333">
        <ele>1315.9</ele>
      </trkpt>
      <trkpt lat="40.66109" lon="-111.89355">
        <ele>1307.0</ele>
      </trkpt>
      <trkpt lat="40.66041" lon="-111.89376">
        <ele>1313.1</ele>
      </trkpt>
      <trkpt lat="40.65973" lon="-111.89397">
        <ele>1317.5</ele>
      </trkpt>
      <trkpt lat="40.65934" lon="-111.89415">
        <ele>1317.5</ele>
      </trkpt>
      <trkpt lat="40.65894" lon="-111.89435">
        <ele>1317.5</ele>
      </trkpt>
      <trkpt lat="40.6583" lon="-111.89476">
        <ele>1315.4</ele>
      </trkpt>
      <trkpt lat="40.65796" lon="-111.89503">
        <ele>1314.6</ele>
      </trkpt>
      <trkpt lat="40.65774" lon="-111.89478">
        <ele>1314.8</ele>
      </trkpt>
      <trkpt lat="40.65754" lon="-111.89463">
        <ele>1315.7</ele>
      </trkpt>
      <trkpt lat="40.6573" lon="-111.89448">
        <ele>1316.0</ele>
      </trkpt>
      <trkpt lat="40.65722" lon="-111.89444">
        <ele>1316.0</ele>
      </trkpt>
      <trkpt lat="40.6573" lon="-111.89339">
        <ele>1316.0</ele>
      </trkpt>
      <trkpt lat="40.65738" lon="-111.89233">
        <ele>1316.5</ele>
      </trkpt>
      <trkpt lat="40.65745" lon="-111.89128">
        <ele>1316.0</ele>
      </trkpt>
      <trkpt lat="40.65745" lon="-111.89117">
        <ele>1316.0</ele>
      </trkpt>
      <trkpt lat="40.65741" lon="-111.89103">
        <ele>1316.0</ele>
      </trkpt>
      <trkpt lat="40.65741" lon="-111.8901">
        <ele>1314.9</ele>
      </trkpt>
      <trkpt lat="40.65755" lon="-111.8901">
        <ele>1314.8</ele>
      </trkpt>
      <trkpt lat="40.65771" lon="-111.89006">
        <ele>1314.8</ele>
      </trkpt>
      <trkpt lat="40.65777" lon="-111.88998">
        <ele>1313.8</ele>
      </trkpt>
      <trkpt lat="40.65783" lon="-111.88998">
        <ele>1313.3</ele>
      </trkpt>
      <trkpt lat="40.65783" lon="-111.88998">
        <ele>1313.3</ele>
      </trkpt>
      <trkpt lat="40.65783" lon="-111.88998">
        <ele>1313.3</ele>
      </trkpt>
      <trkpt lat="40.65777" lon="-111.88998">
        <ele>1313.8</ele>
      </trkpt>
      <trkpt lat="40.65771" lon="-111.89006">
        <ele>1314.8</ele>
      </trkpt>
      <trkpt lat="40.65755" lon="-111.8901">
        <ele>1314.8</ele>
      </trkpt>
      <trkpt lat="40.65741" lon="-111.8901">
        <ele>1314.9</ele>
      </trkpt>
      <trkpt lat="40.65741" lon="-111.89103">
        <ele>1316.0</ele>
      </trkpt>
      <trkpt lat="40.65745" lon="-111.89117">
        <ele>1316.0</ele>
      </trkpt>
      <trkpt lat="40.65745" lon="-111.89128">
        <ele>1316.0</ele>
      </trkpt>
      <trkpt lat="40.65738" lon="-111.89233">
        <ele>1316.5</ele>
      </trkpt>
      <trkpt lat="40.6573" lon="-111.89339">
        <ele>1316.0</ele>
      </trkpt>
      <trkpt lat="40.65722" lon="-111.89444">
        <ele>1316.0</ele>
      </trkpt>
      <trkpt lat="40.6573" lon="-111.89448">
        <ele>1316.0</ele>
      </trkpt>
      <trkpt lat="40.65754" lon="-111.89463">
        <ele>1315.7</ele>
      </trkpt>
      <trkpt lat="40.65774" lon="-111.89478">
        <ele>1314.8</ele>
      </trkpt>
      <trkpt lat="40.65796" lon="-111.89503">
        <ele>1314.6</ele>
      </trkpt>
      <trkpt lat="40.6583" lon="-111.89476">
        <ele>1315.4</ele>
      </trkpt>
      <trkpt lat="40.65894" lon="-111.89435">
        <ele>1317.5</ele>
      </trkpt>
      <trkpt lat="40.65934" lon="-111.89415">
        <ele>1317.5</ele>
      </trkpt>
      <trkpt lat="40.65973" lon="-111.89397">
        <ele>1317.5</ele>
      </trkpt>
      <trkpt lat="40.66041" lon="-111.89376">
        <ele>1313.1</ele>
      </trkpt>
      <trkpt lat="40.66109" lon="-111.89355">
        <ele>1307.0</ele>
      </trkpt>
      <trkpt lat="40.66187" lon="-111.89333">
        <ele>1315.9</ele>
      </trkpt>
      <trkpt lat="40.662" lon="-111.89329">
        <ele>1316.1</ele>
      </trkpt>
      <trkpt lat="40.66201" lon="-111.89361">
        <ele>1316.9</ele>
      </trkpt>
      <trkpt lat="40.66199" lon="-111.89383">
        <ele>1317.2</ele>
      </trkpt>
      <trkpt lat="40.66195" lon="-111.89402">
        <ele>1317.0</ele>
      </trkpt>
      <trkpt lat="40.66183" lon="-111.89455">
        <ele>1311.5</ele>
      </trkpt>
      <trkpt lat="40.66165" lon="-111.89536">
        <ele>1308.4</ele>
      </trkpt>
      <trkpt lat="40.66165" lon="-111.89536">
        <ele>1308.4</ele>
      </trkpt>
      <trkpt lat="40.66142" lon="-111.89642">
        <ele>1309.0</ele>
      </trkpt>
      <trkpt lat="40.66119" lon="-111.89748">
        <ele>1310.6</ele>
      </trkpt>
      <trkpt lat="40.66109" lon="-111.89799">
        <ele>1310.5</ele>
      </trkpt>
      <trkpt lat="40.66097" lon="-111.8987">
        <ele>1310.5</ele>
      </trkpt>
      <trkpt lat="40.66096" lon="-111.89881">
        <ele>1310.5</ele>
      </trkpt>
      <trkpt lat="40.6609" lon="-111.89941">
        <ele>1310.2</ele>
      </trkpt>
      <trkpt lat="40.66085" lon="-111.90001">
        <ele>1308.9</ele>
      </trkpt>
      <trkpt lat="40.66079" lon="-111.90076">
        <ele>1309.0</ele>
      </trkpt>
      <trkpt lat="40.66068" lon="-111.90188">
        <ele>1309.2</ele>
      </trkpt>
      <trkpt lat="40.66065" lon="-111.90228">
        <ele>1309.3</ele>
      </trkpt>
      <trkpt lat="40.66053" lon="-111.9031">
        <ele>1309.0</ele>
      </trkpt>
      <trkpt lat="40.66052" lon="-111.90332">
        <ele>1309.0</ele>
      </trkpt>
      <trkpt lat="40.66052" lon="-111.90374">
        <ele>1307.5</ele>
      </trkpt>
      <trkpt lat="40.66053" lon="-111.90393">
        <ele>1306.5</ele>
      </trkpt>
      <trkpt lat="40.66092" lon="-111.90393">
        <ele>1303.1</ele>
      </trkpt>
      <trkpt lat="40.66112" lon="-111.90396">
        <ele>1301.5</ele>
      </trkpt>
      <trkpt lat="40.6612" lon="-111.90397">
        <ele>1300.9</ele>
      </trkpt>
      <trkpt lat="40.66137" lon="-111.90404">
        <ele>1300.3</ele>
      </trkpt>
      <trkpt lat="40.66158" lon="-111.90416">
        <ele>1299.6</ele>
      </trkpt>
      <trkpt lat="40.66171" lon="-111.90426">
        <ele>1299.1</ele>
      </trkpt>
      <trkpt lat="40.66186" lon="-111.90439">
        <ele>1298.6</ele>
      </trkpt>
      <trkpt lat="40.66233" lon="-111.90495">
        <ele>1297.6</ele>
      </trkpt>
      <trkpt lat="40.66259" lon="-111.90519">
        <ele>1297.4</ele>
      </trkpt>
      <trkpt lat="40.66287" lon="-111.9054">
        <ele>1297.2</ele>
      </trkpt>
      <trkpt lat="40.66321" lon="-111.90557">
        <ele>1297.1</ele>
      </trkpt>
      <trkpt lat="40.6634" lon="-111.90565">
        <ele>1297.1</ele>
      </trkpt>
      <trkpt lat="40.66369" lon="-111.90571">
        <ele>1297.2</ele>
      </trkpt>
      <trkpt lat="40.66391" lon="-111.90573">
        <ele>1297.3</ele>
      </trkpt>
      <trkpt lat="40.66414" lon="-111.90574">
        <ele>1297.4</ele>
      </trkpt>
      <trkpt lat="40.66445" lon="-111.90577">
        <ele>1297.6</ele>
      </trkpt>
      <trkpt lat="40.66462" lon="-111.9058">
        <ele>1297.5</ele>
      </trkpt>
      <trkpt lat="40.6649" lon="-111.90587">
        <ele>1297.3</ele>
      </trkpt>
      <trkpt lat="40.66513" lon="-111.90596">
        <ele>1296.9</ele>
      </trkpt>
      <trkpt lat="40.66561" lon="-111.90618">
        <ele>1296.0</ele>
      </trkpt>
      <trkpt lat="40.66587" lon="-111.90628">
        <ele>1295.3</ele>
      </trkpt>
      <trkpt lat="40.66603" lon="-111.90633">
        <ele>1295.0</ele>
      </trkpt>
      <trkpt lat="40.66629" lon="-111.90635">
        <ele>1295.6</ele>
      </trkpt>
      <trkpt lat="40.66648" lon="-111.90636">
        <ele>1296.0</ele>
      </trkpt>
      <trkpt lat="40.66728" lon="-111.9064">
        <ele>1298.0</ele>
      </trkpt>
      <trkpt lat="40.66723" lon="-111.90664">
        <ele>1298.1</ele>
      </trkpt>
      <trkpt lat="40.66723" lon="-111.90664">
        <ele>1298.1</ele>
      </trkpt>
      <trkpt lat="40.66707" lon="-111.90752">
        <ele>1297.9</ele>
      </trkpt>
      <trkpt lat="40.66691" lon="-111.9084">
        <ele>1296.7</ele>
      </trkpt>
      <trkpt lat="40.66687" lon="-111.90862">
        <ele>1296.4</ele>
      </trkpt>
      <trkpt lat="40.66686" lon="-111.90871">
        <ele>1296.3</ele>
      </trkpt>
      <trkpt lat="40.66748" lon="-111.90882">
        <ele>1295.3</ele>
      </trkpt>
      <trkpt lat="40.66764" lon="-111.9088">
        <ele>1295.1</ele>
      </trkpt>
      <trkpt lat="40.66835" lon="-111.90843">
        <ele>1294.1</ele>
      </trkpt>
      <trkpt lat="40.66856" lon="-111.90838">
        <ele>1294.0</ele>
      </trkpt>
      <trkpt lat="40.66897" lon="-111.90825">
        <ele>1294.0</ele>
      </trkpt>
      <trkpt lat="40.6693" lon="-111.90818">
        <ele>1293.9</ele>
      </trkpt>
      <trkpt lat="40.67004" lon="-111.90807">
        <ele>1294.0</ele>
      </trkpt>
      <trkpt lat="40.6705" lon="-111.9081">
        <ele>1294.0</ele>
      </trkpt>
      <trkpt lat="40.67079" lon="-111.90822">
        <ele>1293.9</ele>
      </trkpt>
      <trkpt lat="40.67102" lon="-111.90839">
        <ele>1293.7</ele>
      </trkpt>
      <trkpt lat="40.6713" lon="-111.90853">
        <ele>1293.8</ele>
      </trkpt>
      <trkpt lat="40.67172" lon="-111.90857">
        <ele>1294.0</ele>
      </trkpt>
      <trkpt lat="40.67181" lon="-111.90859">
        <ele>1294.2</ele>
      </trkpt>
      <trkpt lat="40.67191" lon="-111.90866">
        <ele>1294.0</ele>
      </trkpt>
      <trkpt lat="40.6721" lon="-111.90875">
        <ele>1293.6</ele>
      </trkpt>
      <trkpt lat="40.67219" lon="-111.90871">
        <ele>1293.7</ele>
      </trkpt>
      <trkpt lat="40.6723" lon="-111.90863">
        <ele>1293.9</ele>
      </trkpt>
      <trkpt lat="40.67241" lon="-111.90862">
        <ele>1293.8</ele>
      </trkpt>
      <trkpt lat="40.67256" lon="-111.90869">
        <ele>1293.6</ele>
      </trkpt>
      <trkpt lat="40.67277" lon="-111.90878">
        <ele>1293.5</ele>
      </trkpt>
      <trkpt lat="40.67289" lon="-111.90879">
        <ele>1293.5</ele>
      </trkpt>
      <trkpt lat="40.67358" lon="-111.90874">
        <ele>1293.6</ele>
      </trkpt>
      <trkpt lat="40.6737" lon="-111.90869">
        <ele>1293.6</ele>
      </trkpt>
      <trkpt lat="40.67393" lon="-111.90851">
        <ele>1293.9</ele>
      </trkpt>
      <trkpt lat="40.6741" lon="-111.90838">
        <ele>1294.2</ele>
      </trkpt>
      <trkpt lat="40.67427" lon="-111.90832">
        <ele>1294.8</ele>
      </trkpt>
      <trkpt lat="40.6747" lon="-111.90823">
        <ele>1294.2</ele>
      </trkpt>
      <trkpt lat="40.67501" lon="-111.90835">
        <ele>1293.8</ele>
      </trkpt>
      <trkpt lat="40.67506" lon="-111.90841">
        <ele>1293.7</ele>
      </trkpt>
      <trkpt lat="40.67519" lon="-111.90902">
        <ele>1293.1</ele>
      </trkpt>
      <trkpt lat="40.67527" lon="-111.90945">
        <ele>1293.1</ele>
      </trkpt>
      <trkpt lat="40.6753" lon="-111.90972">
        <ele>1293.1</ele>
      </trkpt>
      <trkpt lat="40.67529" lon="-111.91036">
        <ele>1294.8</ele>
      </trkpt>
      <trkpt lat="40.67536" lon="-111.91043">
        <ele>1294.9</ele>
      </trkpt>
      <trkpt lat="40.67553" lon="-111.91044">
        <ele>1294.4</ele>
      </trkpt>
      <trkpt lat="40.67592" lon="-111.91041">
        <ele>1293.1</ele>
      </trkpt>
      <trkpt lat="40.67599" lon="-111.91038">
        <ele>1293.2</ele>
      </trkpt>
      <trkpt lat="40.67607" lon="-111.91029">
        <ele>1293.2</ele>
      </trkpt>
      <trkpt lat="40.67614" lon="-111.91027">
        <ele>1293.2</ele>
      </trkpt>
      <trkpt lat="40.67624" lon="-111.91033">
        <ele>1293.2</ele>
      </trkpt>
      <trkpt lat="40.67634" lon="-111.91044">
        <ele>1293.1</ele>
      </trkpt>
      <trkpt lat="40.67643" lon="-111.91058">
        <ele>1293.1</ele>
      </trkpt>
      <trkpt lat="40.67647" lon="-111.91071">
        <ele>1293.0</ele>
      </trkpt>
      <trkpt lat="40.67662" lon="-111.91088">
        <ele>1293.1</ele>
      </trkpt>
      <trkpt lat="40.6767" lon="-111.91101">
        <ele>1293.2</ele>
      </trkpt>
      <trkpt lat="40.67675" lon="-111.91119">
        <ele>1293.1</ele>
      </trkpt>
      <trkpt lat="40.67679" lon="-111.91143">
        <ele>1292.9</ele>
      </trkpt>
      <trkpt lat="40.67689" lon="-111.91165">
        <ele>1292.9</ele>
      </trkpt>
      <trkpt lat="40.67708" lon="-111.91187">
        <ele>1293.2</ele>
      </trkpt>
      <trkpt lat="40.67744" lon="-111.91226">
        <ele>1293.4</ele>
      </trkpt>
      <trkpt lat="40.67753" lon="-111.9123">
        <ele>1293.4</ele>
      </trkpt>
      <trkpt lat="40.67772" lon="-111.9123">
        <ele>1293.3</ele>
      </trkpt>
      <trkpt lat="40.67784" lon="-111.91226">
        <ele>1293.3</ele>
      </trkpt>
      <trkpt lat="40.67807" lon="-111.91231">
        <ele>1293.3</ele>
      </trkpt>
      <trkpt lat="40.67818" lon="-111.91229">
        <ele>1293.3</ele>
      </trkpt>
      <trkpt lat="40.67841" lon="-111.91223">
        <ele>1293.4</ele>
      </trkpt>
      <trkpt lat="40.67871" lon="-111.91221">
        <ele>1293.4</ele>
      </trkpt>
      <trkpt lat="40.67939" lon="-111.91196">
        <ele>1293.4</ele>
      </trkpt>
      <trkpt lat="40.67952" lon="-111.91196">
        <ele>1293.4</ele>
      </trkpt>
      <trkpt lat="40.67972" lon="-111.91205">
        <ele>1293.3</ele>
      </trkpt>
      <trkpt lat="40.68002" lon="-111.91227">
        <ele>1292.7</ele>
      </trkpt>
      <trkpt lat="40.68042" lon="-111.91262">
        <ele>1293.0</ele>
      </trkpt>
      <trkpt lat="40.68056" lon="-111.9127">
        <ele>1293.3</ele>
      </trkpt>
      <trkpt lat="40.6807" lon="-111.91277">
        <ele>1293.3</ele>
      </trkpt>
      <trkpt lat="40.68087" lon="-111.91283">
        <ele>1293.1</ele>
      </trkpt>
      <trkpt lat="40.68101" lon="-111.91286">
        <ele>1292.9</ele>
      </trkpt>
      <trkpt lat="40.68127" lon="-111.91285">
        <ele>1292.7</ele>
      </trkpt>
      <trkpt lat="40.68141" lon="-111.91278">
        <ele>1292.7</ele>
      </trkpt>
      <trkpt lat="40.68153" lon="-111.91271">
        <ele>1292.7</ele>
      </trkpt>
      <trkpt lat="40.68166" lon="-111.91261">
        <ele>1292.8</ele>
      </trkpt>
      <trkpt lat="40.68181" lon="-111.91252">
        <ele>1293.0</ele>
      </trkpt>
      <trkpt lat="40.68192" lon="-111.91253">
        <ele>1293.0</ele>
      </trkpt>
      <trkpt lat="40.68199" lon="-111.91258">
        <ele>1293.0</ele>
      </trkpt>
      <trkpt lat="40.68232" lon="-111.91303">
        <ele>1292.7</ele>
      </trkpt>
      <trkpt lat="40.6824" lon="-111.91309">
        <ele>1292.7</ele>
      </trkpt>
      <trkpt lat="40.68251" lon="-111.91321">
        <ele>1292.7</ele>
      </trkpt>
      <trkpt lat="40.68283" lon="-111.91341">
        <ele>1292.8</ele>
      </trkpt>
      <trkpt lat="40.68297" lon="-111.91359">
        <ele>1292.9</ele>
      </trkpt>
      <trkpt lat="40.683" lon="-111.9137">
        <ele>1292.7</ele>
      </trkpt>
      <trkpt lat="40.68299" lon="-111.91385">
        <ele>1292.5</ele>
      </trkpt>
      <trkpt lat="40.68284" lon="-111.91435">
        <ele>1293.5</ele>
      </trkpt>
      <trkpt lat="40.68281" lon="-111.91456">
        <ele>1293.3</ele>
      </trkpt>
      <trkpt lat="40.68286" lon="-111.91458">
        <ele>1293.3</ele>
      </trkpt>
      <trkpt lat="40.68314" lon="-111.91472">
        <ele>1293.1</ele>
      </trkpt>
      <trkpt lat="40.68328" lon="-111.91481">
        <ele>1292.9</ele>
      </trkpt>
      <trkpt lat="40.6832" lon="-111.9149">
        <ele>1292.9</ele>
      </trkpt>
      <trkpt lat="40.68319" lon="-111.91493">
        <ele>1292.9</ele>
      </trkpt>
      <trkpt lat="40.68328" lon="-111.91526">
        <ele>1292.9</ele>
      </trkpt>
      <trkpt lat="40.68332" lon="-111.9155">
        <ele>1292.8</ele>
      </trkpt>
      <trkpt lat="40.68337" lon="-111.91568">
        <ele>1292.8</ele>
      </trkpt>
      <trkpt lat="40.68343" lon="-111.91582">
        <ele>1292.7</ele>
      </trkpt>
      <trkpt lat="40.68349" lon="-111.91592">
        <ele>1292.7</ele>
      </trkpt>
      <trkpt lat="40.68355" lon="-111.91597">
        <ele>1292.7</ele>
      </trkpt>
      <trkpt lat="40.68361" lon="-111.91607">
        <ele>1292.7</ele>
      </trkpt>
      <trkpt lat="40.68366" lon="-111.91635">
        <ele>1292.6</ele>
      </trkpt>
      <trkpt lat="40.68385" lon="-111.9169">
        <ele>1292.7</ele>
      </trkpt>
      <trkpt lat="40.6839" lon="-111.91698">
        <ele>1292.9</ele>
      </trkpt>
      <trkpt lat="40.68395" lon="-111.91701">
        <ele>1292.9</ele>
      </trkpt>
      <trkpt lat="40.68399" lon="-111.91701">
        <ele>1293.0</ele>
      </trkpt>
      <trkpt lat="40.68404" lon="-111.91698">
        <ele>1293.2</ele>
      </trkpt>
      <trkpt lat="40.68409" lon="-111.91685">
        <ele>1293.1</ele>
      </trkpt>
      <trkpt lat="40.68414" lon="-111.91662">
        <ele>1293.1</ele>
      </trkpt>
      <trkpt lat="40.68417" lon="-111.91656">
        <ele>1293.1</ele>
      </trkpt>
      <trkpt lat="40.68424" lon="-111.91651">
        <ele>1293.2</ele>
      </trkpt>
      <trkpt lat="40.68466" lon="-111.91635">
        <ele>1298.3</ele>
      </trkpt>
      <trkpt lat="40.68479" lon="-111.91634">
        <ele>1298.3</ele>
      </trkpt>
      <trkpt lat="40.68494" lon="-111.91638">
        <ele>1298.2</ele>
      </trkpt>
      <trkpt lat="40.68507" lon="-111.91647">
        <ele>1298.1</ele>
      </trkpt>
      <trkpt lat="40.68528" lon="-111.91663">
        <ele>1298.0</ele>
      </trkpt>
      <trkpt lat="40.68547" lon="-111.91685">
        <ele>1297.9</ele>
      </trkpt>
      <trkpt lat="40.6857" lon="-111.91715">
        <ele>1298.0</ele>
      </trkpt>
      <trkpt lat="40.6858" lon="-111.91731">
        <ele>1298.1</ele>
      </trkpt>
      <trkpt lat="40.6859" lon="-111.91752">
        <ele>1298.3</ele>
      </trkpt>
      <trkpt lat="40.6859" lon="-111.91752">
        <ele>1298.3</ele>
      </trkpt>
      <trkpt lat="40.6859" lon="-111.91752">
        <ele>1298.3</ele>
      </trkpt>
      <trkpt lat="40.68598" lon="-111.91771">
        <ele>1298.1</ele>
      </trkpt>
      <trkpt lat="40.68604" lon="-111.91785">
        <ele>1298.0</ele>
      </trkpt>
      <trkpt lat="40.68607" lon="-111.91793">
        <ele>1298.0</ele>
      </trkpt>
      <trkpt lat="40.68609" lon="-111.91799">
        <ele>1298.0</ele>
      </trkpt>
      <trkpt lat="40.6861" lon="-111.91804">
        <ele>1297.9</ele>
      </trkpt>
      <trkpt lat="40.68611" lon="-111.9181">
        <ele>1297.9</ele>
      </trkpt>
      <trkpt lat="40.68611" lon="-111.91814">
        <ele>1297.9</ele>
      </trkpt>
      <trkpt lat="40.68611" lon="-111.91819">
        <ele>1297.9</ele>
      </trkpt>
      <trkpt lat="40.68611" lon="-111.91824">
        <ele>1297.9</ele>
      </trkpt>
      <trkpt lat="40.68613" lon="-111.91829">
        <ele>1297.9</ele>
      </trkpt>
      <trkpt lat="40.68614" lon="-111.91834">
        <ele>1297.9</ele>
      </trkpt>
      <trkpt lat="40.68616" lon="-111.9184">
        <ele>1297.9</ele>
      </trkpt>
      <trkpt lat="40.68617" lon="-111.91845">
        <ele>1298.0</ele>
      </trkpt>
      <trkpt lat="40.68618" lon="-111.91847">
        <ele>1298.0</ele>
      </trkpt>
      <trkpt lat="40.68619" lon="-111.9185">
        <ele>1298.0</ele>
      </trkpt>
      <trkpt lat="40.68619" lon="-111.91854">
        <ele>1298.1</ele>
      </trkpt>
      <trkpt lat="40.68618" lon="-111.91858">
        <ele>1298.1</ele>
      </trkpt>
      <trkpt lat="40.68617" lon="-111.91864">
        <ele>1298.1</ele>
      </trkpt>
      <trkpt lat="40.68614" lon="-111.9187">
        <ele>1297.8</ele>
      </trkpt>
      <trkpt lat="40.68613" lon="-111.91871">
        <ele>1297.7</ele>
      </trkpt>
      <trkpt lat="40.68609" lon="-111.91878">
        <ele>1296.6</ele>
      </trkpt>
      <trkpt lat="40.68605" lon="-111.91886">
        <ele>1294.6</ele>
      </trkpt>
      <trkpt lat="40.68602" lon="-111.91895">
        <ele>1292.9</ele>
      </trkpt>
      <trkpt lat="40.686" lon="-111.919">
        <ele>1292.5</ele>
      </trkpt>
      <trkpt lat="40.686" lon="-111.91905">
        <ele>1292.5</ele>
      </trkpt>
      <trkpt lat="40.68601" lon="-111.91916">
        <ele>1292.8</ele>
      </trkpt>
      <trkpt lat="40.68601" lon="-111.91928">
        <ele>1293.1</ele>
      </trkpt>
      <trkpt lat="40.68603" lon="-111.91941">
        <ele>1295.1</ele>
      </trkpt>
      <trkpt lat="40.68603" lon="-111.91941">
        <ele>1295.1</ele>
      </trkpt>
      <trkpt lat="40.68605" lon="-111.9194">
        <ele>1295.7</ele>
      </trkpt>
      <trkpt lat="40.68612" lon="-111.91938">
        <ele>1297.9</ele>
      </trkpt>
      <trkpt lat="40.68615" lon="-111.91938">
        <ele>1298.3</ele>
      </trkpt>
      <trkpt lat="40.68617" lon="-111.91939">
        <ele>1298.6</ele>
      </trkpt>
      <trkpt lat="40.6862" lon="-111.9194">
        <ele>1299.0</ele>
      </trkpt>
      <trkpt lat="40.68623" lon="-111.91942">
        <ele>1299.2</ele>
      </trkpt>
      <trkpt lat="40.68629" lon="-111.91947">
        <ele>1299.2</ele>
      </trkpt>
      <trkpt lat="40.68633" lon="-111.91954">
        <ele>1298.8</ele>
      </trkpt>
      <trkpt lat="40.68636" lon="-111.91963">
        <ele>1298.2</ele>
      </trkpt>
      <trkpt lat="40.68637" lon="-111.91971">
        <ele>1298.0</ele>
      </trkpt>
      <trkpt lat="40.68638" lon="-111.91972">
        <ele>1297.9</ele>
      </trkpt>
      <trkpt lat="40.68639" lon="-111.91976">
        <ele>1297.9</ele>
      </trkpt>
      <trkpt lat="40.68639" lon="-111.91978">
        <ele>1297.9</ele>
      </trkpt>
      <trkpt lat="40.6864" lon="-111.9198">
        <ele>1297.9</ele>
      </trkpt>
      <trkpt lat="40.68642" lon="-111.91981">
        <ele>1297.9</ele>
      </trkpt>
      <trkpt lat="40.68643" lon="-111.91982">
        <ele>1297.9</ele>
      </trkpt>
      <trkpt lat="40.68646" lon="-111.91983">
        <ele>1297.9</ele>
      </trkpt>
      <trkpt lat="40.68651" lon="-111.91985">
        <ele>1297.9</ele>
      </trkpt>
      <trkpt lat="40.68655" lon="-111.91987">
        <ele>1297.9</ele>
      </trkpt>
      <trkpt lat="40.6866" lon="-111.91988">
        <ele>1297.9</ele>
      </trkpt>
      <trkpt lat="40.68662" lon="-111.91989">
        <ele>1297.9</ele>
      </trkpt>
      <trkpt lat="40.68668" lon="-111.91991">
        <ele>1297.9</ele>
      </trkpt>
      <trkpt lat="40.68669" lon="-111.91991">
        <ele>1297.9</ele>
      </trkpt>
      <trkpt lat="40.68678" lon="-111.91993">
        <ele>1297.9</ele>
      </trkpt>
      <trkpt lat="40.68686" lon="-111.91995">
        <ele>1297.9</ele>
      </trkpt>
      <trkpt lat="40.6869" lon="-111.91999">
        <ele>1297.9</ele>
      </trkpt>
      <trkpt lat="40.68696" lon="-111.92007">
        <ele>1297.9</ele>
      </trkpt>
      <trkpt lat="40.68699" lon="-111.92016">
        <ele>1298.0</ele>
      </trkpt>
      <trkpt lat="40.687" lon="-111.92025">
        <ele>1297.9</ele>
      </trkpt>
      <trkpt lat="40.68699" lon="-111.92034">
        <ele>1297.9</ele>
      </trkpt>
      <trkpt lat="40.68698" lon="-111.92041">
        <ele>1297.9</ele>
      </trkpt>
      <trkpt lat="40.68697" lon="-111.92046">
        <ele>1297.9</ele>
      </trkpt>
      <trkpt lat="40.68694" lon="-111.92055">
        <ele>1297.8</ele>
      </trkpt>
      <trkpt lat="40.68694" lon="-111.92055">
        <ele>1297.8</ele>
      </trkpt>
      <trkpt lat="40.6869" lon="-111.92063">
        <ele>1297.9</ele>
      </trkpt>
      <trkpt lat="40.68688" lon="-111.92059">
        <ele>1297.9</ele>
      </trkpt>
      <trkpt lat="40.68686" lon="-111.92058">
        <ele>1297.9</ele>
      </trkpt>
      <trkpt lat="40.68667" lon="-111.92046">
        <ele>1298.1</ele>
      </trkpt>
      <trkpt lat="40.6866" lon="-111.9206">
        <ele>1298.3</ele>
      </trkpt>
      <trkpt lat="40.68655" lon="-111.92076">
        <ele>1297.7</ele>
      </trkpt>
      <trkpt lat="40.68642" lon="-111.92071">
        <ele>1297.2</ele>
      </trkpt>
      <trkpt lat="40.68641" lon="-111.92074">
        <ele>1297.1</ele>
      </trkpt>
      <trkpt lat="40.68628" lon="-111.92136">
        <ele>1295.1</ele>
      </trkpt>
      <trkpt lat="40.68604" lon="-111.92248">
        <ele>1291.6</ele>
      </trkpt>
      <trkpt lat="40.6858" lon="-111.92361">
        <ele>1291.9</ele>
      </trkpt>
      <trkpt lat="40.68555" lon="-111.92473">
        <ele>1291.8</ele>
      </trkpt>
      <trkpt lat="40.68531" lon="-111.92585">
        <ele>1292.8</ele>
      </trkpt>
      <trkpt lat="40.68507" lon="-111.92698">
        <ele>1293.5</ele>
      </trkpt>
      <trkpt lat="40.68482" lon="-111.9281">
        <ele>1294.0</ele>
      </trkpt>
      <trkpt lat="40.68458" lon="-111.92923">
        <ele>1294.3</ele>
      </trkpt>
      <trkpt lat="40.68451" lon="-111.92949">
        <ele>1294.4</ele>
      </trkpt>
      <trkpt lat="40.68437" lon="-111.93023">
        <ele>1294.7</ele>
      </trkpt>
      <trkpt lat="40.68419" lon="-111.93104">
        <ele>1296.5</ele>
      </trkpt>
      <trkpt lat="40.68402" lon="-111.93185">
        <ele>1296.3</ele>
      </trkpt>
      <trkpt lat="40.68384" lon="-111.93266">
        <ele>1295.9</ele>
      </trkpt>
      <trkpt lat="40.68374" lon="-111.93305">
        <ele>1295.8</ele>
      </trkpt>
      <trkpt lat="40.68364" lon="-111.93335">
        <ele>1295.8</ele>
      </trkpt>
      <trkpt lat="40.68351" lon="-111.93373">
        <ele>1295.8</ele>
      </trkpt>
      <trkpt lat="40.68328" lon="-111.93426">
        <ele>1295.9</ele>
      </trkpt>
      <trkpt lat="40.68302" lon="-111.93483">
        <ele>1296.0</ele>
      </trkpt>
      <trkpt lat="40.68277" lon="-111.9354">
        <ele>1296.1</ele>
      </trkpt>
      <trkpt lat="40.68256" lon="-111.93593">
        <ele>1296.1</ele>
      </trkpt>
      <trkpt lat="40.68257" lon="-111.93611">
        <ele>1296.2</ele>
      </trkpt>
      <trkpt lat="40.68251" lon="-111.93632">
        <ele>1296.3</ele>
      </trkpt>
      <trkpt lat="40.68244" lon="-111.93658">
        <ele>1296.5</ele>
      </trkpt>
      <trkpt lat="40.68234" lon="-111.93704">
        <ele>1297.9</ele>
      </trkpt>
      <trkpt lat="40.68226" lon="-111.93751">
        <ele>1299.3</ele>
      </trkpt>
      <trkpt lat="40.6822" lon="-111.93822">
        <ele>1299.8</ele>
      </trkpt>
      <trkpt lat="40.68219" lon="-111.93848">
        <ele>1299.8</ele>
      </trkpt>
      <trkpt lat="40.68219" lon="-111.93912">
        <ele>1300.2</ele>
      </trkpt>
      <trkpt lat="40.68219" lon="-111.93975">
        <ele>1300.4</ele>
      </trkpt>
      <trkpt lat="40.68213" lon="-111.93989">
        <ele>1300.5</ele>
      </trkpt>
      <trkpt lat="40.68213" lon="-111.9403">
        <ele>1300.5</ele>
      </trkpt>
      <trkpt lat="40.68214" lon="-111.9412">
        <ele>1300.6</ele>
      </trkpt>
      <trkpt lat="40.68214" lon="-111.94211">
        <ele>1300.7</ele>
      </trkpt>
      <trkpt lat="40.68216" lon="-111.94262">
        <ele>1300.8</ele>
      </trkpt>
      <trkpt lat="40.68217" lon="-111.94315">
        <ele>1301.6</ele>
      </trkpt>
      <trkpt lat="40.68217" lon="-111.94417">
        <ele>1302.0</ele>
      </trkpt>
      <trkpt lat="40.68217" lon="-111.9452">
        <ele>1301.9</ele>
      </trkpt>
      <trkpt lat="40.68272" lon="-111.9452">
        <ele>1301.8</ele>
      </trkpt>
      <trkpt lat="40.68327" lon="-111.9452">
        <ele>1301.4</ele>
      </trkpt>
      <trkpt lat="40.68345" lon="-111.9452">
        <ele>1301.3</ele>
      </trkpt>
      <trkpt lat="40.68362" lon="-111.94517">
        <ele>1301.3</ele>
      </trkpt>
      <trkpt lat="40.68404" lon="-111.945">
        <ele>1301.1</ele>
      </trkpt>
      <trkpt lat="40.68417" lon="-111.94494">
        <ele>1301.1</ele>
      </trkpt>
      <trkpt lat="40.68471" lon="-111.94471">
        <ele>1300.8</ele>
      </trkpt>
      <trkpt lat="40.68486" lon="-111.94469">
        <ele>1300.8</ele>
      </trkpt>
      <trkpt lat="40.68497" lon="-111.94468">
        <ele>1300.8</ele>
      </trkpt>
      <trkpt lat="40.68512" lon="-111.94472">
        <ele>1300.8</ele>
      </trkpt>
      <trkpt lat="40.68534" lon="-111.94483">
        <ele>1300.7</ele>
      </trkpt>
      <trkpt lat="40.68597" lon="-111.94537">
        <ele>1300.4</ele>
      </trkpt>
      <trkpt lat="40.68614" lon="-111.94548">
        <ele>1300.3</ele>
      </trkpt>
      <trkpt lat="40.68631" lon="-111.94555">
        <ele>1300.1</ele>
      </trkpt>
      <trkpt lat="40.68648" lon="-111.94559">
        <ele>1300.0</ele>
      </trkpt>
      <trkpt lat="40.68687" lon="-111.94561">
        <ele>1299.6</ele>
      </trkpt>
      <trkpt lat="40.68722" lon="-111.94561">
        <ele>1299.3</ele>
      </trkpt>
      <trkpt lat="40.6874" lon="-111.94563">
        <ele>1299.1</ele>
      </trkpt>
      <trkpt lat="40.6876" lon="-111.94568">
        <ele>1299.0</ele>
      </trkpt>
      <trkpt lat="40.68802" lon="-111.94585">
        <ele>1298.6</ele>
      </trkpt>
      <trkpt lat="40.68831" lon="-111.94595">
        <ele>1298.3</ele>
      </trkpt>
      <trkpt lat="40.68848" lon="-111.94599">
        <ele>1298.1</ele>
      </trkpt>
      <trkpt lat="40.68865" lon="-111.94601">
        <ele>1298.0</ele>
      </trkpt>
      <trkpt lat="40.68941" lon="-111.94601">
        <ele>1297.7</ele>
      </trkpt>
      <trkpt lat="40.68942" lon="-111.947">
        <ele>1297.5</ele>
      </trkpt>
      <trkpt lat="40.68942" lon="-111.94799">
        <ele>1297.8</ele>
      </trkpt>
      <trkpt lat="40.68942" lon="-111.94898">
        <ele>1298.2</ele>
      </trkpt>
      <trkpt lat="40.68942" lon="-111.94997">
        <ele>1298.3</ele>
      </trkpt>
      <trkpt lat="40.68942" lon="-111.95096">
        <ele>1299.0</ele>
      </trkpt>
      <trkpt lat="40.68942" lon="-111.9521">
        <ele>1299.2</ele>
      </trkpt>
      <trkpt lat="40.68941" lon="-111.95324">
        <ele>1299.3</ele>
      </trkpt>
      <trkpt lat="40.68941" lon="-111.95438">
        <ele>1299.2</ele>
      </trkpt>
      <trkpt lat="40.68941" lon="-111.95552">
        <ele>1299.1</ele>
      </trkpt>
      <trkpt lat="40.6895" lon="-111.9555">
        <ele>1299.1</ele>
      </trkpt>
      <trkpt lat="40.68971" lon="-111.9555">
        <ele>1299.0</ele>
      </trkpt>
      <trkpt lat="40.68981" lon="-111.95552">
        <ele>1299.0</ele>
      </trkpt>
      <trkpt lat="40.68999" lon="-111.95558">
        <ele>1298.9</ele>
      </trkpt>
      <trkpt lat="40.69036" lon="-111.95558">
        <ele>1298.8</ele>
      </trkpt>
      <trkpt lat="40.69036" lon="-111.95451">
        <ele>1298.9</ele>
      </trkpt>
      <trkpt lat="40.69047" lon="-111.95451">
        <ele>1298.8</ele>
      </trkpt>
      <trkpt lat="40.69059" lon="-111.95433">
        <ele>1298.8</ele>
      </trkpt>
      <trkpt lat="40.69059" lon="-111.95433">
        <ele>1298.8</ele>
      </trkpt>
      <trkpt lat="40.69059" lon="-111.95434">
        <ele>1298.8</ele>
      </trkpt>
      <trkpt lat="40.69053" lon="-111.95443">
        <ele>1298.8</ele>
      </trkpt>
      <trkpt lat="40.69051" lon="-111.95452">
        <ele>1298.8</ele>
      </trkpt>
      <trkpt lat="40.69051" lon="-111.9551">
        <ele>1298.8</ele>
      </trkpt>
      <trkpt lat="40.69051" lon="-111.95558">
        <ele>1298.7</ele>
      </trkpt>
      <trkpt lat="40.69051" lon="-111.95558">
        <ele>1298.7</ele>
      </trkpt>
      <trkpt lat="40.69037" lon="-111.95558">
        <ele>1298.8</ele>
      </trkpt>
      <trkpt lat="40.69021" lon="-111.95558">
        <ele>1298.8</ele>
      </trkpt>
      <trkpt lat="40.69003" lon="-111.95558">
        <ele>1298.9</ele>
      </trkpt>
      <trkpt lat="40.68997" lon="-111.95558">
        <ele>1298.9</ele>
      </trkpt>
      <trkpt lat="40.68979" lon="-111.95552">
        <ele>1299.0</ele>
      </trkpt>
      <trkpt lat="40.68941" lon="-111.95553">
        <ele>1299.1</ele>
      </trkpt>
      <trkpt lat="40.68941" lon="-111.95553">
        <ele>1299.1</ele>
      </trkpt>
      <trkpt lat="40.68941" lon="-111.95461">
        <ele>1299.2</ele>
      </trkpt>
      <trkpt lat="40.68942" lon="-111.95371">
        <ele>1299.2</ele>
      </trkpt>
      <trkpt lat="40.68941" lon="-111.95241">
        <ele>1299.3</ele>
      </trkpt>
      <trkpt lat="40.68941" lon="-111.9523">
        <ele>1299.3</ele>
      </trkpt>
      <trkpt lat="40.68941" lon="-111.95202">
        <ele>1299.2</ele>
      </trkpt>
      <trkpt lat="40.68941" lon="-111.95196">
        <ele>1299.2</ele>
      </trkpt>
      <trkpt lat="40.68941" lon="-111.95183">
        <ele>1299.1</ele>
      </trkpt>
      <trkpt lat="40.68941" lon="-111.95164">
        <ele>1299.1</ele>
      </trkpt>
      <trkpt lat="40.68941" lon="-111.9516">
        <ele>1299.1</ele>
      </trkpt>
      <trkpt lat="40.68941" lon="-111.95157">
        <ele>1299.1</ele>
      </trkpt>
      <trkpt lat="40.68941" lon="-111.9515">
        <ele>1299.1</ele>
      </trkpt>
      <trkpt lat="40.68941" lon="-111.95094">
        <ele>1299.0</ele>
      </trkpt>
      <trkpt lat="40.68941" lon="-111.95064">
        <ele>1298.9</ele>
      </trkpt>
      <trkpt lat="40.68941" lon="-111.95022">
        <ele>1298.5</ele>
      </trkpt>
      <trkpt lat="40.68941" lon="-111.94928">
        <ele>1298.1</ele>
      </trkpt>
      <trkpt lat="40.68941" lon="-111.94897">
        <ele>1298.2</ele>
      </trkpt>
      <trkpt lat="40.68941" lon="-111.94847">
        <ele>1298.0</ele>
      </trkpt>
      <trkpt lat="40.68941" lon="-111.94796">
        <ele>1297.8</ele>
      </trkpt>
      <trkpt lat="40.68941" lon="-111.94765">
        <ele>1297.6</ele>
      </trkpt>
      <trkpt lat="40.68941" lon="-111.94724">
        <ele>1297.5</ele>
      </trkpt>
      <trkpt lat="40.68942" lon="-111.94663">
        <ele>1297.6</ele>
      </trkpt>
      <trkpt lat="40.68942" lon="-111.94645">
        <ele>1297.6</ele>
      </trkpt>
      <trkpt lat="40.68942" lon="-111.94622">
        <ele>1297.6</ele>
      </trkpt>
      <trkpt lat="40.68942" lon="-111.94601">
        <ele>1297.7</ele>
      </trkpt>
      <trkpt lat="40.68942" lon="-111.94601">
        <ele>1297.7</ele>
      </trkpt>
      <trkpt lat="40.68924" lon="-111.94601">
        <ele>1297.8</ele>
      </trkpt>
      <trkpt lat="40.68901" lon="-111.94601">
        <ele>1297.8</ele>
      </trkpt>
      <trkpt lat="40.68865" lon="-111.94602">
        <ele>1298.0</ele>
      </trkpt>
      <trkpt lat="40.68837" lon="-111.94598">
        <ele>1298.2</ele>
      </trkpt>
      <trkpt lat="40.68802" lon="-111.94585">
        <ele>1298.6</ele>
      </trkpt>
      <trkpt lat="40.68765" lon="-111.94571">
        <ele>1299.0</ele>
      </trkpt>
      <trkpt lat="40.6876" lon="-111.94568">
        <ele>1299.0</ele>
      </trkpt>
      <trkpt lat="40.68755" lon="-111.94567">
        <ele>1299.1</ele>
      </trkpt>
      <trkpt lat="40.6875" lon="-111.94566">
        <ele>1299.1</ele>
      </trkpt>
      <trkpt lat="40.68741" lon="-111.94564">
        <ele>1299.1</ele>
      </trkpt>
      <trkpt lat="40.6873" lon="-111.94562">
        <ele>1299.2</ele>
      </trkpt>
      <trkpt lat="40.68727" lon="-111.94561">
        <ele>1299.3</ele>
      </trkpt>
      <trkpt lat="40.68723" lon="-111.94561">
        <ele>1299.3</ele>
      </trkpt>
      <trkpt lat="40.68719" lon="-111.94561">
        <ele>1299.3</ele>
      </trkpt>
      <trkpt lat="40.68693" lon="-111.94561">
        <ele>1299.5</ele>
      </trkpt>
      <trkpt lat="40.68656" lon="-111.9456">
        <ele>1299.9</ele>
      </trkpt>
      <trkpt lat="40.68644" lon="-111.94558">
        <ele>1300.0</ele>
      </trkpt>
      <trkpt lat="40.68639" lon="-111.94557">
        <ele>1300.1</ele>
      </trkpt>
      <trkpt lat="40.68634" lon="-111.94556">
        <ele>1300.1</ele>
      </trkpt>
      <trkpt lat="40.6863" lon="-111.94556">
        <ele>1300.2</ele>
      </trkpt>
      <trkpt lat="40.68627" lon="-111.94554">
        <ele>1300.2</ele>
      </trkpt>
      <trkpt lat="40.68621" lon="-111.94551">
        <ele>1300.2</ele>
      </trkpt>
      <trkpt lat="40.68616" lon="-111.94549">
        <ele>1300.3</ele>
      </trkpt>
      <trkpt lat="40.68611" lon="-111.94547">
        <ele>1300.3</ele>
      </trkpt>
      <trkpt lat="40.68608" lon="-111.94544">
        <ele>1300.4</ele>
      </trkpt>
      <trkpt lat="40.68604" lon="-111.94542">
        <ele>1300.4</ele>
      </trkpt>
      <trkpt lat="40.68595" lon="-111.94536">
        <ele>1300.5</ele>
      </trkpt>
      <trkpt lat="40.68532" lon="-111.94482">
        <ele>1300.7</ele>
      </trkpt>
      <trkpt lat="40.68508" lon="-111.9447">
        <ele>1300.8</ele>
      </trkpt>
      <trkpt lat="40.68507" lon="-111.94469">
        <ele>1300.8</ele>
      </trkpt>
      <trkpt lat="40.68505" lon="-111.94469">
        <ele>1300.8</ele>
      </trkpt>
      <trkpt lat="40.68504" lon="-111.94469">
        <ele>1300.8</ele>
      </trkpt>
      <trkpt lat="40.68503" lon="-111.94468">
        <ele>1300.8</ele>
      </trkpt>
      <trkpt lat="40.68501" lon="-111.94468">
        <ele>1300.8</ele>
      </trkpt>
      <trkpt lat="40.68496" lon="-111.94468">
        <ele>1300.8</ele>
      </trkpt>
      <trkpt lat="40.6849" lon="-111.94468">
        <ele>1300.8</ele>
      </trkpt>
      <trkpt lat="40.68486" lon="-111.94468">
        <ele>1300.8</ele>
      </trkpt>
      <trkpt lat="40.68481" lon="-111.94469">
        <ele>1300.8</ele>
      </trkpt>
      <trkpt lat="40.68474" lon="-111.9447">
        <ele>1300.8</ele>
      </trkpt>
      <trkpt lat="40.68468" lon="-111.94472">
        <ele>1300.8</ele>
      </trkpt>
      <trkpt lat="40.68467" lon="-111.94472">
        <ele>1300.8</ele>
      </trkpt>
      <trkpt lat="40.68465" lon="-111.94472">
        <ele>1300.8</ele>
      </trkpt>
      <trkpt lat="40.68416" lon="-111.94494">
        <ele>1301.1</ele>
      </trkpt>
      <trkpt lat="40.68403" lon="-111.945">
        <ele>1301.1</ele>
      </trkpt>
      <trkpt lat="40.68361" lon="-111.94517">
        <ele>1301.3</ele>
      </trkpt>
      <trkpt lat="40.68327" lon="-111.9452">
        <ele>1301.4</ele>
      </trkpt>
      <trkpt lat="40.68293" lon="-111.9452">
        <ele>1301.6</ele>
      </trkpt>
      <trkpt lat="40.68253" lon="-111.9452">
        <ele>1301.8</ele>
      </trkpt>
      <trkpt lat="40.68216" lon="-111.9452">
        <ele>1301.9</ele>
      </trkpt>
      <trkpt lat="40.68216" lon="-111.9452">
        <ele>1301.9</ele>
      </trkpt>
      <trkpt lat="40.68216" lon="-111.94401">
        <ele>1302.1</ele>
      </trkpt>
      <trkpt lat="40.68215" lon="-111.94315">
        <ele>1301.6</ele>
      </trkpt>
      <trkpt lat="40.68215" lon="-111.9428">
        <ele>1300.9</ele>
      </trkpt>
      <trkpt lat="40.68215" lon="-111.94263">
        <ele>1300.8</ele>
      </trkpt>
      <trkpt lat="40.68215" lon="-111.94212">
        <ele>1300.7</ele>
      </trkpt>
      <trkpt lat="40.68214" lon="-111.94176">
        <ele>1300.6</ele>
      </trkpt>
      <trkpt lat="40.68213" lon="-111.94148">
        <ele>1300.6</ele>
      </trkpt>
      <trkpt lat="40.68213" lon="-111.94121">
        <ele>1300.6</ele>
      </trkpt>
      <trkpt lat="40.68213" lon="-111.94072">
        <ele>1300.4</ele>
      </trkpt>
      <trkpt lat="40.68213" lon="-111.94029">
        <ele>1300.5</ele>
      </trkpt>
      <trkpt lat="40.68213" lon="-111.94009">
        <ele>1300.4</ele>
      </trkpt>
      <trkpt lat="40.68213" lon="-111.93991">
        <ele>1300.5</ele>
      </trkpt>
      <trkpt lat="40.68207" lon="-111.93984">
        <ele>1300.5</ele>
      </trkpt>
      <trkpt lat="40.68207" lon="-111.93973">
        <ele>1300.4</ele>
      </trkpt>
      <trkpt lat="40.68207" lon="-111.93945">
        <ele>1300.4</ele>
      </trkpt>
      <trkpt lat="40.68207" lon="-111.93897">
        <ele>1300.2</ele>
      </trkpt>
      <trkpt lat="40.68207" lon="-111.93883">
        <ele>1300.2</ele>
      </trkpt>
      <trkpt lat="40.68207" lon="-111.9386">
        <ele>1300.0</ele>
      </trkpt>
      <trkpt lat="40.68208" lon="-111.93829">
        <ele>1299.8</ele>
      </trkpt>
      <trkpt lat="40.68208" lon="-111.9382">
        <ele>1299.8</ele>
      </trkpt>
      <trkpt lat="40.68209" lon="-111.93816">
        <ele>1299.8</ele>
      </trkpt>
      <trkpt lat="40.68209" lon="-111.93809">
        <ele>1299.7</ele>
      </trkpt>
      <trkpt lat="40.68211" lon="-111.9378">
        <ele>1299.6</ele>
      </trkpt>
      <trkpt lat="40.68212" lon="-111.93775">
        <ele>1299.6</ele>
      </trkpt>
      <trkpt lat="40.68213" lon="-111.93763">
        <ele>1299.5</ele>
      </trkpt>
      <trkpt lat="40.68216" lon="-111.93741">
        <ele>1299.1</ele>
      </trkpt>
      <trkpt lat="40.68223" lon="-111.93703">
        <ele>1298.0</ele>
      </trkpt>
      <trkpt lat="40.68229" lon="-111.93668">
        <ele>1296.9</ele>
      </trkpt>
      <trkpt lat="40.68236" lon="-111.93637">
        <ele>1296.3</ele>
      </trkpt>
      <trkpt lat="40.68244" lon="-111.93611">
        <ele>1296.2</ele>
      </trkpt>
      <trkpt lat="40.68246" lon="-111.93603">
        <ele>1296.2</ele>
      </trkpt>
      <trkpt lat="40.68247" lon="-111.93602">
        <ele>1296.2</ele>
      </trkpt>
      <trkpt lat="40.68247" lon="-111.93601">
        <ele>1296.2</ele>
      </trkpt>
      <trkpt lat="40.68254" lon="-111.93596">
        <ele>1296.1</ele>
      </trkpt>
      <trkpt lat="40.68254" lon="-111.93596">
        <ele>1296.1</ele>
      </trkpt>
      <trkpt lat="40.68268" lon="-111.93562">
        <ele>1296.1</ele>
      </trkpt>
      <trkpt lat="40.68287" lon="-111.93515">
        <ele>1296.0</ele>
      </trkpt>
      <trkpt lat="40.68312" lon="-111.93461">
        <ele>1295.9</ele>
      </trkpt>
      <trkpt lat="40.68329" lon="-111.93425">
        <ele>1295.9</ele>
      </trkpt>
      <trkpt lat="40.68333" lon="-111.93415">
        <ele>1295.8</ele>
      </trkpt>
      <trkpt lat="40.68339" lon="-111.93402">
        <ele>1295.8</ele>
      </trkpt>
      <trkpt lat="40.68353" lon="-111.93365">
        <ele>1295.8</ele>
      </trkpt>
      <trkpt lat="40.68362" lon="-111.9334">
        <ele>1295.8</ele>
      </trkpt>
      <trkpt lat="40.68373" lon="-111.93306">
        <ele>1295.8</ele>
      </trkpt>
      <trkpt lat="40.68382" lon="-111.93272">
        <ele>1295.8</ele>
      </trkpt>
      <trkpt lat="40.68395" lon="-111.93217">
        <ele>1296.1</ele>
      </trkpt>
      <trkpt lat="40.68437" lon="-111.93021">
        <ele>1294.7</ele>
      </trkpt>
      <trkpt lat="40.68441" lon="-111.93003">
        <ele>1294.6</ele>
      </trkpt>
      <trkpt lat="40.68446" lon="-111.92978">
        <ele>1294.5</ele>
      </trkpt>
      <trkpt lat="40.68456" lon="-111.92935">
        <ele>1294.4</ele>
      </trkpt>
      <trkpt lat="40.68466" lon="-111.92889">
        <ele>1294.2</ele>
      </trkpt>
      <trkpt lat="40.68475" lon="-111.92846">
        <ele>1294.1</ele>
      </trkpt>
      <trkpt lat="40.68478" lon="-111.9283">
        <ele>1294.0</ele>
      </trkpt>
      <trkpt lat="40.68484" lon="-111.92804">
        <ele>1293.9</ele>
      </trkpt>
      <trkpt lat="40.68495" lon="-111.92752">
        <ele>1293.7</ele>
      </trkpt>
      <trkpt lat="40.6851" lon="-111.92683">
        <ele>1293.4</ele>
      </trkpt>
      <trkpt lat="40.6853" lon="-111.92589">
        <ele>1292.9</ele>
      </trkpt>
      <trkpt lat="40.68544" lon="-111.92522">
        <ele>1292.2</ele>
      </trkpt>
      <trkpt lat="40.68557" lon="-111.92462">
        <ele>1291.8</ele>
      </trkpt>
      <trkpt lat="40.68561" lon="-111.92447">
        <ele>1291.8</ele>
      </trkpt>
      <trkpt lat="40.68581" lon="-111.92348">
        <ele>1291.9</ele>
      </trkpt>
      <trkpt lat="40.68593" lon="-111.923">
        <ele>1291.7</ele>
      </trkpt>
      <trkpt lat="40.68614" lon="-111.92205">
        <ele>1291.4</ele>
      </trkpt>
      <trkpt lat="40.68625" lon="-111.92151">
        <ele>1294.4</ele>
      </trkpt>
      <trkpt lat="40.68643" lon="-111.92069">
        <ele>1298.5</ele>
      </trkpt>
      <trkpt lat="40.68643" lon="-111.92069">
        <ele>1298.5</ele>
      </trkpt>
      <trkpt lat="40.68633" lon="-111.92064">
        <ele>1298.4</ele>
      </trkpt>
      <trkpt lat="40.68629" lon="-111.92063">
        <ele>1298.3</ele>
      </trkpt>
      <trkpt lat="40.68627" lon="-111.92064">
        <ele>1298.3</ele>
      </trkpt>
      <trkpt lat="40.68622" lon="-111.92066">
        <ele>1298.1</ele>
      </trkpt>
      <trkpt lat="40.68616" lon="-111.92066">
        <ele>1297.9</ele>
      </trkpt>
      <trkpt lat="40.68609" lon="-111.9206">
        <ele>1297.7</ele>
      </trkpt>
      <trkpt lat="40.68605" lon="-111.92053">
        <ele>1297.6</ele>
      </trkpt>
      <trkpt lat="40.68601" lon="-111.92046">
        <ele>1297.7</ele>
      </trkpt>
      <trkpt lat="40.686" lon="-111.92045">
        <ele>1297.6</ele>
      </trkpt>
      <trkpt lat="40.68595" lon="-111.92036">
        <ele>1297.6</ele>
      </trkpt>
      <trkpt lat="40.68593" lon="-111.92024">
        <ele>1297.7</ele>
      </trkpt>
      <trkpt lat="40.68591" lon="-111.92019">
        <ele>1297.6</ele>
      </trkpt>
      <trkpt lat="40.68589" lon="-111.92009">
        <ele>1297.2</ele>
      </trkpt>
      <trkpt lat="40.68586" lon="-111.92001">
        <ele>1296.2</ele>
      </trkpt>
      <trkpt lat="40.68585" lon="-111.91997">
        <ele>1295.6</ele>
      </trkpt>
      <trkpt lat="40.68585" lon="-111.91984">
        <ele>1294.1</ele>
      </trkpt>
      <trkpt lat="40.68587" lon="-111.91969">
        <ele>1293.2</ele>
      </trkpt>
      <trkpt lat="40.68589" lon="-111.91965">
        <ele>1293.4</ele>
      </trkpt>
      <trkpt lat="40.6859" lon="-111.9196">
        <ele>1293.2</ele>
      </trkpt>
      <trkpt lat="40.68592" lon="-111.91956">
        <ele>1293.2</ele>
      </trkpt>
      <trkpt lat="40.68593" lon="-111.91953">
        <ele>1293.2</ele>
      </trkpt>
      <trkpt lat="40.68597" lon="-111.91945">
        <ele>1293.6</ele>
      </trkpt>
      <trkpt lat="40.68598" lon="-111.91945">
        <ele>1294.0</ele>
      </trkpt>
      <trkpt lat="40.686" lon="-111.91942">
        <ele>1294.3</ele>
      </trkpt>
      <trkpt lat="40.68603" lon="-111.91941">
        <ele>1295.1</ele>
      </trkpt>
      <trkpt lat="40.68605" lon="-111.9194">
        <ele>1295.7</ele>
      </trkpt>
      <trkpt lat="40.68612" lon="-111.91938">
        <ele>1297.9</ele>
      </trkpt>
      <trkpt lat="40.68615" lon="-111.91938">
        <ele>1298.3</ele>
      </trkpt>
      <trkpt lat="40.68617" lon="-111.91939">
        <ele>1298.6</ele>
      </trkpt>
      <trkpt lat="40.6862" lon="-111.9194">
        <ele>1299.0</ele>
      </trkpt>
      <trkpt lat="40.68623" lon="-111.91942">
        <ele>1299.2</ele>
      </trkpt>
      <trkpt lat="40.68629" lon="-111.91947">
        <ele>1299.2</ele>
      </trkpt>
      <trkpt lat="40.68633" lon="-111.91954">
        <ele>1298.8</ele>
      </trkpt>
      <trkpt lat="40.68636" lon="-111.91963">
        <ele>1298.2</ele>
      </trkpt>
      <trkpt lat="40.68637" lon="-111.91971">
        <ele>1298.0</ele>
      </trkpt>
      <trkpt lat="40.68638" lon="-111.91972">
        <ele>1297.9</ele>
      </trkpt>
      <trkpt lat="40.68639" lon="-111.91976">
        <ele>1297.9</ele>
      </trkpt>
      <trkpt lat="40.68639" lon="-111.91978">
        <ele>1297.9</ele>
      </trkpt>
      <trkpt lat="40.6864" lon="-111.9198">
        <ele>1297.9</ele>
      </trkpt>
      <trkpt lat="40.68642" lon="-111.91981">
        <ele>1297.9</ele>
      </trkpt>
      <trkpt lat="40.68643" lon="-111.91982">
        <ele>1297.9</ele>
      </trkpt>
      <trkpt lat="40.68646" lon="-111.91983">
        <ele>1297.9</ele>
      </trkpt>
      <trkpt lat="40.68651" lon="-111.91985">
        <ele>1297.9</ele>
      </trkpt>
      <trkpt lat="40.68655" lon="-111.91987">
        <ele>1297.9</ele>
      </trkpt>
      <trkpt lat="40.6866" lon="-111.91988">
        <ele>1297.9</ele>
      </trkpt>
      <trkpt lat="40.68662" lon="-111.91989">
        <ele>1297.9</ele>
      </trkpt>
      <trkpt lat="40.68668" lon="-111.91991">
        <ele>1297.9</ele>
      </trkpt>
      <trkpt lat="40.68669" lon="-111.91991">
        <ele>1297.9</ele>
      </trkpt>
      <trkpt lat="40.68678" lon="-111.91993">
        <ele>1297.9</ele>
      </trkpt>
      <trkpt lat="40.68686" lon="-111.91995">
        <ele>1297.9</ele>
      </trkpt>
      <trkpt lat="40.6869" lon="-111.91999">
        <ele>1297.9</ele>
      </trkpt>
      <trkpt lat="40.68696" lon="-111.92007">
        <ele>1297.9</ele>
      </trkpt>
      <trkpt lat="40.68699" lon="-111.92016">
        <ele>1298.0</ele>
      </trkpt>
      <trkpt lat="40.687" lon="-111.92025">
        <ele>1297.9</ele>
      </trkpt>
      <trkpt lat="40.68699" lon="-111.92034">
        <ele>1297.9</ele>
      </trkpt>
      <trkpt lat="40.68698" lon="-111.92041">
        <ele>1297.9</ele>
      </trkpt>
      <trkpt lat="40.68697" lon="-111.92046">
        <ele>1297.9</ele>
      </trkpt>
      <trkpt lat="40.68694" lon="-111.92056">
        <ele>1297.9</ele>
      </trkpt>
      <trkpt lat="40.6869" lon="-111.92062">
        <ele>1297.9</ele>
      </trkpt>
      <trkpt lat="40.68691" lon="-111.92067">
        <ele>1297.9</ele>
      </trkpt>
      <trkpt lat="40.68692" lon="-111.92073">
        <ele>1297.9</ele>
      </trkpt>
      <trkpt lat="40.68693" lon="-111.92081">
        <ele>1298.0</ele>
      </trkpt>
      <trkpt lat="40.68695" lon="-111.92087">
        <ele>1298.1</ele>
      </trkpt>
      <trkpt lat="40.68697" lon="-111.9209">
        <ele>1298.1</ele>
      </trkpt>
      <trkpt lat="40.68701" lon="-111.92093">
        <ele>1298.1</ele>
      </trkpt>
      <trkpt lat="40.68706" lon="-111.92094">
        <ele>1298.0</ele>
      </trkpt>
      <trkpt lat="40.68719" lon="-111.92096">
        <ele>1297.9</ele>
      </trkpt>
      <trkpt lat="40.68723" lon="-111.92096">
        <ele>1297.9</ele>
      </trkpt>
      <trkpt lat="40.68711" lon="-111.92131">
        <ele>1298.9</ele>
      </trkpt>
      <trkpt lat="40.68711" lon="-111.92131">
        <ele>1298.9</ele>
      </trkpt>
      <trkpt lat="40.68719" lon="-111.92141">
        <ele>1299.2</ele>
      </trkpt>
      <trkpt lat="40.68731" lon="-111.92156">
        <ele>1299.6</ele>
      </trkpt>
      <trkpt lat="40.68734" lon="-111.9216">
        <ele>1299.6</ele>
      </trkpt>
      <trkpt lat="40.68744" lon="-111.92167">
        <ele>1298.5</ele>
      </trkpt>
      <trkpt lat="40.68751" lon="-111.92167">
        <ele>1297.7</ele>
      </trkpt>
      <trkpt lat="40.68759" lon="-111.92162">
        <ele>1297.6</ele>
      </trkpt>
      <trkpt lat="40.68761" lon="-111.92156">
        <ele>1297.7</ele>
      </trkpt>
      <trkpt lat="40.68765" lon="-111.92141">
        <ele>1297.9</ele>
      </trkpt>
      <trkpt lat="40.68768" lon="-111.92134">
        <ele>1298.1</ele>
      </trkpt>
      <trkpt lat="40.68775" lon="-111.92113">
        <ele>1298.0</ele>
      </trkpt>
      <trkpt lat="40.68783" lon="-111.92103">
        <ele>1298.1</ele>
      </trkpt>
      <trkpt lat="40.68797" lon="-111.92102">
        <ele>1298.0</ele>
      </trkpt>
      <trkpt lat="40.68808" lon="-111.921">
        <ele>1298.0</ele>
      </trkpt>
      <trkpt lat="40.68822" lon="-111.921">
        <ele>1298.0</ele>
      </trkpt>
      <trkpt lat="40.68826" lon="-111.92098">
        <ele>1298.0</ele>
      </trkpt>
      <trkpt lat="40.68836" lon="-111.92093">
        <ele>1298.0</ele>
      </trkpt>
      <trkpt lat="40.68843" lon="-111.9209">
        <ele>1298.0</ele>
      </trkpt>
      <trkpt lat="40.68848" lon="-111.92088">
        <ele>1298.0</ele>
      </trkpt>
      <trkpt lat="40.68855" lon="-111.92089">
        <ele>1298.0</ele>
      </trkpt>
      <trkpt lat="40.68864" lon="-111.92092">
        <ele>1298.0</ele>
      </trkpt>
      <trkpt lat="40.68872" lon="-111.921">
        <ele>1298.0</ele>
      </trkpt>
      <trkpt lat="40.68876" lon="-111.92109">
        <ele>1298.0</ele>
      </trkpt>
      <trkpt lat="40.68883" lon="-111.92115">
        <ele>1298.1</ele>
      </trkpt>
      <trkpt lat="40.68895" lon="-111.92118">
        <ele>1298.1</ele>
      </trkpt>
      <trkpt lat="40.68906" lon="-111.9212">
        <ele>1298.1</ele>
      </trkpt>
      <trkpt lat="40.68907" lon="-111.9212">
        <ele>1298.1</ele>
      </trkpt>
      <trkpt lat="40.68916" lon="-111.92123">
        <ele>1298.1</ele>
      </trkpt>
      <trkpt lat="40.68924" lon="-111.92125">
        <ele>1298.1</ele>
      </trkpt>
      <trkpt lat="40.68926" lon="-111.92126">
        <ele>1298.1</ele>
      </trkpt>
      <trkpt lat="40.6894" lon="-111.92122">
        <ele>1298.1</ele>
      </trkpt>
      <trkpt lat="40.68953" lon="-111.92116">
        <ele>1298.0</ele>
      </trkpt>
      <trkpt lat="40.68963" lon="-111.92115">
        <ele>1297.9</ele>
      </trkpt>
      <trkpt lat="40.68971" lon="-111.92117">
        <ele>1297.9</ele>
      </trkpt>
      <trkpt lat="40.68976" lon="-111.92122">
        <ele>1297.9</ele>
      </trkpt>
      <trkpt lat="40.68981" lon="-111.9213">
        <ele>1297.9</ele>
      </trkpt>
      <trkpt lat="40.68986" lon="-111.92134">
        <ele>1297.9</ele>
      </trkpt>
      <trkpt lat="40.6899" lon="-111.92133">
        <ele>1297.9</ele>
      </trkpt>
      <trkpt lat="40.68995" lon="-111.92132">
        <ele>1297.8</ele>
      </trkpt>
      <trkpt lat="40.69007" lon="-111.92127">
        <ele>1297.4</ele>
      </trkpt>
      <trkpt lat="40.69012" lon="-111.92125">
        <ele>1297.3</ele>
      </trkpt>
      <trkpt lat="40.69025" lon="-111.92121">
        <ele>1296.9</ele>
      </trkpt>
      <trkpt lat="40.69033" lon="-111.92118">
        <ele>1296.7</ele>
      </trkpt>
      <trkpt lat="40.69052" lon="-111.92118">
        <ele>1296.5</ele>
      </trkpt>
      <trkpt lat="40.69059" lon="-111.92116">
        <ele>1296.4</ele>
      </trkpt>
      <trkpt lat="40.6906" lon="-111.92116">
        <ele>1296.4</ele>
      </trkpt>
      <trkpt lat="40.6907" lon="-111.92111">
        <ele>1296.4</ele>
      </trkpt>
      <trkpt lat="40.69077" lon="-111.92108">
        <ele>1296.3</ele>
      </trkpt>
      <trkpt lat="40.69086" lon="-111.92103">
        <ele>1296.3</ele>
      </trkpt>
      <trkpt lat="40.69091" lon="-111.92102">
        <ele>1296.3</ele>
      </trkpt>
      <trkpt lat="40.69094" lon="-111.92102">
        <ele>1296.3</ele>
      </trkpt>
      <trkpt lat="40.69099" lon="-111.92103">
        <ele>1296.3</ele>
      </trkpt>
      <trkpt lat="40.69112" lon="-111.92107">
        <ele>1296.2</ele>
      </trkpt>
      <trkpt lat="40.69138" lon="-111.92119">
        <ele>1296.2</ele>
      </trkpt>
      <trkpt lat="40.69164" lon="-111.92134">
        <ele>1295.8</ele>
      </trkpt>
      <trkpt lat="40.69173" lon="-111.92138">
        <ele>1295.7</ele>
      </trkpt>
      <trkpt lat="40.69178" lon="-111.92138">
        <ele>1295.6</ele>
      </trkpt>
      <trkpt lat="40.69185" lon="-111.92139">
        <ele>1295.6</ele>
      </trkpt>
      <trkpt lat="40.69188" lon="-111.9214">
        <ele>1295.5</ele>
      </trkpt>
      <trkpt lat="40.69214" lon="-111.92146">
        <ele>1295.4</ele>
      </trkpt>
      <trkpt lat="40.69238" lon="-111.92149">
        <ele>1295.3</ele>
      </trkpt>
      <trkpt lat="40.69245" lon="-111.9215">
        <ele>1295.3</ele>
      </trkpt>
      <trkpt lat="40.69267" lon="-111.92149">
        <ele>1295.1</ele>
      </trkpt>
      <trkpt lat="40.69287" lon="-111.92144">
        <ele>1295.2</ele>
      </trkpt>
      <trkpt lat="40.69291" lon="-111.92142">
        <ele>1295.2</ele>
      </trkpt>
      <trkpt lat="40.69307" lon="-111.92135">
        <ele>1295.2</ele>
      </trkpt>
      <trkpt lat="40.69308" lon="-111.92135">
        <ele>1295.2</ele>
      </trkpt>
      <trkpt lat="40.69327" lon="-111.92126">
        <ele>1295.2</ele>
      </trkpt>
      <trkpt lat="40.69337" lon="-111.92126">
        <ele>1295.1</ele>
      </trkpt>
      <trkpt lat="40.69342" lon="-111.92127">
        <ele>1295.1</ele>
      </trkpt>
      <trkpt lat="40.69343" lon="-111.92128">
        <ele>1295.1</ele>
      </trkpt>
      <trkpt lat="40.69346" lon="-111.92131">
        <ele>1295.1</ele>
      </trkpt>
      <trkpt lat="40.69349" lon="-111.92135">
        <ele>1295.1</ele>
      </trkpt>
      <trkpt lat="40.69351" lon="-111.92141">
        <ele>1295.1</ele>
      </trkpt>
      <trkpt lat="40.69351" lon="-111.92148">
        <ele>1295.1</ele>
      </trkpt>
      <trkpt lat="40.69352" lon="-111.92151">
        <ele>1295.1</ele>
      </trkpt>
      <trkpt lat="40.69353" lon="-111.92165">
        <ele>1295.0</ele>
      </trkpt>
      <trkpt lat="40.69353" lon="-111.92179">
        <ele>1295.0</ele>
      </trkpt>
      <trkpt lat="40.69355" lon="-111.92192">
        <ele>1294.9</ele>
      </trkpt>
      <trkpt lat="40.69357" lon="-111.92198">
        <ele>1294.9</ele>
      </trkpt>
      <trkpt lat="40.6936" lon="-111.92203">
        <ele>1294.9</ele>
      </trkpt>
      <trkpt lat="40.69363" lon="-111.92208">
        <ele>1294.9</ele>
      </trkpt>
      <trkpt lat="40.6937" lon="-111.92213">
        <ele>1294.7</ele>
      </trkpt>
      <trkpt lat="40.69384" lon="-111.92222">
        <ele>1293.5</ele>
      </trkpt>
      <trkpt lat="40.69385" lon="-111.92223">
        <ele>1293.4</ele>
      </trkpt>
      <trkpt lat="40.694" lon="-111.92233">
        <ele>1293.3</ele>
      </trkpt>
      <trkpt lat="40.69411" lon="-111.92241">
        <ele>1293.4</ele>
      </trkpt>
      <trkpt lat="40.69416" lon="-111.92244">
        <ele>1293.5</ele>
      </trkpt>
      <trkpt lat="40.69427" lon="-111.92252">
        <ele>1293.6</ele>
      </trkpt>
      <trkpt lat="40.69432" lon="-111.92254">
        <ele>1293.6</ele>
      </trkpt>
      <trkpt lat="40.69441" lon="-111.92259">
        <ele>1293.5</ele>
      </trkpt>
      <trkpt lat="40.69446" lon="-111.9226">
        <ele>1293.5</ele>
      </trkpt>
      <trkpt lat="40.69452" lon="-111.9226">
        <ele>1293.5</ele>
      </trkpt>
      <trkpt lat="40.69457" lon="-111.9226">
        <ele>1293.5</ele>
      </trkpt>
      <trkpt lat="40.69464" lon="-111.92259">
        <ele>1293.6</ele>
      </trkpt>
      <trkpt lat="40.69476" lon="-111.92258">
        <ele>1293.8</ele>
      </trkpt>
      <trkpt lat="40.69486" lon="-111.92257">
        <ele>1293.8</ele>
      </trkpt>
      <trkpt lat="40.69493" lon="-111.92255">
        <ele>1293.7</ele>
      </trkpt>
      <trkpt lat="40.69498" lon="-111.92253">
        <ele>1293.7</ele>
      </trkpt>
      <trkpt lat="40.69501" lon="-111.92249">
        <ele>1293.7</ele>
      </trkpt>
      <trkpt lat="40.69505" lon="-111.92243">
        <ele>1293.8</ele>
      </trkpt>
      <trkpt lat="40.69511" lon="-111.9223">
        <ele>1293.8</ele>
      </trkpt>
      <trkpt lat="40.69522" lon="-111.92203">
        <ele>1293.9</ele>
      </trkpt>
      <trkpt lat="40.69528" lon="-111.92188">
        <ele>1294.0</ele>
      </trkpt>
      <trkpt lat="40.69538" lon="-111.92174">
        <ele>1294.0</ele>
      </trkpt>
      <trkpt lat="40.69553" lon="-111.92162">
        <ele>1293.9</ele>
      </trkpt>
      <trkpt lat="40.69562" lon="-111.92157">
        <ele>1293.9</ele>
      </trkpt>
      <trkpt lat="40.69576" lon="-111.9215">
        <ele>1293.9</ele>
      </trkpt>
      <trkpt lat="40.69591" lon="-111.92145">
        <ele>1293.8</ele>
      </trkpt>
      <trkpt lat="40.69605" lon="-111.92142">
        <ele>1293.8</ele>
      </trkpt>
      <trkpt lat="40.69623" lon="-111.92142">
        <ele>1293.8</ele>
      </trkpt>
      <trkpt lat="40.69639" lon="-111.92144">
        <ele>1293.7</ele>
      </trkpt>
      <trkpt lat="40.6965" lon="-111.92148">
        <ele>1293.6</ele>
      </trkpt>
      <trkpt lat="40.69656" lon="-111.92151">
        <ele>1293.6</ele>
      </trkpt>
      <trkpt lat="40.69666" lon="-111.92157">
        <ele>1293.5</ele>
      </trkpt>
      <trkpt lat="40.6968" lon="-111.92166">
        <ele>1293.5</ele>
      </trkpt>
      <trkpt lat="40.69703" lon="-111.92181">
        <ele>1293.4</ele>
      </trkpt>
      <trkpt lat="40.69709" lon="-111.92186">
        <ele>1293.3</ele>
      </trkpt>
      <trkpt lat="40.69729" lon="-111.92201">
        <ele>1293.1</ele>
      </trkpt>
      <trkpt lat="40.69758" lon="-111.92213">
        <ele>1292.6</ele>
      </trkpt>
      <trkpt lat="40.69764" lon="-111.92215">
        <ele>1292.5</ele>
      </trkpt>
      <trkpt lat="40.69774" lon="-111.92217">
        <ele>1292.4</ele>
      </trkpt>
      <trkpt lat="40.69791" lon="-111.92218">
        <ele>1292.3</ele>
      </trkpt>
      <trkpt lat="40.69805" lon="-111.92223">
        <ele>1292.2</ele>
      </trkpt>
      <trkpt lat="40.69826" lon="-111.92236">
        <ele>1292.1</ele>
      </trkpt>
      <trkpt lat="40.69841" lon="-111.92245">
        <ele>1292.0</ele>
      </trkpt>
      <trkpt lat="40.69851" lon="-111.92255">
        <ele>1292.0</ele>
      </trkpt>
      <trkpt lat="40.6986" lon="-111.92271">
        <ele>1292.0</ele>
      </trkpt>
      <trkpt lat="40.69866" lon="-111.92287">
        <ele>1291.9</ele>
      </trkpt>
      <trkpt lat="40.69871" lon="-111.923">
        <ele>1291.9</ele>
      </trkpt>
      <trkpt lat="40.69872" lon="-111.92314">
        <ele>1291.9</ele>
      </trkpt>
      <trkpt lat="40.69873" lon="-111.92317">
        <ele>1291.9</ele>
      </trkpt>
      <trkpt lat="40.69874" lon="-111.92333">
        <ele>1291.8</ele>
      </trkpt>
      <trkpt lat="40.69874" lon="-111.92345">
        <ele>1291.6</ele>
      </trkpt>
      <trkpt lat="40.69874" lon="-111.92351">
        <ele>1291.5</ele>
      </trkpt>
      <trkpt lat="40.69875" lon="-111.92368">
        <ele>1291.4</ele>
      </trkpt>
      <trkpt lat="40.69875" lon="-111.92369">
        <ele>1291.4</ele>
      </trkpt>
      <trkpt lat="40.69876" lon="-111.92384">
        <ele>1291.4</ele>
      </trkpt>
      <trkpt lat="40.69878" lon="-111.92392">
        <ele>1291.6</ele>
      </trkpt>
      <trkpt lat="40.69878" lon="-111.92395">
        <ele>1291.5</ele>
      </trkpt>
      <trkpt lat="40.69883" lon="-111.92407">
        <ele>1291.7</ele>
      </trkpt>
      <trkpt lat="40.69887" lon="-111.92412">
        <ele>1291.8</ele>
      </trkpt>
      <trkpt lat="40.69888" lon="-111.92413">
        <ele>1291.8</ele>
      </trkpt>
      <trkpt lat="40.69894" lon="-111.92419">
        <ele>1291.9</ele>
      </trkpt>
      <trkpt lat="40.69901" lon="-111.92422">
        <ele>1292.1</ele>
      </trkpt>
      <trkpt lat="40.6992" lon="-111.9243">
        <ele>1292.0</ele>
      </trkpt>
      <trkpt lat="40.69931" lon="-111.92432">
        <ele>1291.9</ele>
      </trkpt>
      <trkpt lat="40.69938" lon="-111.92431">
        <ele>1291.9</ele>
      </trkpt>
      <trkpt lat="40.6994" lon="-111.92431">
        <ele>1291.9</ele>
      </trkpt>
      <trkpt lat="40.69944" lon="-111.92431">
        <ele>1291.9</ele>
      </trkpt>
      <trkpt lat="40.69945" lon="-111.92431">
        <ele>1291.9</ele>
      </trkpt>
      <trkpt lat="40.69956" lon="-111.92431">
        <ele>1291.8</ele>
      </trkpt>
      <trkpt lat="40.69961" lon="-111.92431">
        <ele>1291.8</ele>
      </trkpt>
      <trkpt lat="40.69962" lon="-111.92431">
        <ele>1291.8</ele>
      </trkpt>
      <trkpt lat="40.69976" lon="-111.92435">
        <ele>1291.8</ele>
      </trkpt>
      <trkpt lat="40.69979" lon="-111.92435">
        <ele>1291.8</ele>
      </trkpt>
      <trkpt lat="40.69988" lon="-111.92435">
        <ele>1291.8</ele>
      </trkpt>
      <trkpt lat="40.6999" lon="-111.92435">
        <ele>1291.9</ele>
      </trkpt>
      <trkpt lat="40.69992" lon="-111.92434">
        <ele>1291.9</ele>
      </trkpt>
      <trkpt lat="40.69996" lon="-111.92432">
        <ele>1291.9</ele>
      </trkpt>
      <trkpt lat="40.7" lon="-111.92429">
        <ele>1291.9</ele>
      </trkpt>
      <trkpt lat="40.70002" lon="-111.92426">
        <ele>1291.9</ele>
      </trkpt>
      <trkpt lat="40.70003" lon="-111.92424">
        <ele>1291.9</ele>
      </trkpt>
      <trkpt lat="40.70006" lon="-111.92422">
        <ele>1291.9</ele>
      </trkpt>
      <trkpt lat="40.70007" lon="-111.92421">
        <ele>1291.9</ele>
      </trkpt>
      <trkpt lat="40.70009" lon="-111.92421">
        <ele>1291.9</ele>
      </trkpt>
      <trkpt lat="40.70023" lon="-111.92422">
        <ele>1291.9</ele>
      </trkpt>
      <trkpt lat="40.70078" lon="-111.92424">
        <ele>1291.8</ele>
      </trkpt>
      <trkpt lat="40.70079" lon="-111.92424">
        <ele>1291.8</ele>
      </trkpt>
      <trkpt lat="40.7008" lon="-111.92424">
        <ele>1291.8</ele>
      </trkpt>
      <trkpt lat="40.70089" lon="-111.92425">
        <ele>1291.8</ele>
      </trkpt>
      <trkpt lat="40.70098" lon="-111.92426">
        <ele>1291.8</ele>
      </trkpt>
      <trkpt lat="40.70099" lon="-111.92426">
        <ele>1291.8</ele>
      </trkpt>
      <trkpt lat="40.70103" lon="-111.92428">
        <ele>1291.8</ele>
      </trkpt>
      <trkpt lat="40.70105" lon="-111.92431">
        <ele>1291.8</ele>
      </trkpt>
      <trkpt lat="40.70108" lon="-111.92437">
        <ele>1291.8</ele>
      </trkpt>
      <trkpt lat="40.70113" lon="-111.92448">
        <ele>1291.8</ele>
      </trkpt>
      <trkpt lat="40.70115" lon="-111.92452">
        <ele>1291.8</ele>
      </trkpt>
      <trkpt lat="40.70118" lon="-111.92457">
        <ele>1291.8</ele>
      </trkpt>
      <trkpt lat="40.70122" lon="-111.92461">
        <ele>1291.8</ele>
      </trkpt>
      <trkpt lat="40.70125" lon="-111.92464">
        <ele>1291.8</ele>
      </trkpt>
      <trkpt lat="40.70134" lon="-111.92466">
        <ele>1291.8</ele>
      </trkpt>
      <trkpt lat="40.70138" lon="-111.92468">
        <ele>1291.8</ele>
      </trkpt>
      <trkpt lat="40.70142" lon="-111.92469">
        <ele>1291.8</ele>
      </trkpt>
      <trkpt lat="40.70146" lon="-111.92472">
        <ele>1291.8</ele>
      </trkpt>
      <trkpt lat="40.7015" lon="-111.92477">
        <ele>1291.9</ele>
      </trkpt>
      <trkpt lat="40.70152" lon="-111.92481">
        <ele>1291.9</ele>
      </trkpt>
      <trkpt lat="40.70157" lon="-111.92488">
        <ele>1291.9</ele>
      </trkpt>
      <trkpt lat="40.70161" lon="-111.925">
        <ele>1291.9</ele>
      </trkpt>
      <trkpt lat="40.70163" lon="-111.92503">
        <ele>1291.9</ele>
      </trkpt>
      <trkpt lat="40.7017" lon="-111.92518">
        <ele>1291.9</ele>
      </trkpt>
      <trkpt lat="40.70183" lon="-111.92539">
        <ele>1291.9</ele>
      </trkpt>
      <trkpt lat="40.7019" lon="-111.9255">
        <ele>1291.8</ele>
      </trkpt>
      <trkpt lat="40.70201" lon="-111.92571">
        <ele>1291.7</ele>
      </trkpt>
      <trkpt lat="40.70208" lon="-111.92591">
        <ele>1291.5</ele>
      </trkpt>
      <trkpt lat="40.70218" lon="-111.92623">
        <ele>1291.3</ele>
      </trkpt>
      <trkpt lat="40.70222" lon="-111.92638">
        <ele>1291.2</ele>
      </trkpt>
      <trkpt lat="40.70224" lon="-111.92651">
        <ele>1291.1</ele>
      </trkpt>
      <trkpt lat="40.70225" lon="-111.92658">
        <ele>1291.1</ele>
      </trkpt>
      <trkpt lat="40.70226" lon="-111.92667">
        <ele>1291.0</ele>
      </trkpt>
      <trkpt lat="40.70226" lon="-111.92675">
        <ele>1290.8</ele>
      </trkpt>
      <trkpt lat="40.70228" lon="-111.9269">
        <ele>1290.8</ele>
      </trkpt>
      <trkpt lat="40.70228" lon="-111.92691">
        <ele>1290.7</ele>
      </trkpt>
      <trkpt lat="40.70229" lon="-111.92697">
        <ele>1290.7</ele>
      </trkpt>
      <trkpt lat="40.70229" lon="-111.92715">
        <ele>1290.5</ele>
      </trkpt>
      <trkpt lat="40.70229" lon="-111.92718">
        <ele>1290.5</ele>
      </trkpt>
      <trkpt lat="40.70229" lon="-111.92727">
        <ele>1290.5</ele>
      </trkpt>
      <trkpt lat="40.70234" lon="-111.92738">
        <ele>1290.6</ele>
      </trkpt>
      <trkpt lat="40.70239" lon="-111.92751">
        <ele>1290.7</ele>
      </trkpt>
      <trkpt lat="40.7024" lon="-111.92759">
        <ele>1290.6</ele>
      </trkpt>
      <trkpt lat="40.70241" lon="-111.92763">
        <ele>1290.6</ele>
      </trkpt>
      <trkpt lat="40.70243" lon="-111.92773">
        <ele>1290.6</ele>
      </trkpt>
      <trkpt lat="40.70246" lon="-111.92779">
        <ele>1290.6</ele>
      </trkpt>
      <trkpt lat="40.70249" lon="-111.92785">
        <ele>1290.7</ele>
      </trkpt>
      <trkpt lat="40.70263" lon="-111.92802">
        <ele>1290.6</ele>
      </trkpt>
      <trkpt lat="40.70267" lon="-111.92806">
        <ele>1290.5</ele>
      </trkpt>
      <trkpt lat="40.70269" lon="-111.92808">
        <ele>1290.5</ele>
      </trkpt>
      <trkpt lat="40.70273" lon="-111.92808">
        <ele>1290.4</ele>
      </trkpt>
      <trkpt lat="40.70275" lon="-111.92808">
        <ele>1290.4</ele>
      </trkpt>
      <trkpt lat="40.7028" lon="-111.92807">
        <ele>1290.4</ele>
      </trkpt>
      <trkpt lat="40.70283" lon="-111.92804">
        <ele>1290.4</ele>
      </trkpt>
      <trkpt lat="40.70286" lon="-111.92799">
        <ele>1290.5</ele>
      </trkpt>
      <trkpt lat="40.70287" lon="-111.92789">
        <ele>1290.6</ele>
      </trkpt>
      <trkpt lat="40.70287" lon="-111.92777">
        <ele>1291.2</ele>
      </trkpt>
      <trkpt lat="40.70289" lon="-111.92756">
        <ele>1291.9</ele>
      </trkpt>
      <trkpt lat="40.70289" lon="-111.92739">
        <ele>1292.0</ele>
      </trkpt>
      <trkpt lat="40.7029" lon="-111.92737">
        <ele>1292.0</ele>
      </trkpt>
      <trkpt lat="40.70292" lon="-111.92719">
        <ele>1292.1</ele>
      </trkpt>
      <trkpt lat="40.70296" lon="-111.92707">
        <ele>1292.1</ele>
      </trkpt>
      <trkpt lat="40.70303" lon="-111.92698">
        <ele>1292.1</ele>
      </trkpt>
      <trkpt lat="40.70316" lon="-111.92685">
        <ele>1291.9</ele>
      </trkpt>
      <trkpt lat="40.70327" lon="-111.92672">
        <ele>1291.8</ele>
      </trkpt>
      <trkpt lat="40.70331" lon="-111.92666">
        <ele>1291.7</ele>
      </trkpt>
      <trkpt lat="40.70335" lon="-111.92661">
        <ele>1291.6</ele>
      </trkpt>
      <trkpt lat="40.70346" lon="-111.92654">
        <ele>1291.4</ele>
      </trkpt>
      <trkpt lat="40.70348" lon="-111.92652">
        <ele>1291.4</ele>
      </trkpt>
      <trkpt lat="40.70362" lon="-111.92648">
        <ele>1291.2</ele>
      </trkpt>
      <trkpt lat="40.70376" lon="-111.92643">
        <ele>1290.8</ele>
      </trkpt>
      <trkpt lat="40.70376" lon="-111.92643">
        <ele>1290.8</ele>
      </trkpt>
      <trkpt lat="40.70376" lon="-111.92643">
        <ele>1290.8</ele>
      </trkpt>
      <trkpt lat="40.70388" lon="-111.92639">
        <ele>1290.6</ele>
      </trkpt>
      <trkpt lat="40.704" lon="-111.92632">
        <ele>1290.5</ele>
      </trkpt>
      <trkpt lat="40.70418" lon="-111.92627">
        <ele>1290.5</ele>
      </trkpt>
      <trkpt lat="40.70427" lon="-111.92626">
        <ele>1290.5</ele>
      </trkpt>
      <trkpt lat="40.70457" lon="-111.92628">
        <ele>1290.5</ele>
      </trkpt>
      <trkpt lat="40.70468" lon="-111.92632">
        <ele>1290.5</ele>
      </trkpt>
      <trkpt lat="40.70475" lon="-111.92639">
        <ele>1290.5</ele>
      </trkpt>
      <trkpt lat="40.70493" lon="-111.92658">
        <ele>1290.5</ele>
      </trkpt>
      <trkpt lat="40.70499" lon="-111.92661">
        <ele>1290.5</ele>
      </trkpt>
      <trkpt lat="40.7051" lon="-111.92664">
        <ele>1290.5</ele>
      </trkpt>
      <trkpt lat="40.70517" lon="-111.92664">
        <ele>1290.5</ele>
      </trkpt>
      <trkpt lat="40.70524" lon="-111.92663">
        <ele>1290.5</ele>
      </trkpt>
      <trkpt lat="40.70529" lon="-111.9266">
        <ele>1290.5</ele>
      </trkpt>
      <trkpt lat="40.70537" lon="-111.92653">
        <ele>1290.5</ele>
      </trkpt>
      <trkpt lat="40.70544" lon="-111.92637">
        <ele>1290.7</ele>
      </trkpt>
      <trkpt lat="40.70549" lon="-111.9262">
        <ele>1290.9</ele>
      </trkpt>
      <trkpt lat="40.7055" lon="-111.92606">
        <ele>1290.8</ele>
      </trkpt>
      <trkpt lat="40.70548" lon="-111.92584">
        <ele>1290.6</ele>
      </trkpt>
      <trkpt lat="40.70543" lon="-111.92563">
        <ele>1290.7</ele>
      </trkpt>
      <trkpt lat="40.70539" lon="-111.92546">
        <ele>1290.7</ele>
      </trkpt>
      <trkpt lat="40.70523" lon="-111.92505">
        <ele>1290.7</ele>
      </trkpt>
      <trkpt lat="40.70519" lon="-111.9249">
        <ele>1290.5</ele>
      </trkpt>
      <trkpt lat="40.70518" lon="-111.92479">
        <ele>1290.5</ele>
      </trkpt>
      <trkpt lat="40.70525" lon="-111.92443">
        <ele>1290.6</ele>
      </trkpt>
      <trkpt lat="40.70525" lon="-111.92414">
        <ele>1290.5</ele>
      </trkpt>
      <trkpt lat="40.70529" lon="-111.92397">
        <ele>1290.5</ele>
      </trkpt>
      <trkpt lat="40.70534" lon="-111.9238">
        <ele>1290.5</ele>
      </trkpt>
      <trkpt lat="40.70537" lon="-111.9237">
        <ele>1290.4</ele>
      </trkpt>
      <trkpt lat="40.70536" lon="-111.9232">
        <ele>1290.5</ele>
      </trkpt>
      <trkpt lat="40.70538" lon="-111.92299">
        <ele>1290.5</ele>
      </trkpt>
      <trkpt lat="40.7054" lon="-111.92293">
        <ele>1290.5</ele>
      </trkpt>
      <trkpt lat="40.70559" lon="-111.92278">
        <ele>1290.5</ele>
      </trkpt>
      <trkpt lat="40.70573" lon="-111.92258">
        <ele>1290.6</ele>
      </trkpt>
      <trkpt lat="40.70591" lon="-111.92246">
        <ele>1290.5</ele>
      </trkpt>
      <trkpt lat="40.70595" lon="-111.92245">
        <ele>1290.5</ele>
      </trkpt>
      <trkpt lat="40.70598" lon="-111.92247">
        <ele>1290.5</ele>
      </trkpt>
      <trkpt lat="40.70602" lon="-111.92255">
        <ele>1290.5</ele>
      </trkpt>
      <trkpt lat="40.70619" lon="-111.92296">
        <ele>1290.5</ele>
      </trkpt>
      <trkpt lat="40.70621" lon="-111.92303">
        <ele>1290.5</ele>
      </trkpt>
      <trkpt lat="40.70623" lon="-111.92306">
        <ele>1290.5</ele>
      </trkpt>
      <trkpt lat="40.70629" lon="-111.92309">
        <ele>1290.5</ele>
      </trkpt>
      <trkpt lat="40.70635" lon="-111.92312">
        <ele>1290.5</ele>
      </trkpt>
      <trkpt lat="40.70639" lon="-111.92313">
        <ele>1290.6</ele>
      </trkpt>
      <trkpt lat="40.70646" lon="-111.92311">
        <ele>1290.6</ele>
      </trkpt>
      <trkpt lat="40.70662" lon="-111.92303">
        <ele>1290.5</ele>
      </trkpt>
      <trkpt lat="40.70667" lon="-111.92301">
        <ele>1290.5</ele>
      </trkpt>
      <trkpt lat="40.70675" lon="-111.92301">
        <ele>1290.4</ele>
      </trkpt>
      <trkpt lat="40.70685" lon="-111.92304">
        <ele>1290.4</ele>
      </trkpt>
      <trkpt lat="40.70692" lon="-111.9231">
        <ele>1290.5</ele>
      </trkpt>
      <trkpt lat="40.70701" lon="-111.92321">
        <ele>1290.6</ele>
      </trkpt>
      <trkpt lat="40.70707" lon="-111.92326">
        <ele>1290.6</ele>
      </trkpt>
      <trkpt lat="40.7072" lon="-111.92331">
        <ele>1290.5</ele>
      </trkpt>
      <trkpt lat="40.70724" lon="-111.92334">
        <ele>1290.5</ele>
      </trkpt>
      <trkpt lat="40.7075" lon="-111.92362">
        <ele>1290.5</ele>
      </trkpt>
      <trkpt lat="40.70759" lon="-111.92373">
        <ele>1290.6</ele>
      </trkpt>
      <trkpt lat="40.7077" lon="-111.92391">
        <ele>1291.0</ele>
      </trkpt>
      <trkpt lat="40.70774" lon="-111.92395">
        <ele>1291.1</ele>
      </trkpt>
      <trkpt lat="40.70792" lon="-111.92405">
        <ele>1291.1</ele>
      </trkpt>
      <trkpt lat="40.70812" lon="-111.9241">
        <ele>1291.1</ele>
      </trkpt>
      <trkpt lat="40.70833" lon="-111.9242">
        <ele>1291.2</ele>
      </trkpt>
      <trkpt lat="40.7084" lon="-111.92422">
        <ele>1291.1</ele>
      </trkpt>
      <trkpt lat="40.70846" lon="-111.92421">
        <ele>1291.1</ele>
      </trkpt>
      <trkpt lat="40.70861" lon="-111.92415">
        <ele>1291.0</ele>
      </trkpt>
      <trkpt lat="40.70866" lon="-111.92414">
        <ele>1291.0</ele>
      </trkpt>
      <trkpt lat="40.70873" lon="-111.92416">
        <ele>1291.0</ele>
      </trkpt>
      <trkpt lat="40.70897" lon="-111.92426">
        <ele>1291.0</ele>
      </trkpt>
      <trkpt lat="40.70919" lon="-111.92439">
        <ele>1291.1</ele>
      </trkpt>
      <trkpt lat="40.70934" lon="-111.92449">
        <ele>1291.1</ele>
      </trkpt>
      <trkpt lat="40.70948" lon="-111.9246">
        <ele>1291.0</ele>
      </trkpt>
      <trkpt lat="40.70952" lon="-111.92465">
        <ele>1290.9</ele>
      </trkpt>
      <trkpt lat="40.70955" lon="-111.92473">
        <ele>1290.7</ele>
      </trkpt>
      <trkpt lat="40.70959" lon="-111.92495">
        <ele>1290.3</ele>
      </trkpt>
      <trkpt lat="40.70979" lon="-111.92494">
        <ele>1290.5</ele>
      </trkpt>
      <trkpt lat="40.71002" lon="-111.92496">
        <ele>1290.5</ele>
      </trkpt>
      <trkpt lat="40.71028" lon="-111.92495">
        <ele>1290.5</ele>
      </trkpt>
      <trkpt lat="40.71028" lon="-111.92495">
        <ele>1290.5</ele>
      </trkpt>
      <trkpt lat="40.71037" lon="-111.92494">
        <ele>1290.5</ele>
      </trkpt>
      <trkpt lat="40.7105" lon="-111.92492">
        <ele>1290.5</ele>
      </trkpt>
      <trkpt lat="40.71078" lon="-111.92483">
        <ele>1290.4</ele>
      </trkpt>
      <trkpt lat="40.71085" lon="-111.92482">
        <ele>1290.4</ele>
      </trkpt>
      <trkpt lat="40.71095" lon="-111.92483">
        <ele>1290.3</ele>
      </trkpt>
      <trkpt lat="40.71102" lon="-111.92486">
        <ele>1290.3</ele>
      </trkpt>
      <trkpt lat="40.71112" lon="-111.92492">
        <ele>1290.3</ele>
      </trkpt>
      <trkpt lat="40.7115" lon="-111.92527">
        <ele>1290.3</ele>
      </trkpt>
      <trkpt lat="40.71173" lon="-111.92545">
        <ele>1290.3</ele>
      </trkpt>
      <trkpt lat="40.71179" lon="-111.92553">
        <ele>1290.3</ele>
      </trkpt>
      <trkpt lat="40.71193" lon="-111.92574">
        <ele>1290.3</ele>
      </trkpt>
      <trkpt lat="40.71204" lon="-111.9259">
        <ele>1290.3</ele>
      </trkpt>
      <trkpt lat="40.71218" lon="-111.92605">
        <ele>1290.3</ele>
      </trkpt>
      <trkpt lat="40.71229" lon="-111.92611">
        <ele>1290.3</ele>
      </trkpt>
      <trkpt lat="40.71235" lon="-111.92613">
        <ele>1290.3</ele>
      </trkpt>
      <trkpt lat="40.71257" lon="-111.92609">
        <ele>1290.3</ele>
      </trkpt>
      <trkpt lat="40.71259" lon="-111.92605">
        <ele>1290.3</ele>
      </trkpt>
      <trkpt lat="40.71266" lon="-111.92569">
        <ele>1290.3</ele>
      </trkpt>
      <trkpt lat="40.71272" lon="-111.92556">
        <ele>1290.3</ele>
      </trkpt>
      <trkpt lat="40.71331" lon="-111.92483">
        <ele>1290.3</ele>
      </trkpt>
      <trkpt lat="40.71336" lon="-111.92475">
        <ele>1290.3</ele>
      </trkpt>
      <trkpt lat="40.71351" lon="-111.92458">
        <ele>1290.4</ele>
      </trkpt>
      <trkpt lat="40.71364" lon="-111.92452">
        <ele>1290.4</ele>
      </trkpt>
      <trkpt lat="40.71373" lon="-111.9245">
        <ele>1290.4</ele>
      </trkpt>
      <trkpt lat="40.71404" lon="-111.92449">
        <ele>1290.4</ele>
      </trkpt>
      <trkpt lat="40.71458" lon="-111.9245">
        <ele>1290.4</ele>
      </trkpt>
      <trkpt lat="40.71473" lon="-111.92449">
        <ele>1290.4</ele>
      </trkpt>
      <trkpt lat="40.71488" lon="-111.92446">
        <ele>1290.3</ele>
      </trkpt>
      <trkpt lat="40.71524" lon="-111.92432">
        <ele>1290.3</ele>
      </trkpt>
      <trkpt lat="40.71539" lon="-111.92423">
        <ele>1290.3</ele>
      </trkpt>
      <trkpt lat="40.71552" lon="-111.92414">
        <ele>1290.3</ele>
      </trkpt>
      <trkpt lat="40.71565" lon="-111.92401">
        <ele>1290.3</ele>
      </trkpt>
      <trkpt lat="40.71577" lon="-111.92389">
        <ele>1290.3</ele>
      </trkpt>
      <trkpt lat="40.71589" lon="-111.92375">
        <ele>1290.3</ele>
      </trkpt>
      <trkpt lat="40.71599" lon="-111.92361">
        <ele>1290.3</ele>
      </trkpt>
      <trkpt lat="40.71608" lon="-111.92347">
        <ele>1290.3</ele>
      </trkpt>
      <trkpt lat="40.71616" lon="-111.92329">
        <ele>1290.3</ele>
      </trkpt>
      <trkpt lat="40.71623" lon="-111.92314">
        <ele>1290.3</ele>
      </trkpt>
      <trkpt lat="40.71657" lon="-111.92221">
        <ele>1290.3</ele>
      </trkpt>
      <trkpt lat="40.71666" lon="-111.92206">
        <ele>1290.3</ele>
      </trkpt>
      <trkpt lat="40.71678" lon="-111.9219">
        <ele>1290.3</ele>
      </trkpt>
      <trkpt lat="40.71689" lon="-111.92178">
        <ele>1290.3</ele>
      </trkpt>
      <trkpt lat="40.71699" lon="-111.92169">
        <ele>1290.3</ele>
      </trkpt>
      <trkpt lat="40.7171" lon="-111.92162">
        <ele>1290.3</ele>
      </trkpt>
      <trkpt lat="40.71745" lon="-111.92144">
        <ele>1290.3</ele>
      </trkpt>
      <trkpt lat="40.71756" lon="-111.9214">
        <ele>1290.3</ele>
      </trkpt>
      <trkpt lat="40.71765" lon="-111.92138">
        <ele>1290.3</ele>
      </trkpt>
      <trkpt lat="40.71775" lon="-111.92136">
        <ele>1290.3</ele>
      </trkpt>
      <trkpt lat="40.71842" lon="-111.92138">
        <ele>1290.3</ele>
      </trkpt>
      <trkpt lat="40.71868" lon="-111.92137">
        <ele>1290.3</ele>
      </trkpt>
      <trkpt lat="40.71882" lon="-111.92135">
        <ele>1290.3</ele>
      </trkpt>
      <trkpt lat="40.71905" lon="-111.92128">
        <ele>1290.3</ele>
      </trkpt>
      <trkpt lat="40.71919" lon="-111.92122">
        <ele>1290.3</ele>
      </trkpt>
      <trkpt lat="40.71967" lon="-111.92096">
        <ele>1290.3</ele>
      </trkpt>
      <trkpt lat="40.72004" lon="-111.92078">
        <ele>1290.3</ele>
      </trkpt>
      <trkpt lat="40.7204" lon="-111.92058">
        <ele>1290.3</ele>
      </trkpt>
      <trkpt lat="40.72047" lon="-111.92055">
        <ele>1290.3</ele>
      </trkpt>
      <trkpt lat="40.72059" lon="-111.92053">
        <ele>1290.3</ele>
      </trkpt>
      <trkpt lat="40.72068" lon="-111.92052">
        <ele>1290.3</ele>
      </trkpt>
      <trkpt lat="40.72078" lon="-111.92054">
        <ele>1290.3</ele>
      </trkpt>
      <trkpt lat="40.72088" lon="-111.9206">
        <ele>1290.3</ele>
      </trkpt>
      <trkpt lat="40.72098" lon="-111.92069">
        <ele>1290.3</ele>
      </trkpt>
      <trkpt lat="40.72145" lon="-111.92125">
        <ele>1290.3</ele>
      </trkpt>
      <trkpt lat="40.72205" lon="-111.92201">
        <ele>1290.2</ele>
      </trkpt>
      <trkpt lat="40.72265" lon="-111.92276">
        <ele>1290.0</ele>
      </trkpt>
      <trkpt lat="40.7227" lon="-111.92286">
        <ele>1290.0</ele>
      </trkpt>
      <trkpt lat="40.72272" lon="-111.92292">
        <ele>1290.0</ele>
      </trkpt>
      <trkpt lat="40.72273" lon="-111.92313">
        <ele>1290.0</ele>
      </trkpt>
      <trkpt lat="40.72276" lon="-111.92319">
        <ele>1290.0</ele>
      </trkpt>
      <trkpt lat="40.72279" lon="-111.92324">
        <ele>1290.0</ele>
      </trkpt>
      <trkpt lat="40.7229" lon="-111.92338">
        <ele>1290.0</ele>
      </trkpt>
      <trkpt lat="40.72296" lon="-111.92343">
        <ele>1290.0</ele>
      </trkpt>
      <trkpt lat="40.72303" lon="-111.92344">
        <ele>1290.0</ele>
      </trkpt>
      <trkpt lat="40.72311" lon="-111.92343">
        <ele>1290.1</ele>
      </trkpt>
      <trkpt lat="40.72316" lon="-111.92344">
        <ele>1290.1</ele>
      </trkpt>
      <trkpt lat="40.72326" lon="-111.92351">
        <ele>1290.1</ele>
      </trkpt>
      <trkpt lat="40.7233" lon="-111.92341">
        <ele>1290.1</ele>
      </trkpt>
      <trkpt lat="40.72353" lon="-111.92279">
        <ele>1290.2</ele>
      </trkpt>
      <trkpt lat="40.72376" lon="-111.92221">
        <ele>1290.3</ele>
      </trkpt>
      <trkpt lat="40.72383" lon="-111.92195">
        <ele>1290.3</ele>
      </trkpt>
      <trkpt lat="40.72388" lon="-111.92175">
        <ele>1290.3</ele>
      </trkpt>
      <trkpt lat="40.72391" lon="-111.92151">
        <ele>1290.3</ele>
      </trkpt>
      <trkpt lat="40.72393" lon="-111.92113">
        <ele>1290.3</ele>
      </trkpt>
      <trkpt lat="40.72392" lon="-111.92083">
        <ele>1290.3</ele>
      </trkpt>
      <trkpt lat="40.72388" lon="-111.92036">
        <ele>1290.3</ele>
      </trkpt>
      <trkpt lat="40.72374" lon="-111.9193">
        <ele>1290.3</ele>
      </trkpt>
      <trkpt lat="40.72366" lon="-111.91855">
        <ele>1290.3</ele>
      </trkpt>
      <trkpt lat="40.72357" lon="-111.9178">
        <ele>1290.3</ele>
      </trkpt>
      <trkpt lat="40.72353" lon="-111.91701">
        <ele>1290.3</ele>
      </trkpt>
      <trkpt lat="40.72351" lon="-111.91663">
        <ele>1290.3</ele>
      </trkpt>
      <trkpt lat="40.72355" lon="-111.91663">
        <ele>1290.3</ele>
      </trkpt>
      <trkpt lat="40.72357" lon="-111.91705">
        <ele>1290.3</ele>
      </trkpt>
      <trkpt lat="40.72356" lon="-111.91714">
        <ele>1290.3</ele>
      </trkpt>
      <trkpt lat="40.72355" lon="-111.91717">
        <ele>1290.3</ele>
      </trkpt>
      <trkpt lat="40.72351" lon="-111.9172">
        <ele>1290.3</ele>
      </trkpt>
      <trkpt lat="40.7234" lon="-111.91722">
        <ele>1290.3</ele>
      </trkpt>
      <trkpt lat="40.72339" lon="-111.91664">
        <ele>1290.3</ele>
      </trkpt>
      <trkpt lat="40.72336" lon="-111.91569">
        <ele>1290.3</ele>
      </trkpt>
      <trkpt lat="40.72329" lon="-111.91487">
        <ele>1290.3</ele>
      </trkpt>
      <trkpt lat="40.72323" lon="-111.91404">
        <ele>1290.3</ele>
      </trkpt>
      <trkpt lat="40.72318" lon="-111.91318">
        <ele>1290.3</ele>
      </trkpt>
      <trkpt lat="40.72318" lon="-111.91278">
        <ele>1290.3</ele>
      </trkpt>
      <trkpt lat="40.72322" lon="-111.91229">
        <ele>1290.3</ele>
      </trkpt>
      <trkpt lat="40.72331" lon="-111.91171">
        <ele>1290.3</ele>
      </trkpt>
      <trkpt lat="40.72348" lon="-111.91098">
        <ele>1290.3</ele>
      </trkpt>
      <trkpt lat="40.72365" lon="-111.91025">
        <ele>1290.3</ele>
      </trkpt>
      <trkpt lat="40.7237" lon="-111.90995">
        <ele>1290.3</ele>
      </trkpt>
      <trkpt lat="40.72372" lon="-111.90964">
        <ele>1290.3</ele>
      </trkpt>
      <trkpt lat="40.72372" lon="-111.90933">
        <ele>1290.3</ele>
      </trkpt>
      <trkpt lat="40.72369" lon="-111.90902">
        <ele>1290.3</ele>
      </trkpt>
      <trkpt lat="40.72365" lon="-111.90871">
        <ele>1290.3</ele>
      </trkpt>
      <trkpt lat="40.72358" lon="-111.90841">
        <ele>1290.3</ele>
      </trkpt>
      <trkpt lat="40.72349" lon="-111.90813">
        <ele>1290.3</ele>
      </trkpt>
      <trkpt lat="40.72338" lon="-111.90785">
        <ele>1290.3</ele>
      </trkpt>
      <trkpt lat="40.72325" lon="-111.90759">
        <ele>1290.3</ele>
      </trkpt>
      <trkpt lat="40.7231" lon="-111.90736">
        <ele>1290.3</ele>
      </trkpt>
      <trkpt lat="40.72273" lon="-111.90681">
        <ele>1290.3</ele>
      </trkpt>
      <trkpt lat="40.72251" lon="-111.90643">
        <ele>1290.3</ele>
      </trkpt>
      <trkpt lat="40.7224" lon="-111.90606">
        <ele>1290.3</ele>
      </trkpt>
      <trkpt lat="40.72233" lon="-111.90578">
        <ele>1290.3</ele>
      </trkpt>
      <trkpt lat="40.72229" lon="-111.90543">
        <ele>1290.3</ele>
      </trkpt>
      <trkpt lat="40.72229" lon="-111.90459">
        <ele>1290.3</ele>
      </trkpt>
      <trkpt lat="40.72228" lon="-111.90374">
        <ele>1290.3</ele>
      </trkpt>
      <trkpt lat="40.72228" lon="-111.90308">
        <ele>1290.3</ele>
      </trkpt>
      <trkpt lat="40.72229" lon="-111.90296">
        <ele>1290.3</ele>
      </trkpt>
      <trkpt lat="40.72229" lon="-111.90261">
        <ele>1290.3</ele>
      </trkpt>
      <trkpt lat="40.72229" lon="-111.90177">
        <ele>1290.3</ele>
      </trkpt>
      <trkpt lat="40.72229" lon="-111.90093">
        <ele>1290.4</ele>
      </trkpt>
      <trkpt lat="40.72229" lon="-111.90009">
        <ele>1291.0</ele>
      </trkpt>
      <trkpt lat="40.7222" lon="-111.89989">
        <ele>1291.3</ele>
      </trkpt>
      <trkpt lat="40.72219" lon="-111.89989">
        <ele>1291.3</ele>
      </trkpt>
      <trkpt lat="40.722084" lon="-111.89971">
        <ele>1291.7</ele>
      </trkpt>
      <trkpt lat="40.722082" lon="-111.89965">
        <ele>1291.7</ele>
      </trkpt>
      <trkpt lat="40.72221" lon="-111.89965">
        <ele>1291.7</ele>
      </trkpt>
      <trkpt lat="40.72221" lon="-111.89967">
        <ele>1291.7</ele>
      </trkpt>
      <trkpt lat="40.72229" lon="-111.89964">
        <ele>1291.7</ele>
      </trkpt>
      <trkpt lat="40.72279" lon="-111.89965">
        <ele>1291.3</ele>
      </trkpt>
      <trkpt lat="40.72287" lon="-111.89972">
        <ele>1291.2</ele>
      </trkpt>
      <trkpt lat="40.72333" lon="-111.89972">
        <ele>1291.1</ele>
      </trkpt>
      <trkpt lat="40.7238" lon="-111.89972">
        <ele>1291.1</ele>
      </trkpt>
      <trkpt lat="40.72386" lon="-111.89965">
        <ele>1291.2</ele>
      </trkpt>
      <trkpt lat="40.72436" lon="-111.89964">
        <ele>1291.2</ele>
      </trkpt>
      <trkpt lat="40.72485" lon="-111.89963">
        <ele>1291.2</ele>
      </trkpt>
      <trkpt lat="40.72525" lon="-111.89964">
        <ele>1291.2</ele>
      </trkpt>
      <trkpt lat="40.72561" lon="-111.89963">
        <ele>1291.2</ele>
      </trkpt>
      <trkpt lat="40.72629" lon="-111.89963">
        <ele>1291.1</ele>
      </trkpt>
      <trkpt lat="40.72641" lon="-111.89965">
        <ele>1291.1</ele>
      </trkpt>
      <trkpt lat="40.72704" lon="-111.89965">
        <ele>1291.0</ele>
      </trkpt>
      <trkpt lat="40.72767" lon="-111.89965">
        <ele>1290.9</ele>
      </trkpt>
      <trkpt lat="40.7278" lon="-111.89971">
        <ele>1290.9</ele>
      </trkpt>
      <trkpt lat="40.7278" lon="-111.89985">
        <ele>1290.8</ele>
      </trkpt>
      <trkpt lat="40.72787" lon="-111.89985">
        <ele>1290.8</ele>
      </trkpt>
      <trkpt lat="40.72787" lon="-111.89985">
        <ele>1290.8</ele>
      </trkpt>
      <trkpt lat="40.72867" lon="-111.89984">
        <ele>1290.7</ele>
      </trkpt>
      <trkpt lat="40.72946" lon="-111.89984">
        <ele>1290.7</ele>
      </trkpt>
      <trkpt lat="40.73026" lon="-111.89984">
        <ele>1290.7</ele>
      </trkpt>
      <trkpt lat="40.73035" lon="-111.89984">
        <ele>1290.7</ele>
      </trkpt>
      <trkpt lat="40.73036" lon="-111.90024">
        <ele>1290.6</ele>
      </trkpt>
      <trkpt lat="40.73069" lon="-111.90025">
        <ele>1290.6</ele>
      </trkpt>
      <trkpt lat="40.73069" lon="-111.90096">
        <ele>1290.2</ele>
      </trkpt>
      <trkpt lat="40.73069" lon="-111.90168">
        <ele>1289.9</ele>
      </trkpt>
      <trkpt lat="40.73074" lon="-111.90183">
        <ele>1289.9</ele>
      </trkpt>
      <trkpt lat="40.73085" lon="-111.90183">
        <ele>1289.9</ele>
      </trkpt>
      <trkpt lat="40.73085" lon="-111.90183">
        <ele>1289.9</ele>
      </trkpt>
      <trkpt lat="40.73085" lon="-111.90183">
        <ele>1289.9</ele>
      </trkpt>
      <trkpt lat="40.7314" lon="-111.90184">
        <ele>1289.9</ele>
      </trkpt>
      <trkpt lat="40.73156" lon="-111.90183">
        <ele>1289.9</ele>
      </trkpt>
      <trkpt lat="40.73173" lon="-111.90187">
        <ele>1289.9</ele>
      </trkpt>
      <trkpt lat="40.73176" lon="-111.9019">
        <ele>1289.8</ele>
      </trkpt>
      <trkpt lat="40.73192" lon="-111.90191">
        <ele>1289.8</ele>
      </trkpt>
      <trkpt lat="40.73231" lon="-111.90193">
        <ele>1289.8</ele>
      </trkpt>
      <trkpt lat="40.73231" lon="-111.90222">
        <ele>1289.7</ele>
      </trkpt>
      <trkpt lat="40.73231" lon="-111.90222">
        <ele>1289.7</ele>
      </trkpt>
      <trkpt lat="40.73231" lon="-111.90251">
        <ele>1289.6</ele>
      </trkpt>
      <trkpt lat="40.73256" lon="-111.9025">
        <ele>1289.6</ele>
      </trkpt>
      <trkpt lat="40.73302" lon="-111.9025">
        <ele>1289.5</ele>
      </trkpt>
      <trkpt lat="40.73349" lon="-111.90251">
        <ele>1289.6</ele>
      </trkpt>
      <trkpt lat="40.73349" lon="-111.90349">
        <ele>1289.1</ele>
      </trkpt>
      <trkpt lat="40.7335" lon="-111.90447">
        <ele>1288.8</ele>
      </trkpt>
      <trkpt lat="40.73351" lon="-111.90545">
        <ele>1288.8</ele>
      </trkpt>
      <trkpt lat="40.73351" lon="-111.90662">
        <ele>1288.8</ele>
      </trkpt>
      <trkpt lat="40.73351" lon="-111.9078">
        <ele>1288.8</ele>
      </trkpt>
      <trkpt lat="40.73356" lon="-111.90788">
        <ele>1288.8</ele>
      </trkpt>
      <trkpt lat="40.73357" lon="-111.90828">
        <ele>1288.8</ele>
      </trkpt>
      <trkpt lat="40.73357" lon="-111.90907">
        <ele>1288.9</ele>
      </trkpt>
      <trkpt lat="40.73352" lon="-111.90915">
        <ele>1288.9</ele>
      </trkpt>
      <trkpt lat="40.73352" lon="-111.91016">
        <ele>1288.9</ele>
      </trkpt>
      <trkpt lat="40.73352" lon="-111.91118">
        <ele>1289.0</ele>
      </trkpt>
      <trkpt lat="40.73352" lon="-111.91235">
        <ele>1289.1</ele>
      </trkpt>
      <trkpt lat="40.73351" lon="-111.91353">
        <ele>1288.9</ele>
      </trkpt>
      <trkpt lat="40.73351" lon="-111.9147">
        <ele>1288.8</ele>
      </trkpt>
      <trkpt lat="40.73351" lon="-111.91588">
        <ele>1288.8</ele>
      </trkpt>
      <trkpt lat="40.73351" lon="-111.91705">
        <ele>1288.8</ele>
      </trkpt>
      <trkpt lat="40.73351" lon="-111.91823">
        <ele>1289.1</ele>
      </trkpt>
      <trkpt lat="40.73351" lon="-111.9194">
        <ele>1289.1</ele>
      </trkpt>
      <trkpt lat="40.73351" lon="-111.92058">
        <ele>1289.1</ele>
      </trkpt>
      <trkpt lat="40.73351" lon="-111.92176">
        <ele>1289.1</ele>
      </trkpt>
      <trkpt lat="40.73351" lon="-111.92293">
        <ele>1288.9</ele>
      </trkpt>
      <trkpt lat="40.73363" lon="-111.92294">
        <ele>1288.9</ele>
      </trkpt>
      <trkpt lat="40.73364" lon="-111.92295">
        <ele>1288.9</ele>
      </trkpt>
      <trkpt lat="40.73369" lon="-111.92293">
        <ele>1288.9</ele>
      </trkpt>
      <trkpt lat="40.73387" lon="-111.92293">
        <ele>1288.9</ele>
      </trkpt>
      <trkpt lat="40.73396" lon="-111.92295">
        <ele>1288.9</ele>
      </trkpt>
      <trkpt lat="40.73412" lon="-111.92305">
        <ele>1288.9</ele>
      </trkpt>
      <trkpt lat="40.73431" lon="-111.92307">
        <ele>1288.9</ele>
      </trkpt>
      <trkpt lat="40.73437" lon="-111.92307">
        <ele>1288.9</ele>
      </trkpt>
      <trkpt lat="40.73437" lon="-111.92307">
        <ele>1288.9</ele>
      </trkpt>
      <trkpt lat="40.73437" lon="-111.92307">
        <ele>1288.9</ele>
      </trkpt>
      <trkpt lat="40.73439" lon="-111.92307">
        <ele>1288.9</ele>
      </trkpt>
      <trkpt lat="40.73491" lon="-111.92284">
        <ele>1288.9</ele>
      </trkpt>
      <trkpt lat="40.73544" lon="-111.92261">
        <ele>1288.8</ele>
      </trkpt>
      <trkpt lat="40.7355" lon="-111.9226">
        <ele>1288.8</ele>
      </trkpt>
      <trkpt lat="40.73583" lon="-111.92259">
        <ele>1288.8</ele>
      </trkpt>
      <trkpt lat="40.73604" lon="-111.92266">
        <ele>1288.8</ele>
      </trkpt>
      <trkpt lat="40.7363" lon="-111.92279">
        <ele>1288.8</ele>
      </trkpt>
      <trkpt lat="40.73646" lon="-111.92289">
        <ele>1288.8</ele>
      </trkpt>
      <trkpt lat="40.73668" lon="-111.92301">
        <ele>1288.8</ele>
      </trkpt>
      <trkpt lat="40.73682" lon="-111.92304">
        <ele>1288.8</ele>
      </trkpt>
      <trkpt lat="40.73697" lon="-111.92302">
        <ele>1288.8</ele>
      </trkpt>
      <trkpt lat="40.73706" lon="-111.92299">
        <ele>1288.8</ele>
      </trkpt>
      <trkpt lat="40.73715" lon="-111.92293">
        <ele>1288.8</ele>
      </trkpt>
      <trkpt lat="40.73735" lon="-111.92274">
        <ele>1288.8</ele>
      </trkpt>
      <trkpt lat="40.73762" lon="-111.92261">
        <ele>1288.8</ele>
      </trkpt>
      <trkpt lat="40.73805" lon="-111.92233">
        <ele>1288.8</ele>
      </trkpt>
      <trkpt lat="40.73844" lon="-111.92203">
        <ele>1288.8</ele>
      </trkpt>
      <trkpt lat="40.7387" lon="-111.92196">
        <ele>1288.8</ele>
      </trkpt>
      <trkpt lat="40.73938" lon="-111.92195">
        <ele>1288.8</ele>
      </trkpt>
      <trkpt lat="40.73948" lon="-111.922">
        <ele>1288.8</ele>
      </trkpt>
      <trkpt lat="40.73958" lon="-111.92212">
        <ele>1288.8</ele>
      </trkpt>
      <trkpt lat="40.73978" lon="-111.92256">
        <ele>1288.8</ele>
      </trkpt>
      <trkpt lat="40.73992" lon="-111.92276">
        <ele>1288.8</ele>
      </trkpt>
      <trkpt lat="40.74" lon="-111.92277">
        <ele>1288.8</ele>
      </trkpt>
      <trkpt lat="40.74002" lon="-111.92283">
        <ele>1288.8</ele>
      </trkpt>
      <trkpt lat="40.74017" lon="-111.92315">
        <ele>1288.8</ele>
      </trkpt>
      <trkpt lat="40.74021" lon="-111.92322">
        <ele>1288.8</ele>
      </trkpt>
      <trkpt lat="40.74027" lon="-111.92327">
        <ele>1288.8</ele>
      </trkpt>
      <trkpt lat="40.74038" lon="-111.9233">
        <ele>1288.8</ele>
      </trkpt>
      <trkpt lat="40.74039" lon="-111.92308">
        <ele>1288.8</ele>
      </trkpt>
      <trkpt lat="40.7404" lon="-111.92308">
        <ele>1288.8</ele>
      </trkpt>
      <trkpt lat="40.74049" lon="-111.92308">
        <ele>1288.8</ele>
      </trkpt>
      <trkpt lat="40.74049" lon="-111.92338">
        <ele>1288.8</ele>
      </trkpt>
      <trkpt lat="40.74132" lon="-111.92338">
        <ele>1288.8</ele>
      </trkpt>
      <trkpt lat="40.74153" lon="-111.92339">
        <ele>1288.8</ele>
      </trkpt>
      <trkpt lat="40.74163" lon="-111.92341">
        <ele>1288.7</ele>
      </trkpt>
      <trkpt lat="40.742" lon="-111.92351">
        <ele>1288.6</ele>
      </trkpt>
      <trkpt lat="40.74215" lon="-111.92351">
        <ele>1288.6</ele>
      </trkpt>
      <trkpt lat="40.74225" lon="-111.9235">
        <ele>1288.6</ele>
      </trkpt>
      <trkpt lat="40.7423" lon="-111.92347">
        <ele>1288.7</ele>
      </trkpt>
      <trkpt lat="40.74234" lon="-111.92344">
        <ele>1288.7</ele>
      </trkpt>
      <trkpt lat="40.74283" lon="-111.92292">
        <ele>1288.8</ele>
      </trkpt>
      <trkpt lat="40.74291" lon="-111.92287">
        <ele>1288.8</ele>
      </trkpt>
      <trkpt lat="40.74302" lon="-111.92282">
        <ele>1288.9</ele>
      </trkpt>
      <trkpt lat="40.74308" lon="-111.92281">
        <ele>1289.0</ele>
      </trkpt>
      <trkpt lat="40.74322" lon="-111.92281">
        <ele>1289.2</ele>
      </trkpt>
      <trkpt lat="40.74323" lon="-111.9227">
        <ele>1289.2</ele>
      </trkpt>
      <trkpt lat="40.74323" lon="-111.92237">
        <ele>1289.1</ele>
      </trkpt>
      <trkpt lat="40.74323" lon="-111.92237">
        <ele>1289.1</ele>
      </trkpt>
      <trkpt lat="40.74323" lon="-111.92207">
        <ele>1288.9</ele>
      </trkpt>
      <trkpt lat="40.74322" lon="-111.922">
        <ele>1288.9</ele>
      </trkpt>
      <trkpt lat="40.74329" lon="-111.92199">
        <ele>1288.9</ele>
      </trkpt>
      <trkpt lat="40.74329" lon="-111.9218">
        <ele>1288.8</ele>
      </trkpt>
      <trkpt lat="40.74325" lon="-111.92109">
        <ele>1288.8</ele>
      </trkpt>
      <trkpt lat="40.74325" lon="-111.92014">
        <ele>1288.8</ele>
      </trkpt>
      <trkpt lat="40.74326" lon="-111.91918">
        <ele>1288.8</ele>
      </trkpt>
      <trkpt lat="40.74336" lon="-111.9192">
        <ele>1288.8</ele>
      </trkpt>
      <trkpt lat="40.74353" lon="-111.91915">
        <ele>1288.8</ele>
      </trkpt>
      <trkpt lat="40.74371" lon="-111.91913">
        <ele>1288.8</ele>
      </trkpt>
      <trkpt lat="40.74379" lon="-111.91915">
        <ele>1288.8</ele>
      </trkpt>
      <trkpt lat="40.74384" lon="-111.91917">
        <ele>1288.8</ele>
      </trkpt>
      <trkpt lat="40.74409" lon="-111.91929">
        <ele>1288.8</ele>
      </trkpt>
      <trkpt lat="40.74415" lon="-111.91935">
        <ele>1288.8</ele>
      </trkpt>
      <trkpt lat="40.74419" lon="-111.91947">
        <ele>1288.8</ele>
      </trkpt>
      <trkpt lat="40.74419" lon="-111.91961">
        <ele>1288.8</ele>
      </trkpt>
      <trkpt lat="40.74416" lon="-111.91987">
        <ele>1288.8</ele>
      </trkpt>
      <trkpt lat="40.74416" lon="-111.92009">
        <ele>1288.8</ele>
      </trkpt>
      <trkpt lat="40.74418" lon="-111.92037">
        <ele>1288.8</ele>
      </trkpt>
      <trkpt lat="40.7442" lon="-111.92053">
        <ele>1288.8</ele>
      </trkpt>
      <trkpt lat="40.74419" lon="-111.92071">
        <ele>1288.8</ele>
      </trkpt>
      <trkpt lat="40.74421" lon="-111.92084">
        <ele>1288.8</ele>
      </trkpt>
      <trkpt lat="40.74427" lon="-111.92092">
        <ele>1288.8</ele>
      </trkpt>
      <trkpt lat="40.74433" lon="-111.92097">
        <ele>1288.8</ele>
      </trkpt>
      <trkpt lat="40.74439" lon="-111.92098">
        <ele>1288.8</ele>
      </trkpt>
      <trkpt lat="40.74449" lon="-111.92094">
        <ele>1288.8</ele>
      </trkpt>
      <trkpt lat="40.74459" lon="-111.92083">
        <ele>1288.8</ele>
      </trkpt>
      <trkpt lat="40.74485" lon="-111.92062">
        <ele>1288.8</ele>
      </trkpt>
      <trkpt lat="40.7449" lon="-111.9206">
        <ele>1288.8</ele>
      </trkpt>
      <trkpt lat="40.74494" lon="-111.92059">
        <ele>1288.8</ele>
      </trkpt>
      <trkpt lat="40.74512" lon="-111.92062">
        <ele>1288.8</ele>
      </trkpt>
      <trkpt lat="40.74516" lon="-111.92061">
        <ele>1288.8</ele>
      </trkpt>
      <trkpt lat="40.74527" lon="-111.92055">
        <ele>1288.8</ele>
      </trkpt>
      <trkpt lat="40.74539" lon="-111.9205">
        <ele>1288.8</ele>
      </trkpt>
      <trkpt lat="40.74551" lon="-111.92051">
        <ele>1288.8</ele>
      </trkpt>
      <trkpt lat="40.74568" lon="-111.92067">
        <ele>1288.8</ele>
      </trkpt>
      <trkpt lat="40.74581" lon="-111.92074">
        <ele>1288.8</ele>
      </trkpt>
      <trkpt lat="40.7461" lon="-111.92073">
        <ele>1288.8</ele>
      </trkpt>
      <trkpt lat="40.74627" lon="-111.9208">
        <ele>1288.8</ele>
      </trkpt>
      <trkpt lat="40.74639" lon="-111.92091">
        <ele>1288.8</ele>
      </trkpt>
      <trkpt lat="40.74648" lon="-111.92109">
        <ele>1288.8</ele>
      </trkpt>
      <trkpt lat="40.74657" lon="-111.92135">
        <ele>1288.8</ele>
      </trkpt>
      <trkpt lat="40.74667" lon="-111.92156">
        <ele>1288.8</ele>
      </trkpt>
      <trkpt lat="40.74677" lon="-111.92174">
        <ele>1288.8</ele>
      </trkpt>
      <trkpt lat="40.74697" lon="-111.92204">
        <ele>1288.8</ele>
      </trkpt>
      <trkpt lat="40.74709" lon="-111.92214">
        <ele>1288.8</ele>
      </trkpt>
      <trkpt lat="40.74731" lon="-111.92219">
        <ele>1288.8</ele>
      </trkpt>
      <trkpt lat="40.74762" lon="-111.9222">
        <ele>1288.8</ele>
      </trkpt>
      <trkpt lat="40.74778" lon="-111.92213">
        <ele>1288.8</ele>
      </trkpt>
      <trkpt lat="40.74806" lon="-111.92176">
        <ele>1288.8</ele>
      </trkpt>
      <trkpt lat="40.74816" lon="-111.92149">
        <ele>1288.9</ele>
      </trkpt>
      <trkpt lat="40.74823" lon="-111.9212">
        <ele>1289.0</ele>
      </trkpt>
      <trkpt lat="40.74847" lon="-111.92075">
        <ele>1289.5</ele>
      </trkpt>
      <trkpt lat="40.74864" lon="-111.92047">
        <ele>1289.9</ele>
      </trkpt>
      <trkpt lat="40.74876" lon="-111.92024">
        <ele>1290.1</ele>
      </trkpt>
      <trkpt lat="40.74881" lon="-111.92012">
        <ele>1290.2</ele>
      </trkpt>
      <trkpt lat="40.74889" lon="-111.91979">
        <ele>1290.4</ele>
      </trkpt>
      <trkpt lat="40.74898" lon="-111.91952">
        <ele>1290.6</ele>
      </trkpt>
      <trkpt lat="40.74899" lon="-111.91936">
        <ele>1290.6</ele>
      </trkpt>
      <trkpt lat="40.74897" lon="-111.9191">
        <ele>1290.6</ele>
      </trkpt>
      <trkpt lat="40.74946" lon="-111.91917">
        <ele>1291.6</ele>
      </trkpt>
      <trkpt lat="40.74961" lon="-111.91925">
        <ele>1291.8</ele>
      </trkpt>
      <trkpt lat="40.74973" lon="-111.91925">
        <ele>1291.9</ele>
      </trkpt>
      <trkpt lat="40.74983" lon="-111.91927">
        <ele>1292.0</ele>
      </trkpt>
      <trkpt lat="40.75019" lon="-111.91963">
        <ele>1292.1</ele>
      </trkpt>
      <trkpt lat="40.75025" lon="-111.9197">
        <ele>1292.1</ele>
      </trkpt>
      <trkpt lat="40.75029" lon="-111.91984">
        <ele>1292.1</ele>
      </trkpt>
      <trkpt lat="40.75031" lon="-111.91997">
        <ele>1292.2</ele>
      </trkpt>
      <trkpt lat="40.75031" lon="-111.92034">
        <ele>1292.0</ele>
      </trkpt>
      <trkpt lat="40.75029" lon="-111.92053">
        <ele>1291.7</ele>
      </trkpt>
      <trkpt lat="40.75026" lon="-111.92068">
        <ele>1291.5</ele>
      </trkpt>
      <trkpt lat="40.75017" lon="-111.92099">
        <ele>1291.5</ele>
      </trkpt>
      <trkpt lat="40.75019" lon="-111.92109">
        <ele>1291.5</ele>
      </trkpt>
      <trkpt lat="40.75025" lon="-111.92118">
        <ele>1290.9</ele>
      </trkpt>
      <trkpt lat="40.75035" lon="-111.92118">
        <ele>1290.5</ele>
      </trkpt>
      <trkpt lat="40.75068" lon="-111.92106">
        <ele>1289.3</ele>
      </trkpt>
      <trkpt lat="40.75103" lon="-111.92098">
        <ele>1288.7</ele>
      </trkpt>
      <trkpt lat="40.75129" lon="-111.92098">
        <ele>1288.8</ele>
      </trkpt>
      <trkpt lat="40.75137" lon="-111.92097">
        <ele>1288.8</ele>
      </trkpt>
      <trkpt lat="40.75147" lon="-111.92101">
        <ele>1288.7</ele>
      </trkpt>
      <trkpt lat="40.75149" lon="-111.92101">
        <ele>1288.7</ele>
      </trkpt>
      <trkpt lat="40.75153" lon="-111.92104">
        <ele>1288.7</ele>
      </trkpt>
      <trkpt lat="40.75152" lon="-111.92109">
        <ele>1288.6</ele>
      </trkpt>
      <trkpt lat="40.75146" lon="-111.92136">
        <ele>1288.5</ele>
      </trkpt>
      <trkpt lat="40.75145" lon="-111.92142">
        <ele>1288.5</ele>
      </trkpt>
      <trkpt lat="40.75152" lon="-111.92148">
        <ele>1288.4</ele>
      </trkpt>
      <trkpt lat="40.75166" lon="-111.92152">
        <ele>1288.4</ele>
      </trkpt>
      <trkpt lat="40.7519" lon="-111.92163">
        <ele>1288.7</ele>
      </trkpt>
      <trkpt lat="40.75218" lon="-111.92175">
        <ele>1288.7</ele>
      </trkpt>
      <trkpt lat="40.75235" lon="-111.92181">
        <ele>1288.6</ele>
      </trkpt>
      <trkpt lat="40.75244" lon="-111.92185">
        <ele>1288.5</ele>
      </trkpt>
      <trkpt lat="40.75248" lon="-111.92189">
        <ele>1288.5</ele>
      </trkpt>
      <trkpt lat="40.75252" lon="-111.92196">
        <ele>1288.6</ele>
      </trkpt>
      <trkpt lat="40.75254" lon="-111.92204">
        <ele>1288.6</ele>
      </trkpt>
      <trkpt lat="40.75255" lon="-111.92225">
        <ele>1288.5</ele>
      </trkpt>
      <trkpt lat="40.75259" lon="-111.92231">
        <ele>1288.5</ele>
      </trkpt>
      <trkpt lat="40.75266" lon="-111.92234">
        <ele>1288.5</ele>
      </trkpt>
      <trkpt lat="40.75294" lon="-111.92236">
        <ele>1288.5</ele>
      </trkpt>
      <trkpt lat="40.75299" lon="-111.92237">
        <ele>1288.5</ele>
      </trkpt>
      <trkpt lat="40.75303" lon="-111.92239">
        <ele>1288.5</ele>
      </trkpt>
      <trkpt lat="40.75306" lon="-111.92242">
        <ele>1288.5</ele>
      </trkpt>
      <trkpt lat="40.75309" lon="-111.92247">
        <ele>1288.5</ele>
      </trkpt>
      <trkpt lat="40.75309" lon="-111.92254">
        <ele>1288.5</ele>
      </trkpt>
      <trkpt lat="40.75309" lon="-111.92265">
        <ele>1288.3</ele>
      </trkpt>
      <trkpt lat="40.75309" lon="-111.92265">
        <ele>1288.3</ele>
      </trkpt>
      <trkpt lat="40.75309" lon="-111.92284">
        <ele>1287.7</ele>
      </trkpt>
      <trkpt lat="40.7531" lon="-111.92289">
        <ele>1287.7</ele>
      </trkpt>
      <trkpt lat="40.75313" lon="-111.92292">
        <ele>1287.8</ele>
      </trkpt>
      <trkpt lat="40.75318" lon="-111.92294">
        <ele>1287.9</ele>
      </trkpt>
      <trkpt lat="40.75364" lon="-111.92291">
        <ele>1287.9</ele>
      </trkpt>
      <trkpt lat="40.75386" lon="-111.92268">
        <ele>1289.0</ele>
      </trkpt>
      <trkpt lat="40.75394" lon="-111.92262">
        <ele>1289.2</ele>
      </trkpt>
      <trkpt lat="40.75403" lon="-111.92258">
        <ele>1289.2</ele>
      </trkpt>
      <trkpt lat="40.75411" lon="-111.92259">
        <ele>1289.0</ele>
      </trkpt>
      <trkpt lat="40.75411" lon="-111.92258">
        <ele>1289.0</ele>
      </trkpt>
      <trkpt lat="40.75411" lon="-111.92258">
        <ele>1289.0</ele>
      </trkpt>
      <trkpt lat="40.75411" lon="-111.92259">
        <ele>1289.0</ele>
      </trkpt>
      <trkpt lat="40.75426" lon="-111.92259">
        <ele>1288.3</ele>
      </trkpt>
      <trkpt lat="40.75435" lon="-111.92255">
        <ele>1288.2</ele>
      </trkpt>
      <trkpt lat="40.75464" lon="-111.9225">
        <ele>1288.0</ele>
      </trkpt>
      <trkpt lat="40.75482" lon="-111.92248">
        <ele>1288.2</ele>
      </trkpt>
      <trkpt lat="40.7556" lon="-111.92248">
        <ele>1288.2</ele>
      </trkpt>
      <trkpt lat="40.75591" lon="-111.92251">
        <ele>1288.1</ele>
      </trkpt>
      <trkpt lat="40.75607" lon="-111.92248">
        <ele>1288.4</ele>
      </trkpt>
      <trkpt lat="40.75617" lon="-111.92243">
        <ele>1288.8</ele>
      </trkpt>
      <trkpt lat="40.75622" lon="-111.92242">
        <ele>1288.9</ele>
      </trkpt>
      <trkpt lat="40.75625" lon="-111.92243">
        <ele>1288.8</ele>
      </trkpt>
      <trkpt lat="40.75632" lon="-111.9224">
        <ele>1289.0</ele>
      </trkpt>
      <trkpt lat="40.75663" lon="-111.92239">
        <ele>1289.3</ele>
      </trkpt>
      <trkpt lat="40.75686" lon="-111.92243">
        <ele>1289.5</ele>
      </trkpt>
      <trkpt lat="40.75701" lon="-111.92249">
        <ele>1289.4</ele>
      </trkpt>
      <trkpt lat="40.75712" lon="-111.92257">
        <ele>1289.4</ele>
      </trkpt>
      <trkpt lat="40.75719" lon="-111.92267">
        <ele>1289.4</ele>
      </trkpt>
      <trkpt lat="40.75737" lon="-111.92288">
        <ele>1289.0</ele>
      </trkpt>
      <trkpt lat="40.75747" lon="-111.92296">
        <ele>1288.6</ele>
      </trkpt>
      <trkpt lat="40.7576" lon="-111.92301">
        <ele>1288.7</ele>
      </trkpt>
      <trkpt lat="40.75775" lon="-111.92302">
        <ele>1288.8</ele>
      </trkpt>
      <trkpt lat="40.75803" lon="-111.92301">
        <ele>1288.9</ele>
      </trkpt>
      <trkpt lat="40.75812" lon="-111.92303">
        <ele>1288.8</ele>
      </trkpt>
      <trkpt lat="40.75825" lon="-111.92308">
        <ele>1288.4</ele>
      </trkpt>
      <trkpt lat="40.75839" lon="-111.92309">
        <ele>1288.4</ele>
      </trkpt>
      <trkpt lat="40.75892" lon="-111.92309">
        <ele>1288.3</ele>
      </trkpt>
      <trkpt lat="40.75973" lon="-111.92311">
        <ele>1288.2</ele>
      </trkpt>
      <trkpt lat="40.75994" lon="-111.92316">
        <ele>1288.1</ele>
      </trkpt>
      <trkpt lat="40.76032" lon="-111.92337">
        <ele>1287.3</ele>
      </trkpt>
      <trkpt lat="40.76037" lon="-111.92338">
        <ele>1287.2</ele>
      </trkpt>
      <trkpt lat="40.76047" lon="-111.92339">
        <ele>1287.2</ele>
      </trkpt>
      <trkpt lat="40.76055" lon="-111.92338">
        <ele>1287.2</ele>
      </trkpt>
      <trkpt lat="40.76077" lon="-111.92343">
        <ele>1287.2</ele>
      </trkpt>
      <trkpt lat="40.76121" lon="-111.92365">
        <ele>1287.2</ele>
      </trkpt>
      <trkpt lat="40.76191" lon="-111.92386">
        <ele>1287.2</ele>
      </trkpt>
      <trkpt lat="40.76238" lon="-111.92401">
        <ele>1287.2</ele>
      </trkpt>
      <trkpt lat="40.76276" lon="-111.92406">
        <ele>1287.3</ele>
      </trkpt>
      <trkpt lat="40.76287" lon="-111.92408">
        <ele>1287.3</ele>
      </trkpt>
      <trkpt lat="40.76299" lon="-111.92414">
        <ele>1287.3</ele>
      </trkpt>
      <trkpt lat="40.76304" lon="-111.92421">
        <ele>1287.2</ele>
      </trkpt>
      <trkpt lat="40.76307" lon="-111.92427">
        <ele>1287.2</ele>
      </trkpt>
      <trkpt lat="40.7631" lon="-111.92446">
        <ele>1287.2</ele>
      </trkpt>
      <trkpt lat="40.76308" lon="-111.92466">
        <ele>1287.2</ele>
      </trkpt>
      <trkpt lat="40.7631" lon="-111.92484">
        <ele>1287.2</ele>
      </trkpt>
      <trkpt lat="40.76311" lon="-111.92512">
        <ele>1287.2</ele>
      </trkpt>
      <trkpt lat="40.76315" lon="-111.92575">
        <ele>1287.2</ele>
      </trkpt>
      <trkpt lat="40.76319" lon="-111.92587">
        <ele>1287.2</ele>
      </trkpt>
      <trkpt lat="40.76327" lon="-111.92596">
        <ele>1287.2</ele>
      </trkpt>
      <trkpt lat="40.76333" lon="-111.92601">
        <ele>1287.2</ele>
      </trkpt>
      <trkpt lat="40.76343" lon="-111.92606">
        <ele>1287.2</ele>
      </trkpt>
      <trkpt lat="40.76356" lon="-111.92607">
        <ele>1287.2</ele>
      </trkpt>
      <trkpt lat="40.76418" lon="-111.92598">
        <ele>1287.2</ele>
      </trkpt>
      <trkpt lat="40.76438" lon="-111.92603">
        <ele>1287.2</ele>
      </trkpt>
      <trkpt lat="40.76444" lon="-111.92608">
        <ele>1287.2</ele>
      </trkpt>
      <trkpt lat="40.76477" lon="-111.92608">
        <ele>1287.2</ele>
      </trkpt>
      <trkpt lat="40.76482" lon="-111.926">
        <ele>1287.2</ele>
      </trkpt>
      <trkpt lat="40.76482" lon="-111.92576">
        <ele>1287.2</ele>
      </trkpt>
      <trkpt lat="40.76483" lon="-111.9257">
        <ele>1287.2</ele>
      </trkpt>
      <trkpt lat="40.76489" lon="-111.92567">
        <ele>1287.3</ele>
      </trkpt>
      <trkpt lat="40.76507" lon="-111.92568">
        <ele>1287.3</ele>
      </trkpt>
      <trkpt lat="40.76514" lon="-111.92568">
        <ele>1287.3</ele>
      </trkpt>
      <trkpt lat="40.76513" lon="-111.92603">
        <ele>1287.2</ele>
      </trkpt>
      <trkpt lat="40.76522" lon="-111.92613">
        <ele>1287.2</ele>
      </trkpt>
      <trkpt lat="40.76583" lon="-111.92613">
        <ele>1287.2</ele>
      </trkpt>
      <trkpt lat="40.7659" lon="-111.92609">
        <ele>1287.2</ele>
      </trkpt>
      <trkpt lat="40.76656" lon="-111.92596">
        <ele>1287.2</ele>
      </trkpt>
      <trkpt lat="40.76732" lon="-111.92598">
        <ele>1287.2</ele>
      </trkpt>
      <trkpt lat="40.76809" lon="-111.92607">
        <ele>1287.2</ele>
      </trkpt>
      <trkpt lat="40.7682" lon="-111.92606">
        <ele>1287.2</ele>
      </trkpt>
      <trkpt lat="40.7682" lon="-111.92606">
        <ele>1287.2</ele>
      </trkpt>
      <trkpt lat="40.76877" lon="-111.92598">
        <ele>1287.2</ele>
      </trkpt>
      <trkpt lat="40.76885" lon="-111.9259">
        <ele>1287.2</ele>
      </trkpt>
      <trkpt lat="40.76915" lon="-111.92586">
        <ele>1287.2</ele>
      </trkpt>
      <trkpt lat="40.76924" lon="-111.92585">
        <ele>1287.2</ele>
      </trkpt>
      <trkpt lat="40.76942" lon="-111.92578">
        <ele>1287.2</ele>
      </trkpt>
      <trkpt lat="40.76973" lon="-111.92563">
        <ele>1287.2</ele>
      </trkpt>
      <trkpt lat="40.76991" lon="-111.92558">
        <ele>1287.2</ele>
      </trkpt>
      <trkpt lat="40.77028" lon="-111.92554">
        <ele>1287.2</ele>
      </trkpt>
      <trkpt lat="40.7705" lon="-111.92555">
        <ele>1287.2</ele>
      </trkpt>
      <trkpt lat="40.77069" lon="-111.9256">
        <ele>1287.2</ele>
      </trkpt>
      <trkpt lat="40.77095" lon="-111.92571">
        <ele>1287.2</ele>
      </trkpt>
      <trkpt lat="40.77114" lon="-111.92576">
        <ele>1287.2</ele>
      </trkpt>
      <trkpt lat="40.7712" lon="-111.9257">
        <ele>1287.2</ele>
      </trkpt>
      <trkpt lat="40.77122" lon="-111.92558">
        <ele>1287.2</ele>
      </trkpt>
      <trkpt lat="40.77122" lon="-111.92535">
        <ele>1287.2</ele>
      </trkpt>
      <trkpt lat="40.77124" lon="-111.92532">
        <ele>1287.2</ele>
      </trkpt>
      <trkpt lat="40.77132" lon="-111.92533">
        <ele>1287.2</ele>
      </trkpt>
      <trkpt lat="40.77134" lon="-111.92531">
        <ele>1287.2</ele>
      </trkpt>
      <trkpt lat="40.77166" lon="-111.92531">
        <ele>1287.2</ele>
      </trkpt>
      <trkpt lat="40.77164" lon="-111.92571">
        <ele>1287.2</ele>
      </trkpt>
      <trkpt lat="40.77171" lon="-111.92574">
        <ele>1287.2</ele>
      </trkpt>
      <trkpt lat="40.77176" lon="-111.92586">
        <ele>1287.1</ele>
      </trkpt>
      <trkpt lat="40.7718" lon="-111.9259">
        <ele>1287.1</ele>
      </trkpt>
      <trkpt lat="40.77183" lon="-111.92591">
        <ele>1287.1</ele>
      </trkpt>
      <trkpt lat="40.77207" lon="-111.92592">
        <ele>1287.1</ele>
      </trkpt>
      <trkpt lat="40.77214" lon="-111.926">
        <ele>1287.1</ele>
      </trkpt>
      <trkpt lat="40.77249" lon="-111.92601">
        <ele>1287.1</ele>
      </trkpt>
      <trkpt lat="40.7725" lon="-111.92602">
        <ele>1287.1</ele>
      </trkpt>
      <trkpt lat="40.7725" lon="-111.92608">
        <ele>1287.1</ele>
      </trkpt>
      <trkpt lat="40.7725" lon="-111.92638">
        <ele>1287.1</ele>
      </trkpt>
      <trkpt lat="40.7725" lon="-111.92649">
        <ele>1287.1</ele>
      </trkpt>
      <trkpt lat="40.77272" lon="-111.92651">
        <ele>1287.2</ele>
      </trkpt>
      <trkpt lat="40.77284" lon="-111.92653">
        <ele>1287.2</ele>
      </trkpt>
      <trkpt lat="40.77299" lon="-111.9266">
        <ele>1287.2</ele>
      </trkpt>
      <trkpt lat="40.77316" lon="-111.92672">
        <ele>1287.2</ele>
      </trkpt>
      <trkpt lat="40.77324" lon="-111.9268">
        <ele>1287.2</ele>
      </trkpt>
      <trkpt lat="40.77353" lon="-111.92723">
        <ele>1287.2</ele>
      </trkpt>
      <trkpt lat="40.77374" lon="-111.92702">
        <ele>1287.2</ele>
      </trkpt>
      <trkpt lat="40.77397" lon="-111.92733">
        <ele>1287.2</ele>
      </trkpt>
      <trkpt lat="40.77434" lon="-111.92791">
        <ele>1287.2</ele>
      </trkpt>
      <trkpt lat="40.77481" lon="-111.92864">
        <ele>1286.9</ele>
      </trkpt>
      <trkpt lat="40.77528" lon="-111.92936">
        <ele>1286.7</ele>
      </trkpt>
      <trkpt lat="40.77575" lon="-111.93009">
        <ele>1287.1</ele>
      </trkpt>
      <trkpt lat="40.77587" lon="-111.93038">
        <ele>1287.1</ele>
      </trkpt>
      <trkpt lat="40.77597" lon="-111.93066">
        <ele>1287.2</ele>
      </trkpt>
      <trkpt lat="40.77603" lon="-111.93093">
        <ele>1287.2</ele>
      </trkpt>
      <trkpt lat="40.77604" lon="-111.93112">
        <ele>1287.2</ele>
      </trkpt>
      <trkpt lat="40.77602" lon="-111.93135">
        <ele>1287.2</ele>
      </trkpt>
      <trkpt lat="40.77602" lon="-111.93158">
        <ele>1287.1</ele>
      </trkpt>
      <trkpt lat="40.77607" lon="-111.93179">
        <ele>1287.0</ele>
      </trkpt>
      <trkpt lat="40.77623" lon="-111.9321">
        <ele>1287.1</ele>
      </trkpt>
      <trkpt lat="40.77655" lon="-111.93268">
        <ele>1287.1</ele>
      </trkpt>
      <trkpt lat="40.77679" lon="-111.93307">
        <ele>1287.0</ele>
      </trkpt>
      <trkpt lat="40.77704" lon="-111.93344">
        <ele>1287.1</ele>
      </trkpt>
      <trkpt lat="40.77728" lon="-111.93375">
        <ele>1287.1</ele>
      </trkpt>
      <trkpt lat="40.77737" lon="-111.93393">
        <ele>1287.1</ele>
      </trkpt>
      <trkpt lat="40.77763" lon="-111.93465">
        <ele>1286.9</ele>
      </trkpt>
      <trkpt lat="40.77772" lon="-111.93483">
        <ele>1286.9</ele>
      </trkpt>
      <trkpt lat="40.77793" lon="-111.93523">
        <ele>1286.9</ele>
      </trkpt>
      <trkpt lat="40.77815" lon="-111.93551">
        <ele>1286.8</ele>
      </trkpt>
      <trkpt lat="40.77825" lon="-111.93541">
        <ele>1286.9</ele>
      </trkpt>
      <trkpt lat="40.77829" lon="-111.93539">
        <ele>1286.9</ele>
      </trkpt>
      <trkpt lat="40.77855" lon="-111.93542">
        <ele>1286.9</ele>
      </trkpt>
      <trkpt lat="40.77868" lon="-111.9354">
        <ele>1286.9</ele>
      </trkpt>
      <trkpt lat="40.77875" lon="-111.93544">
        <ele>1286.9</ele>
      </trkpt>
      <trkpt lat="40.77884" lon="-111.93547">
        <ele>1286.9</ele>
      </trkpt>
      <trkpt lat="40.779" lon="-111.93545">
        <ele>1286.9</ele>
      </trkpt>
      <trkpt lat="40.77911" lon="-111.93546">
        <ele>1286.9</ele>
      </trkpt>
      <trkpt lat="40.77911" lon="-111.93546">
        <ele>1286.9</ele>
      </trkpt>
      <trkpt lat="40.77919" lon="-111.93548">
        <ele>1286.9</ele>
      </trkpt>
      <trkpt lat="40.77926" lon="-111.93553">
        <ele>1286.9</ele>
      </trkpt>
      <trkpt lat="40.77931" lon="-111.93558">
        <ele>1286.9</ele>
      </trkpt>
      <trkpt lat="40.77937" lon="-111.93566">
        <ele>1286.9</ele>
      </trkpt>
      <trkpt lat="40.77942" lon="-111.93575">
        <ele>1287.0</ele>
      </trkpt>
      <trkpt lat="40.77945" lon="-111.93585">
        <ele>1286.9</ele>
      </trkpt>
      <trkpt lat="40.77947" lon="-111.93601">
        <ele>1286.9</ele>
      </trkpt>
      <trkpt lat="40.7802" lon="-111.93602">
        <ele>1286.9</ele>
      </trkpt>
      <trkpt lat="40.7802" lon="-111.93502">
        <ele>1287.2</ele>
      </trkpt>
      <trkpt lat="40.7802" lon="-111.93402">
        <ele>1287.2</ele>
      </trkpt>
      <trkpt lat="40.7802" lon="-111.93302">
        <ele>1287.2</ele>
      </trkpt>
      <trkpt lat="40.7802" lon="-111.93202">
        <ele>1287.0</ele>
      </trkpt>
      <trkpt lat="40.7802" lon="-111.93102">
        <ele>1287.0</ele>
      </trkpt>
      <trkpt lat="40.78028" lon="-111.93105">
        <ele>1287.0</ele>
      </trkpt>
      <trkpt lat="40.78077" lon="-111.93105">
        <ele>1287.0</ele>
      </trkpt>
      <trkpt lat="40.78126" lon="-111.93105">
        <ele>1286.9</ele>
      </trkpt>
      <trkpt lat="40.78126" lon="-111.93105">
        <ele>1286.9</ele>
      </trkpt>
      <trkpt lat="40.78126" lon="-111.93105">
        <ele>1286.9</ele>
      </trkpt>
      <trkpt lat="40.78202" lon="-111.93106">
        <ele>1287.0</ele>
      </trkpt>
      <trkpt lat="40.78279" lon="-111.93106">
        <ele>1286.9</ele>
      </trkpt>
      <trkpt lat="40.78355" lon="-111.93106">
        <ele>1286.8</ele>
      </trkpt>
      <trkpt lat="40.78431" lon="-111.93106">
        <ele>1286.5</ele>
      </trkpt>
      <trkpt lat="40.78508" lon="-111.93107">
        <ele>1286.2</ele>
      </trkpt>
      <trkpt lat="40.78515" lon="-111.93108">
        <ele>1286.2</ele>
      </trkpt>
      <trkpt lat="40.78515" lon="-111.93224">
        <ele>1286.0</ele>
      </trkpt>
      <trkpt lat="40.78582" lon="-111.93224">
        <ele>1285.9</ele>
      </trkpt>
      <trkpt lat="40.78648" lon="-111.93224">
        <ele>1285.9</ele>
      </trkpt>
      <trkpt lat="40.78648" lon="-111.93284">
        <ele>1285.9</ele>
      </trkpt>
      <trkpt lat="40.78648" lon="-111.93284">
        <ele>1285.9</ele>
      </trkpt>
      <trkpt lat="40.78648" lon="-111.93358">
        <ele>1285.8</ele>
      </trkpt>
      <trkpt lat="40.78648" lon="-111.93431">
        <ele>1285.7</ele>
      </trkpt>
      <trkpt lat="40.78649" lon="-111.93441">
        <ele>1285.7</ele>
      </trkpt>
      <trkpt lat="40.78653" lon="-111.93449">
        <ele>1285.7</ele>
      </trkpt>
      <trkpt lat="40.78661" lon="-111.93458">
        <ele>1285.8</ele>
      </trkpt>
      <trkpt lat="40.78656" lon="-111.93468">
        <ele>1285.8</ele>
      </trkpt>
      <trkpt lat="40.78656" lon="-111.93478">
        <ele>1285.8</ele>
      </trkpt>
      <trkpt lat="40.78657" lon="-111.93523">
        <ele>1285.7</ele>
      </trkpt>
      <trkpt lat="40.78663" lon="-111.93539">
        <ele>1285.8</ele>
      </trkpt>
      <trkpt lat="40.78667" lon="-111.93565">
        <ele>1285.7</ele>
      </trkpt>
      <trkpt lat="40.78675" lon="-111.93589">
        <ele>1285.8</ele>
      </trkpt>
      <trkpt lat="40.78682" lon="-111.93603">
        <ele>1285.8</ele>
      </trkpt>
      <trkpt lat="40.78681" lon="-111.93614">
        <ele>1285.8</ele>
      </trkpt>
      <trkpt lat="40.78692" lon="-111.93623">
        <ele>1285.8</ele>
      </trkpt>
      <trkpt lat="40.78703" lon="-111.93627">
        <ele>1285.8</ele>
      </trkpt>
      <trkpt lat="40.78737" lon="-111.93628">
        <ele>1285.8</ele>
      </trkpt>
      <trkpt lat="40.78768" lon="-111.93624">
        <ele>1285.8</ele>
      </trkpt>
      <trkpt lat="40.78798" lon="-111.93626">
        <ele>1285.6</ele>
      </trkpt>
      <trkpt lat="40.7883" lon="-111.93627">
        <ele>1285.6</ele>
      </trkpt>
      <trkpt lat="40.78839" lon="-111.93623">
        <ele>1285.7</ele>
      </trkpt>
      <trkpt lat="40.78849" lon="-111.93618">
        <ele>1285.7</ele>
      </trkpt>
      <trkpt lat="40.78862" lon="-111.93607">
        <ele>1285.7</ele>
      </trkpt>
      <trkpt lat="40.78867" lon="-111.93598">
        <ele>1285.7</ele>
      </trkpt>
      <trkpt lat="40.78877" lon="-111.93562">
        <ele>1285.7</ele>
      </trkpt>
      <trkpt lat="40.78881" lon="-111.9355">
        <ele>1285.7</ele>
      </trkpt>
      <trkpt lat="40.78885" lon="-111.93544">
        <ele>1285.7</ele>
      </trkpt>
      <trkpt lat="40.78891" lon="-111.93537">
        <ele>1285.7</ele>
      </trkpt>
      <trkpt lat="40.78906" lon="-111.93523">
        <ele>1285.7</ele>
      </trkpt>
      <trkpt lat="40.7893" lon="-111.9351">
        <ele>1285.7</ele>
      </trkpt>
      <trkpt lat="40.78934" lon="-111.93504">
        <ele>1285.7</ele>
      </trkpt>
      <trkpt lat="40.7894" lon="-111.93494">
        <ele>1285.7</ele>
      </trkpt>
      <trkpt lat="40.78947" lon="-111.93486">
        <ele>1285.7</ele>
      </trkpt>
      <trkpt lat="40.78957" lon="-111.9348">
        <ele>1285.6</ele>
      </trkpt>
      <trkpt lat="40.78981" lon="-111.93478">
        <ele>1285.6</ele>
      </trkpt>
      <trkpt lat="40.79009" lon="-111.93478">
        <ele>1285.6</ele>
      </trkpt>
      <trkpt lat="40.79013" lon="-111.93479">
        <ele>1285.6</ele>
      </trkpt>
      <trkpt lat="40.79051" lon="-111.93506">
        <ele>1285.6</ele>
      </trkpt>
      <trkpt lat="40.7906" lon="-111.93511">
        <ele>1285.6</ele>
      </trkpt>
      <trkpt lat="40.79076" lon="-111.93517">
        <ele>1285.6</ele>
      </trkpt>
      <trkpt lat="40.7909" lon="-111.93526">
        <ele>1285.6</ele>
      </trkpt>
      <trkpt lat="40.79097" lon="-111.9353">
        <ele>1285.6</ele>
      </trkpt>
      <trkpt lat="40.79113" lon="-111.93544">
        <ele>1285.6</ele>
      </trkpt>
      <trkpt lat="40.79129" lon="-111.93551">
        <ele>1285.6</ele>
      </trkpt>
      <trkpt lat="40.7918" lon="-111.93579">
        <ele>1285.6</ele>
      </trkpt>
      <trkpt lat="40.79232" lon="-111.93606">
        <ele>1285.6</ele>
      </trkpt>
      <trkpt lat="40.79262" lon="-111.93612">
        <ele>1285.6</ele>
      </trkpt>
      <trkpt lat="40.79333" lon="-111.93613">
        <ele>1285.5</ele>
      </trkpt>
      <trkpt lat="40.7939" lon="-111.93613">
        <ele>1285.5</ele>
      </trkpt>
      <trkpt lat="40.79446" lon="-111.93612">
        <ele>1285.5</ele>
      </trkpt>
      <trkpt lat="40.79467" lon="-111.93618">
        <ele>1285.5</ele>
      </trkpt>
      <trkpt lat="40.79515" lon="-111.93642">
        <ele>1285.5</ele>
      </trkpt>
      <trkpt lat="40.79564" lon="-111.93665">
        <ele>1285.5</ele>
      </trkpt>
      <trkpt lat="40.79617" lon="-111.93672">
        <ele>1285.5</ele>
      </trkpt>
      <trkpt lat="40.79646" lon="-111.93673">
        <ele>1285.5</ele>
      </trkpt>
      <trkpt lat="40.79735" lon="-111.93681">
        <ele>1285.5</ele>
      </trkpt>
      <trkpt lat="40.79777" lon="-111.93689">
        <ele>1285.5</ele>
      </trkpt>
      <trkpt lat="40.79796" lon="-111.93687">
        <ele>1285.6</ele>
      </trkpt>
      <trkpt lat="40.79809" lon="-111.93681">
        <ele>1285.5</ele>
      </trkpt>
      <trkpt lat="40.79822" lon="-111.93667">
        <ele>1285.6</ele>
      </trkpt>
      <trkpt lat="40.79889" lon="-111.93606">
        <ele>1285.6</ele>
      </trkpt>
      <trkpt lat="40.799" lon="-111.93596">
        <ele>1285.6</ele>
      </trkpt>
      <trkpt lat="40.79916" lon="-111.93588">
        <ele>1285.6</ele>
      </trkpt>
      <trkpt lat="40.79939" lon="-111.9358">
        <ele>1285.6</ele>
      </trkpt>
      <trkpt lat="40.7998" lon="-111.93586">
        <ele>1285.4</ele>
      </trkpt>
      <trkpt lat="40.7998" lon="-111.93599">
        <ele>1285.4</ele>
      </trkpt>
      <trkpt lat="40.79981" lon="-111.9362">
        <ele>1285.4</ele>
      </trkpt>
      <trkpt lat="40.79982" lon="-111.93623">
        <ele>1285.3</ele>
      </trkpt>
      <trkpt lat="40.80013" lon="-111.93635">
        <ele>1285.3</ele>
      </trkpt>
      <trkpt lat="40.80026" lon="-111.93637">
        <ele>1285.3</ele>
      </trkpt>
      <trkpt lat="40.8004" lon="-111.93635">
        <ele>1285.3</ele>
      </trkpt>
      <trkpt lat="40.80053" lon="-111.9363">
        <ele>1285.3</ele>
      </trkpt>
      <trkpt lat="40.80061" lon="-111.93624">
        <ele>1285.3</ele>
      </trkpt>
      <trkpt lat="40.80069" lon="-111.93615">
        <ele>1285.4</ele>
      </trkpt>
      <trkpt lat="40.80079" lon="-111.93599">
        <ele>1285.5</ele>
      </trkpt>
      <trkpt lat="40.80085" lon="-111.93573">
        <ele>1285.6</ele>
      </trkpt>
      <trkpt lat="40.80091" lon="-111.93532">
        <ele>1285.6</ele>
      </trkpt>
      <trkpt lat="40.80095" lon="-111.93513">
        <ele>1285.4</ele>
      </trkpt>
      <trkpt lat="40.80105" lon="-111.93489">
        <ele>1285.2</ele>
      </trkpt>
      <trkpt lat="40.80123" lon="-111.9347">
        <ele>1285.3</ele>
      </trkpt>
      <trkpt lat="40.80151" lon="-111.93459">
        <ele>1285.2</ele>
      </trkpt>
      <trkpt lat="40.80214" lon="-111.93455">
        <ele>1285.2</ele>
      </trkpt>
      <trkpt lat="40.80276" lon="-111.93451">
        <ele>1285.2</ele>
      </trkpt>
      <trkpt lat="40.80353" lon="-111.93453">
        <ele>1285.1</ele>
      </trkpt>
      <trkpt lat="40.80365" lon="-111.9345">
        <ele>1285.1</ele>
      </trkpt>
      <trkpt lat="40.80397" lon="-111.93432">
        <ele>1285.1</ele>
      </trkpt>
      <trkpt lat="40.8043" lon="-111.93416">
        <ele>1285.1</ele>
      </trkpt>
      <trkpt lat="40.80446" lon="-111.93412">
        <ele>1285.1</ele>
      </trkpt>
      <trkpt lat="40.80471" lon="-111.93414">
        <ele>1285.1</ele>
      </trkpt>
      <trkpt lat="40.80491" lon="-111.93426">
        <ele>1285.1</ele>
      </trkpt>
      <trkpt lat="40.80517" lon="-111.93444">
        <ele>1285.1</ele>
      </trkpt>
      <trkpt lat="40.8059" lon="-111.93507">
        <ele>1285.0</ele>
      </trkpt>
      <trkpt lat="40.80619" lon="-111.9352">
        <ele>1285.0</ele>
      </trkpt>
      <trkpt lat="40.80663" lon="-111.93525">
        <ele>1285.0</ele>
      </trkpt>
      <trkpt lat="40.80685" lon="-111.93548">
        <ele>1285.0</ele>
      </trkpt>
      <trkpt lat="40.80692" lon="-111.93559">
        <ele>1285.0</ele>
      </trkpt>
      <trkpt lat="40.80701" lon="-111.93574">
        <ele>1285.0</ele>
      </trkpt>
      <trkpt lat="40.80737" lon="-111.93651">
        <ele>1285.0</ele>
      </trkpt>
      <trkpt lat="40.80746" lon="-111.93675">
        <ele>1285.0</ele>
      </trkpt>
      <trkpt lat="40.80751" lon="-111.93701">
        <ele>1285.0</ele>
      </trkpt>
      <trkpt lat="40.80751" lon="-111.93768">
        <ele>1285.0</ele>
      </trkpt>
      <trkpt lat="40.80753" lon="-111.93828">
        <ele>1284.9</ele>
      </trkpt>
      <trkpt lat="40.80762" lon="-111.93857">
        <ele>1284.9</ele>
      </trkpt>
      <trkpt lat="40.8077" lon="-111.93874">
        <ele>1284.9</ele>
      </trkpt>
      <trkpt lat="40.80776" lon="-111.93891">
        <ele>1284.9</ele>
      </trkpt>
      <trkpt lat="40.80778" lon="-111.93898">
        <ele>1284.9</ele>
      </trkpt>
      <trkpt lat="40.80783" lon="-111.93941">
        <ele>1284.9</ele>
      </trkpt>
      <trkpt lat="40.80787" lon="-111.93953">
        <ele>1284.9</ele>
      </trkpt>
      <trkpt lat="40.80809" lon="-111.93979">
        <ele>1284.9</ele>
      </trkpt>
      <trkpt lat="40.80829" lon="-111.93996">
        <ele>1284.9</ele>
      </trkpt>
      <trkpt lat="40.80841" lon="-111.93996">
        <ele>1284.9</ele>
      </trkpt>
      <trkpt lat="40.80852" lon="-111.9399">
        <ele>1284.9</ele>
      </trkpt>
      <trkpt lat="40.80861" lon="-111.93982">
        <ele>1284.9</ele>
      </trkpt>
      <trkpt lat="40.80865" lon="-111.93974">
        <ele>1284.9</ele>
      </trkpt>
      <trkpt lat="40.8088" lon="-111.9395">
        <ele>1284.9</ele>
      </trkpt>
      <trkpt lat="40.80884" lon="-111.93941">
        <ele>1284.9</ele>
      </trkpt>
      <trkpt lat="40.80909" lon="-111.93959">
        <ele>1285.0</ele>
      </trkpt>
      <trkpt lat="40.80971" lon="-111.93992">
        <ele>1285.0</ele>
      </trkpt>
      <trkpt lat="40.81025" lon="-111.94015">
        <ele>1285.1</ele>
      </trkpt>
      <trkpt lat="40.81041" lon="-111.94028">
        <ele>1285.0</ele>
      </trkpt>
      <trkpt lat="40.81068" lon="-111.94061">
        <ele>1285.0</ele>
      </trkpt>
      <trkpt lat="40.81087" lon="-111.94082">
        <ele>1285.0</ele>
      </trkpt>
      <trkpt lat="40.811" lon="-111.94094">
        <ele>1285.0</ele>
      </trkpt>
      <trkpt lat="40.81154" lon="-111.94129">
        <ele>1285.0</ele>
      </trkpt>
      <trkpt lat="40.81208" lon="-111.94165">
        <ele>1284.9</ele>
      </trkpt>
      <trkpt lat="40.81228" lon="-111.94174">
        <ele>1284.9</ele>
      </trkpt>
      <trkpt lat="40.81249" lon="-111.94178">
        <ele>1284.9</ele>
      </trkpt>
      <trkpt lat="40.81267" lon="-111.94175">
        <ele>1284.8</ele>
      </trkpt>
      <trkpt lat="40.81286" lon="-111.94169">
        <ele>1284.9</ele>
      </trkpt>
      <trkpt lat="40.81349" lon="-111.94144">
        <ele>1284.9</ele>
      </trkpt>
      <trkpt lat="40.81377" lon="-111.94136">
        <ele>1284.9</ele>
      </trkpt>
      <trkpt lat="40.81407" lon="-111.9413">
        <ele>1284.9</ele>
      </trkpt>
      <trkpt lat="40.81441" lon="-111.94129">
        <ele>1284.9</ele>
      </trkpt>
      <trkpt lat="40.81474" lon="-111.94135">
        <ele>1284.9</ele>
      </trkpt>
      <trkpt lat="40.81497" lon="-111.94141">
        <ele>1284.8</ele>
      </trkpt>
      <trkpt lat="40.81564" lon="-111.94178">
        <ele>1284.7</ele>
      </trkpt>
      <trkpt lat="40.81626" lon="-111.94207">
        <ele>1284.8</ele>
      </trkpt>
      <trkpt lat="40.81653" lon="-111.94215">
        <ele>1284.7</ele>
      </trkpt>
      <trkpt lat="40.81671" lon="-111.94218">
        <ele>1284.8</ele>
      </trkpt>
      <trkpt lat="40.81654" lon="-111.94215">
        <ele>1284.7</ele>
      </trkpt>
      <trkpt lat="40.81654" lon="-111.94215">
        <ele>1284.7</ele>
      </trkpt>
      <trkpt lat="40.81654" lon="-111.94215">
        <ele>1284.7</ele>
      </trkpt>
      <trkpt lat="40.81693" lon="-111.94222">
        <ele>1284.8</ele>
      </trkpt>
      <trkpt lat="40.81762" lon="-111.94234">
        <ele>1284.7</ele>
      </trkpt>
      <trkpt lat="40.81831" lon="-111.94247">
        <ele>1284.7</ele>
      </trkpt>
      <trkpt lat="40.81846" lon="-111.94244">
        <ele>1284.7</ele>
      </trkpt>
      <trkpt lat="40.81857" lon="-111.94239">
        <ele>1284.7</ele>
      </trkpt>
      <trkpt lat="40.81867" lon="-111.94231">
        <ele>1284.7</ele>
      </trkpt>
      <trkpt lat="40.81916" lon="-111.9417">
        <ele>1284.7</ele>
      </trkpt>
      <trkpt lat="40.81935" lon="-111.94148">
        <ele>1284.7</ele>
      </trkpt>
      <trkpt lat="40.81999" lon="-111.94126">
        <ele>1284.6</ele>
      </trkpt>
      <trkpt lat="40.82036" lon="-111.94103">
        <ele>1284.6</ele>
      </trkpt>
      <trkpt lat="40.82047" lon="-111.94093">
        <ele>1284.6</ele>
      </trkpt>
      <trkpt lat="40.82068" lon="-111.94086">
        <ele>1284.6</ele>
      </trkpt>
      <trkpt lat="40.82094" lon="-111.94081">
        <ele>1284.6</ele>
      </trkpt>
      <trkpt lat="40.82106" lon="-111.94083">
        <ele>1284.6</ele>
      </trkpt>
      <trkpt lat="40.82135" lon="-111.94101">
        <ele>1284.5</ele>
      </trkpt>
      <trkpt lat="40.82162" lon="-111.94107">
        <ele>1284.5</ele>
      </trkpt>
      <trkpt lat="40.8219" lon="-111.94106">
        <ele>1284.6</ele>
      </trkpt>
      <trkpt lat="40.82207" lon="-111.94105">
        <ele>1284.5</ele>
      </trkpt>
      <trkpt lat="40.82234" lon="-111.94097">
        <ele>1284.5</ele>
      </trkpt>
      <trkpt lat="40.82292" lon="-111.94074">
        <ele>1284.5</ele>
      </trkpt>
      <trkpt lat="40.823" lon="-111.94069">
        <ele>1284.5</ele>
      </trkpt>
      <trkpt lat="40.82304" lon="-111.94063">
        <ele>1284.5</ele>
      </trkpt>
      <trkpt lat="40.82306" lon="-111.94056">
        <ele>1284.5</ele>
      </trkpt>
      <trkpt lat="40.82307" lon="-111.94045">
        <ele>1284.5</ele>
      </trkpt>
      <trkpt lat="40.82304" lon="-111.94013">
        <ele>1284.5</ele>
      </trkpt>
      <trkpt lat="40.82302" lon="-111.93983">
        <ele>1284.5</ele>
      </trkpt>
      <trkpt lat="40.82299" lon="-111.93958">
        <ele>1284.5</ele>
      </trkpt>
      <trkpt lat="40.82292" lon="-111.93931">
        <ele>1284.5</ele>
      </trkpt>
      <trkpt lat="40.8229" lon="-111.93915">
        <ele>1284.5</ele>
      </trkpt>
      <trkpt lat="40.82289" lon="-111.93894">
        <ele>1284.6</ele>
      </trkpt>
      <trkpt lat="40.82292" lon="-111.93872">
        <ele>1284.7</ele>
      </trkpt>
      <trkpt lat="40.82305" lon="-111.93845">
        <ele>1284.8</ele>
      </trkpt>
      <trkpt lat="40.82329" lon="-111.93821">
        <ele>1284.9</ele>
      </trkpt>
      <trkpt lat="40.82355" lon="-111.93802">
        <ele>1285.2</ele>
      </trkpt>
      <trkpt lat="40.82409" lon="-111.9378">
        <ele>1285.6</ele>
      </trkpt>
      <trkpt lat="40.82421" lon="-111.93778">
        <ele>1285.6</ele>
      </trkpt>
      <trkpt lat="40.82449" lon="-111.93779">
        <ele>1285.5</ele>
      </trkpt>
      <trkpt lat="40.82498" lon="-111.93776">
        <ele>1285.4</ele>
      </trkpt>
      <trkpt lat="40.82544" lon="-111.9377">
        <ele>1285.4</ele>
      </trkpt>
      <trkpt lat="40.82591" lon="-111.93764">
        <ele>1284.9</ele>
      </trkpt>
      <trkpt lat="40.82616" lon="-111.93763">
        <ele>1285.2</ele>
      </trkpt>
      <trkpt lat="40.82649" lon="-111.93769">
        <ele>1285.1</ele>
      </trkpt>
      <trkpt lat="40.82683" lon="-111.93786">
        <ele>1284.3</ele>
      </trkpt>
      <trkpt lat="40.82712" lon="-111.93789">
        <ele>1284.4</ele>
      </trkpt>
      <trkpt lat="40.82733" lon="-111.93797">
        <ele>1284.3</ele>
      </trkpt>
      <trkpt lat="40.82747" lon="-111.93809">
        <ele>1284.3</ele>
      </trkpt>
      <trkpt lat="40.82761" lon="-111.93825">
        <ele>1284.2</ele>
      </trkpt>
      <trkpt lat="40.82772" lon="-111.93831">
        <ele>1284.2</ele>
      </trkpt>
      <trkpt lat="40.82787" lon="-111.93835">
        <ele>1284.2</ele>
      </trkpt>
      <trkpt lat="40.82832" lon="-111.93832">
        <ele>1284.4</ele>
      </trkpt>
      <trkpt lat="40.82843" lon="-111.93833">
        <ele>1284.3</ele>
      </trkpt>
      <trkpt lat="40.82863" lon="-111.93844">
        <ele>1284.3</ele>
      </trkpt>
      <trkpt lat="40.8288" lon="-111.93862">
        <ele>1284.3</ele>
      </trkpt>
      <trkpt lat="40.82891" lon="-111.93903">
        <ele>1284.2</ele>
      </trkpt>
      <trkpt lat="40.82897" lon="-111.93943">
        <ele>1284.1</ele>
      </trkpt>
      <trkpt lat="40.82901" lon="-111.93956">
        <ele>1284.1</ele>
      </trkpt>
      <trkpt lat="40.82911" lon="-111.93965">
        <ele>1284.1</ele>
      </trkpt>
      <trkpt lat="40.82925" lon="-111.93964">
        <ele>1284.2</ele>
      </trkpt>
      <trkpt lat="40.82936" lon="-111.93963">
        <ele>1284.2</ele>
      </trkpt>
      <trkpt lat="40.82957" lon="-111.93956">
        <ele>1284.2</ele>
      </trkpt>
      <trkpt lat="40.82979" lon="-111.93951">
        <ele>1284.1</ele>
      </trkpt>
      <trkpt lat="40.83008" lon="-111.93951">
        <ele>1284.1</ele>
      </trkpt>
      <trkpt lat="40.83041" lon="-111.93962">
        <ele>1284.1</ele>
      </trkpt>
      <trkpt lat="40.83062" lon="-111.93975">
        <ele>1284.1</ele>
      </trkpt>
      <trkpt lat="40.83086" lon="-111.93999">
        <ele>1284.1</ele>
      </trkpt>
      <trkpt lat="40.83108" lon="-111.94026">
        <ele>1284.1</ele>
      </trkpt>
      <trkpt lat="40.8313" lon="-111.9406">
        <ele>1284.1</ele>
      </trkpt>
      <trkpt lat="40.83139" lon="-111.94094">
        <ele>1284.1</ele>
      </trkpt>
      <trkpt lat="40.83154" lon="-111.94196">
        <ele>1284.1</ele>
      </trkpt>
      <trkpt lat="40.83161" lon="-111.94249">
        <ele>1284.1</ele>
      </trkpt>
      <trkpt lat="40.83163" lon="-111.94256">
        <ele>1284.1</ele>
      </trkpt>
      <trkpt lat="40.83168" lon="-111.94261">
        <ele>1284.1</ele>
      </trkpt>
      <trkpt lat="40.83173" lon="-111.94263">
        <ele>1284.2</ele>
      </trkpt>
      <trkpt lat="40.83186" lon="-111.94264">
        <ele>1284.3</ele>
      </trkpt>
      <trkpt lat="40.83203" lon="-111.9427">
        <ele>1284.5</ele>
      </trkpt>
      <trkpt lat="40.83212" lon="-111.94274">
        <ele>1284.6</ele>
      </trkpt>
      <trkpt lat="40.8322" lon="-111.94283">
        <ele>1284.7</ele>
      </trkpt>
      <trkpt lat="40.83235" lon="-111.94298">
        <ele>1284.9</ele>
      </trkpt>
      <trkpt lat="40.83239" lon="-111.943">
        <ele>1285.0</ele>
      </trkpt>
      <trkpt lat="40.83244" lon="-111.943">
        <ele>1285.0</ele>
      </trkpt>
      <trkpt lat="40.83249" lon="-111.94298">
        <ele>1285.1</ele>
      </trkpt>
      <trkpt lat="40.8326" lon="-111.94287">
        <ele>1285.3</ele>
      </trkpt>
      <trkpt lat="40.83293" lon="-111.94242">
        <ele>1285.3</ele>
      </trkpt>
      <trkpt lat="40.83326" lon="-111.94189">
        <ele>1285.4</ele>
      </trkpt>
      <trkpt lat="40.83334" lon="-111.94178">
        <ele>1285.4</ele>
      </trkpt>
      <trkpt lat="40.83347" lon="-111.94174">
        <ele>1285.5</ele>
      </trkpt>
      <trkpt lat="40.83359" lon="-111.94172">
        <ele>1285.6</ele>
      </trkpt>
      <trkpt lat="40.83411" lon="-111.94176">
        <ele>1285.5</ele>
      </trkpt>
      <trkpt lat="40.83429" lon="-111.94168">
        <ele>1285.4</ele>
      </trkpt>
      <trkpt lat="40.83441" lon="-111.94154">
        <ele>1285.4</ele>
      </trkpt>
      <trkpt lat="40.83447" lon="-111.94132">
        <ele>1285.4</ele>
      </trkpt>
      <trkpt lat="40.83454" lon="-111.94091">
        <ele>1285.5</ele>
      </trkpt>
      <trkpt lat="40.83453" lon="-111.94074">
        <ele>1285.5</ele>
      </trkpt>
      <trkpt lat="40.83448" lon="-111.94055">
        <ele>1285.5</ele>
      </trkpt>
      <trkpt lat="40.83444" lon="-111.9403">
        <ele>1285.5</ele>
      </trkpt>
      <trkpt lat="40.83439" lon="-111.93948">
        <ele>1285.6</ele>
      </trkpt>
      <trkpt lat="40.83441" lon="-111.93896">
        <ele>1285.6</ele>
      </trkpt>
      <trkpt lat="40.83448" lon="-111.93868">
        <ele>1285.6</ele>
      </trkpt>
      <trkpt lat="40.83459" lon="-111.93844">
        <ele>1285.5</ele>
      </trkpt>
      <trkpt lat="40.83477" lon="-111.93801">
        <ele>1285.5</ele>
      </trkpt>
      <trkpt lat="40.83496" lon="-111.93771">
        <ele>1285.6</ele>
      </trkpt>
      <trkpt lat="40.83524" lon="-111.9373">
        <ele>1285.6</ele>
      </trkpt>
      <trkpt lat="40.83542" lon="-111.93688">
        <ele>1285.6</ele>
      </trkpt>
      <trkpt lat="40.83549" lon="-111.93657">
        <ele>1285.6</ele>
      </trkpt>
      <trkpt lat="40.83552" lon="-111.93647">
        <ele>1285.6</ele>
      </trkpt>
      <trkpt lat="40.83557" lon="-111.93639">
        <ele>1285.6</ele>
      </trkpt>
      <trkpt lat="40.83573" lon="-111.93624">
        <ele>1285.6</ele>
      </trkpt>
      <trkpt lat="40.83579" lon="-111.9362">
        <ele>1285.6</ele>
      </trkpt>
      <trkpt lat="40.8359" lon="-111.93617">
        <ele>1285.6</ele>
      </trkpt>
      <trkpt lat="40.83604" lon="-111.93617">
        <ele>1285.6</ele>
      </trkpt>
      <trkpt lat="40.83608" lon="-111.93619">
        <ele>1285.6</ele>
      </trkpt>
      <trkpt lat="40.83614" lon="-111.93636">
        <ele>1285.6</ele>
      </trkpt>
      <trkpt lat="40.83621" lon="-111.9365">
        <ele>1285.6</ele>
      </trkpt>
      <trkpt lat="40.83678" lon="-111.93697">
        <ele>1285.6</ele>
      </trkpt>
      <trkpt lat="40.83702" lon="-111.93719">
        <ele>1285.6</ele>
      </trkpt>
      <trkpt lat="40.8373" lon="-111.93773">
        <ele>1285.5</ele>
      </trkpt>
      <trkpt lat="40.83738" lon="-111.93801">
        <ele>1285.5</ele>
      </trkpt>
      <trkpt lat="40.8374" lon="-111.93815">
        <ele>1285.5</ele>
      </trkpt>
      <trkpt lat="40.83748" lon="-111.93842">
        <ele>1285.6</ele>
      </trkpt>
      <trkpt lat="40.8377" lon="-111.93895">
        <ele>1285.6</ele>
      </trkpt>
      <trkpt lat="40.83789" lon="-111.93922">
        <ele>1285.5</ele>
      </trkpt>
      <trkpt lat="40.83789" lon="-111.93922">
        <ele>1285.5</ele>
      </trkpt>
      <trkpt lat="40.83819" lon="-111.93965">
        <ele>1285.5</ele>
      </trkpt>
      <trkpt lat="40.83834" lon="-111.93977">
        <ele>1285.5</ele>
      </trkpt>
      <trkpt lat="40.83886" lon="-111.94015">
        <ele>1285.6</ele>
      </trkpt>
      <trkpt lat="40.83912" lon="-111.9403">
        <ele>1285.6</ele>
      </trkpt>
      <trkpt lat="40.83945" lon="-111.94057">
        <ele>1285.6</ele>
      </trkpt>
      <trkpt lat="40.8395" lon="-111.94071">
        <ele>1285.6</ele>
      </trkpt>
      <trkpt lat="40.83955" lon="-111.94084">
        <ele>1285.6</ele>
      </trkpt>
      <trkpt lat="40.83971" lon="-111.94138">
        <ele>1285.5</ele>
      </trkpt>
      <trkpt lat="40.83978" lon="-111.94149">
        <ele>1285.5</ele>
      </trkpt>
      <trkpt lat="40.83993" lon="-111.94159">
        <ele>1285.4</ele>
      </trkpt>
      <trkpt lat="40.84035" lon="-111.94162">
        <ele>1285.6</ele>
      </trkpt>
      <trkpt lat="40.84063" lon="-111.94176">
        <ele>1285.6</ele>
      </trkpt>
      <trkpt lat="40.8409" lon="-111.94198">
        <ele>1285.5</ele>
      </trkpt>
      <trkpt lat="40.84103" lon="-111.94202">
        <ele>1285.5</ele>
      </trkpt>
      <trkpt lat="40.84115" lon="-111.94208">
        <ele>1285.6</ele>
      </trkpt>
      <trkpt lat="40.84118" lon="-111.94207">
        <ele>1285.6</ele>
      </trkpt>
      <trkpt lat="40.8412" lon="-111.94206">
        <ele>1285.6</ele>
      </trkpt>
      <trkpt lat="40.84122" lon="-111.94202">
        <ele>1285.6</ele>
      </trkpt>
      <trkpt lat="40.84126" lon="-111.9419">
        <ele>1285.6</ele>
      </trkpt>
      <trkpt lat="40.84128" lon="-111.9418">
        <ele>1285.6</ele>
      </trkpt>
      <trkpt lat="40.84128" lon="-111.94155">
        <ele>1285.6</ele>
      </trkpt>
      <trkpt lat="40.84141" lon="-111.94156">
        <ele>1285.6</ele>
      </trkpt>
      <trkpt lat="40.84158" lon="-111.94156">
        <ele>1285.6</ele>
      </trkpt>
      <trkpt lat="40.84165" lon="-111.94156">
        <ele>1285.6</ele>
      </trkpt>
      <trkpt lat="40.8417" lon="-111.94161">
        <ele>1285.6</ele>
      </trkpt>
      <trkpt lat="40.84173" lon="-111.94167">
        <ele>1285.7</ele>
      </trkpt>
      <trkpt lat="40.84175" lon="-111.94174">
        <ele>1285.7</ele>
      </trkpt>
      <trkpt lat="40.84176" lon="-111.942">
        <ele>1285.7</ele>
      </trkpt>
      <trkpt lat="40.84177" lon="-111.94205">
        <ele>1285.7</ele>
      </trkpt>
      <trkpt lat="40.8418" lon="-111.94211">
        <ele>1285.7</ele>
      </trkpt>
      <trkpt lat="40.84183" lon="-111.94215">
        <ele>1285.7</ele>
      </trkpt>
      <trkpt lat="40.84188" lon="-111.94217">
        <ele>1285.7</ele>
      </trkpt>
      <trkpt lat="40.84202" lon="-111.94223">
        <ele>1285.7</ele>
      </trkpt>
      <trkpt lat="40.84281" lon="-111.94237">
        <ele>1285.7</ele>
      </trkpt>
      <trkpt lat="40.84343" lon="-111.94243">
        <ele>1285.8</ele>
      </trkpt>
      <trkpt lat="40.844" lon="-111.94241">
        <ele>1285.8</ele>
      </trkpt>
      <trkpt lat="40.84434" lon="-111.94242">
        <ele>1285.9</ele>
      </trkpt>
      <trkpt lat="40.84457" lon="-111.94237">
        <ele>1285.9</ele>
      </trkpt>
      <trkpt lat="40.84504" lon="-111.94239">
        <ele>1286.0</ele>
      </trkpt>
      <trkpt lat="40.84565" lon="-111.94239">
        <ele>1286.0</ele>
      </trkpt>
      <trkpt lat="40.84589" lon="-111.94241">
        <ele>1286.0</ele>
      </trkpt>
      <trkpt lat="40.84634" lon="-111.94248">
        <ele>1286.0</ele>
      </trkpt>
      <trkpt lat="40.84672" lon="-111.94248">
        <ele>1286.0</ele>
      </trkpt>
      <trkpt lat="40.84737" lon="-111.94252">
        <ele>1286.2</ele>
      </trkpt>
      <trkpt lat="40.84803" lon="-111.94257">
        <ele>1286.1</ele>
      </trkpt>
      <trkpt lat="40.84868" lon="-111.94261">
        <ele>1286.1</ele>
      </trkpt>
      <trkpt lat="40.84927" lon="-111.9427">
        <ele>1286.2</ele>
      </trkpt>
      <trkpt lat="40.84961" lon="-111.94278">
        <ele>1286.2</ele>
      </trkpt>
      <trkpt lat="40.85008" lon="-111.94274">
        <ele>1286.3</ele>
      </trkpt>
      <trkpt lat="40.85073" lon="-111.94276">
        <ele>1286.4</ele>
      </trkpt>
      <trkpt lat="40.8515" lon="-111.94283">
        <ele>1286.5</ele>
      </trkpt>
      <trkpt lat="40.85194" lon="-111.94284">
        <ele>1286.5</ele>
      </trkpt>
      <trkpt lat="40.85268" lon="-111.94291">
        <ele>1286.5</ele>
      </trkpt>
      <trkpt lat="40.85342" lon="-111.94298">
        <ele>1286.5</ele>
      </trkpt>
      <trkpt lat="40.85387" lon="-111.94298">
        <ele>1286.5</ele>
      </trkpt>
      <trkpt lat="40.85452" lon="-111.94305">
        <ele>1286.5</ele>
      </trkpt>
      <trkpt lat="40.85518" lon="-111.94311">
        <ele>1286.5</ele>
      </trkpt>
      <trkpt lat="40.85584" lon="-111.94318">
        <ele>1286.5</ele>
      </trkpt>
      <trkpt lat="40.85652" lon="-111.9432">
        <ele>1286.6</ele>
      </trkpt>
      <trkpt lat="40.85699" lon="-111.94325">
        <ele>1286.6</ele>
      </trkpt>
      <trkpt lat="40.85758" lon="-111.94326">
        <ele>1286.6</ele>
      </trkpt>
      <trkpt lat="40.8584" lon="-111.94333">
        <ele>1286.7</ele>
      </trkpt>
      <trkpt lat="40.85921" lon="-111.94341">
        <ele>1286.7</ele>
      </trkpt>
      <trkpt lat="40.86005" lon="-111.94346">
        <ele>1286.7</ele>
      </trkpt>
      <trkpt lat="40.86089" lon="-111.94353">
        <ele>1286.7</ele>
      </trkpt>
      <trkpt lat="40.86122" lon="-111.94355">
        <ele>1286.7</ele>
      </trkpt>
      <trkpt lat="40.86168" lon="-111.94352">
        <ele>1286.7</ele>
      </trkpt>
      <trkpt lat="40.86174" lon="-111.94351">
        <ele>1286.7</ele>
      </trkpt>
      <trkpt lat="40.86213" lon="-111.9435">
        <ele>1286.6</ele>
      </trkpt>
      <trkpt lat="40.86291" lon="-111.94325">
        <ele>1286.6</ele>
      </trkpt>
      <trkpt lat="40.86343" lon="-111.94297">
        <ele>1286.6</ele>
      </trkpt>
      <trkpt lat="40.86404" lon="-111.94261">
        <ele>1286.7</ele>
      </trkpt>
      <trkpt lat="40.8642" lon="-111.94255">
        <ele>1286.7</ele>
      </trkpt>
      <trkpt lat="40.86451" lon="-111.94242">
        <ele>1286.7</ele>
      </trkpt>
      <trkpt lat="40.8646" lon="-111.94235">
        <ele>1286.7</ele>
      </trkpt>
      <trkpt lat="40.86486" lon="-111.94203">
        <ele>1286.7</ele>
      </trkpt>
      <trkpt lat="40.86563" lon="-111.94145">
        <ele>1286.8</ele>
      </trkpt>
      <trkpt lat="40.86614" lon="-111.9411">
        <ele>1286.8</ele>
      </trkpt>
      <trkpt lat="40.86643" lon="-111.94092">
        <ele>1286.8</ele>
      </trkpt>
      <trkpt lat="40.86688" lon="-111.94059">
        <ele>1286.9</ele>
      </trkpt>
      <trkpt lat="40.86764" lon="-111.94008">
        <ele>1287.0</ele>
      </trkpt>
      <trkpt lat="40.86835" lon="-111.93958">
        <ele>1287.1</ele>
      </trkpt>
      <trkpt lat="40.8686" lon="-111.93938">
        <ele>1287.1</ele>
      </trkpt>
      <trkpt lat="40.86923" lon="-111.93893">
        <ele>1287.1</ele>
      </trkpt>
      <trkpt lat="40.86986" lon="-111.93849">
        <ele>1287.3</ele>
      </trkpt>
      <trkpt lat="40.8706" lon="-111.93804">
        <ele>1287.4</ele>
      </trkpt>
      <trkpt lat="40.8708" lon="-111.93795">
        <ele>1287.4</ele>
      </trkpt>
      <trkpt lat="40.87117" lon="-111.93783">
        <ele>1287.5</ele>
      </trkpt>
      <trkpt lat="40.87158" lon="-111.93766">
        <ele>1287.5</ele>
      </trkpt>
      <trkpt lat="40.87181" lon="-111.93759">
        <ele>1287.6</ele>
      </trkpt>
      <trkpt lat="40.8721" lon="-111.93754">
        <ele>1287.5</ele>
      </trkpt>
      <trkpt lat="40.87294" lon="-111.93747">
        <ele>1287.6</ele>
      </trkpt>
      <trkpt lat="40.87369" lon="-111.93746">
        <ele>1287.4</ele>
      </trkpt>
      <trkpt lat="40.874" lon="-111.93742">
        <ele>1287.3</ele>
      </trkpt>
      <trkpt lat="40.87465" lon="-111.93738">
        <ele>1287.2</ele>
      </trkpt>
      <trkpt lat="40.87536" lon="-111.93734">
        <ele>1287.1</ele>
      </trkpt>
      <trkpt lat="40.87606" lon="-111.93731">
        <ele>1287.0</ele>
      </trkpt>
      <trkpt lat="40.87656" lon="-111.93726">
        <ele>1287.0</ele>
      </trkpt>
      <trkpt lat="40.87717" lon="-111.93723">
        <ele>1287.1</ele>
      </trkpt>
      <trkpt lat="40.87778" lon="-111.93719">
        <ele>1287.1</ele>
      </trkpt>
      <trkpt lat="40.87809" lon="-111.93715">
        <ele>1287.2</ele>
      </trkpt>
      <trkpt lat="40.87851" lon="-111.93715">
        <ele>1287.2</ele>
      </trkpt>
      <trkpt lat="40.87864" lon="-111.93713">
        <ele>1287.2</ele>
      </trkpt>
      <trkpt lat="40.87864" lon="-111.93713">
        <ele>1287.2</ele>
      </trkpt>
      <trkpt lat="40.87864" lon="-111.93713">
        <ele>1287.2</ele>
      </trkpt>
      <trkpt lat="40.87906" lon="-111.9371">
        <ele>1287.3</ele>
      </trkpt>
      <trkpt lat="40.87931" lon="-111.93708">
        <ele>1287.3</ele>
      </trkpt>
      <trkpt lat="40.87943" lon="-111.93706">
        <ele>1287.3</ele>
      </trkpt>
      <trkpt lat="40.88" lon="-111.93702">
        <ele>1287.3</ele>
      </trkpt>
      <trkpt lat="40.88018" lon="-111.93701">
        <ele>1287.3</ele>
      </trkpt>
      <trkpt lat="40.88063" lon="-111.93698">
        <ele>1287.3</ele>
      </trkpt>
      <trkpt lat="40.88084" lon="-111.93694">
        <ele>1287.2</ele>
      </trkpt>
      <trkpt lat="40.88107" lon="-111.93693">
        <ele>1287.2</ele>
      </trkpt>
      <trkpt lat="40.88145" lon="-111.93684">
        <ele>1287.2</ele>
      </trkpt>
      <trkpt lat="40.88198" lon="-111.93659">
        <ele>1287.1</ele>
      </trkpt>
      <trkpt lat="40.88254" lon="-111.93629">
        <ele>1287.1</ele>
      </trkpt>
      <trkpt lat="40.8831" lon="-111.93599">
        <ele>1287.0</ele>
      </trkpt>
      <trkpt lat="40.88331" lon="-111.93594">
        <ele>1287.0</ele>
      </trkpt>
      <trkpt lat="40.8836" lon="-111.93592">
        <ele>1286.9</ele>
      </trkpt>
      <trkpt lat="40.88375" lon="-111.93592">
        <ele>1286.9</ele>
      </trkpt>
      <trkpt lat="40.88418" lon="-111.93593">
        <ele>1286.8</ele>
      </trkpt>
      <trkpt lat="40.88466" lon="-111.93596">
        <ele>1286.7</ele>
      </trkpt>
      <trkpt lat="40.88514" lon="-111.936">
        <ele>1286.6</ele>
      </trkpt>
      <trkpt lat="40.88575" lon="-111.93604">
        <ele>1286.5</ele>
      </trkpt>
      <trkpt lat="40.88609" lon="-111.93605">
        <ele>1286.5</ele>
      </trkpt>
      <trkpt lat="40.88678" lon="-111.9361">
        <ele>1286.3</ele>
      </trkpt>
      <trkpt lat="40.88751" lon="-111.93601">
        <ele>1286.1</ele>
      </trkpt>
      <trkpt lat="40.88823" lon="-111.93582">
        <ele>1286.0</ele>
      </trkpt>
      <trkpt lat="40.88873" lon="-111.93563">
        <ele>1285.9</ele>
      </trkpt>
      <trkpt lat="40.88939" lon="-111.93536">
        <ele>1285.8</ele>
      </trkpt>
      <trkpt lat="40.89016" lon="-111.93509">
        <ele>1285.7</ele>
      </trkpt>
      <trkpt lat="40.89058" lon="-111.93498">
        <ele>1285.6</ele>
      </trkpt>
      <trkpt lat="40.89075" lon="-111.93492">
        <ele>1285.5</ele>
      </trkpt>
      <trkpt lat="40.89108" lon="-111.93473">
        <ele>1285.5</ele>
      </trkpt>
      <trkpt lat="40.89155" lon="-111.93452">
        <ele>1285.4</ele>
      </trkpt>
      <trkpt lat="40.89201" lon="-111.93431">
        <ele>1285.4</ele>
      </trkpt>
      <trkpt lat="40.89268" lon="-111.93398">
        <ele>1285.3</ele>
      </trkpt>
      <trkpt lat="40.89317" lon="-111.93361">
        <ele>1285.2</ele>
      </trkpt>
      <trkpt lat="40.89375" lon="-111.93314">
        <ele>1285.2</ele>
      </trkpt>
      <trkpt lat="40.89415" lon="-111.93275">
        <ele>1285.2</ele>
      </trkpt>
      <trkpt lat="40.89431" lon="-111.9325">
        <ele>1285.1</ele>
      </trkpt>
      <trkpt lat="40.89444" lon="-111.93234">
        <ele>1285.1</ele>
      </trkpt>
      <trkpt lat="40.89459" lon="-111.93221">
        <ele>1285.1</ele>
      </trkpt>
      <trkpt lat="40.89485" lon="-111.932">
        <ele>1285.1</ele>
      </trkpt>
      <trkpt lat="40.89504" lon="-111.9317">
        <ele>1285.0</ele>
      </trkpt>
      <trkpt lat="40.8951" lon="-111.93161">
        <ele>1285.0</ele>
      </trkpt>
      <trkpt lat="40.89547" lon="-111.93119">
        <ele>1285.0</ele>
      </trkpt>
      <trkpt lat="40.89586" lon="-111.9308">
        <ele>1284.9</ele>
      </trkpt>
      <trkpt lat="40.89616" lon="-111.93051">
        <ele>1284.9</ele>
      </trkpt>
      <trkpt lat="40.89628" lon="-111.93033">
        <ele>1284.9</ele>
      </trkpt>
      <trkpt lat="40.89644" lon="-111.93013">
        <ele>1284.9</ele>
      </trkpt>
      <trkpt lat="40.89665" lon="-111.92991">
        <ele>1284.8</ele>
      </trkpt>
      <trkpt lat="40.89692" lon="-111.92967">
        <ele>1284.8</ele>
      </trkpt>
      <trkpt lat="40.89735" lon="-111.92913">
        <ele>1284.7</ele>
      </trkpt>
      <trkpt lat="40.89799" lon="-111.92839">
        <ele>1284.7</ele>
      </trkpt>
      <trkpt lat="40.89864" lon="-111.92767">
        <ele>1284.7</ele>
      </trkpt>
      <trkpt lat="40.89933" lon="-111.92695">
        <ele>1284.7</ele>
      </trkpt>
      <trkpt lat="40.89973" lon="-111.9265">
        <ele>1284.7</ele>
      </trkpt>
      <trkpt lat="40.90013" lon="-111.92605">
        <ele>1284.7</ele>
      </trkpt>
      <trkpt lat="40.90054" lon="-111.92553">
        <ele>1284.7</ele>
      </trkpt>
      <trkpt lat="40.90087" lon="-111.92512">
        <ele>1284.7</ele>
      </trkpt>
      <trkpt lat="40.90121" lon="-111.92471">
        <ele>1284.7</ele>
      </trkpt>
      <trkpt lat="40.90129" lon="-111.92461">
        <ele>1284.7</ele>
      </trkpt>
      <trkpt lat="40.90163" lon="-111.92428">
        <ele>1284.7</ele>
      </trkpt>
      <trkpt lat="40.90203" lon="-111.92378">
        <ele>1284.7</ele>
      </trkpt>
      <trkpt lat="40.9024" lon="-111.92324">
        <ele>1284.6</ele>
      </trkpt>
      <trkpt lat="40.90264" lon="-111.92281">
        <ele>1284.6</ele>
      </trkpt>
      <trkpt lat="40.90313" lon="-111.92189">
        <ele>1284.6</ele>
      </trkpt>
      <trkpt lat="40.90361" lon="-111.92098">
        <ele>1284.5</ele>
      </trkpt>
      <trkpt lat="40.9041" lon="-111.92006">
        <ele>1284.6</ele>
      </trkpt>
      <trkpt lat="40.90443" lon="-111.91959">
        <ele>1284.5</ele>
      </trkpt>
      <trkpt lat="40.90476" lon="-111.91911">
        <ele>1284.5</ele>
      </trkpt>
      <trkpt lat="40.90492" lon="-111.91898">
        <ele>1284.5</ele>
      </trkpt>
      <trkpt lat="40.90524" lon="-111.91855">
        <ele>1284.5</ele>
      </trkpt>
      <trkpt lat="40.90556" lon="-111.91814">
        <ele>1284.6</ele>
      </trkpt>
      <trkpt lat="40.90617" lon="-111.91742">
        <ele>1284.6</ele>
      </trkpt>
      <trkpt lat="40.90678" lon="-111.91669">
        <ele>1284.7</ele>
      </trkpt>
      <trkpt lat="40.9073" lon="-111.9161">
        <ele>1284.8</ele>
      </trkpt>
      <trkpt lat="40.90739" lon="-111.91596">
        <ele>1284.8</ele>
      </trkpt>
      <trkpt lat="40.90793" lon="-111.91529">
        <ele>1284.9</ele>
      </trkpt>
      <trkpt lat="40.90846" lon="-111.91462">
        <ele>1285.1</ele>
      </trkpt>
      <trkpt lat="40.90908" lon="-111.91401">
        <ele>1285.1</ele>
      </trkpt>
      <trkpt lat="40.90954" lon="-111.9135">
        <ele>1285.1</ele>
      </trkpt>
      <trkpt lat="40.90976" lon="-111.91326">
        <ele>1285.0</ele>
      </trkpt>
      <trkpt lat="40.91024" lon="-111.91282">
        <ele>1284.8</ele>
      </trkpt>
      <trkpt lat="40.91072" lon="-111.91238">
        <ele>1284.6</ele>
      </trkpt>
      <trkpt lat="40.91094" lon="-111.91223">
        <ele>1284.6</ele>
      </trkpt>
      <trkpt lat="40.91107" lon="-111.91207">
        <ele>1284.6</ele>
      </trkpt>
      <trkpt lat="40.91128" lon="-111.91189">
        <ele>1284.7</ele>
      </trkpt>
      <trkpt lat="40.9117" lon="-111.91163">
        <ele>1284.7</ele>
      </trkpt>
      <trkpt lat="40.91186" lon="-111.91142">
        <ele>1284.7</ele>
      </trkpt>
      <trkpt lat="40.91206" lon="-111.9112">
        <ele>1284.8</ele>
      </trkpt>
      <trkpt lat="40.91234" lon="-111.91096">
        <ele>1284.8</ele>
      </trkpt>
      <trkpt lat="40.91274" lon="-111.91073">
        <ele>1284.7</ele>
      </trkpt>
      <trkpt lat="40.91296" lon="-111.91055">
        <ele>1284.7</ele>
      </trkpt>
      <trkpt lat="40.91339" lon="-111.91003">
        <ele>1284.8</ele>
      </trkpt>
      <trkpt lat="40.91391" lon="-111.90954">
        <ele>1284.7</ele>
      </trkpt>
      <trkpt lat="40.91406" lon="-111.90937">
        <ele>1284.7</ele>
      </trkpt>
      <trkpt lat="40.9142" lon="-111.90909">
        <ele>1284.7</ele>
      </trkpt>
      <trkpt lat="40.91461" lon="-111.90853">
        <ele>1284.6</ele>
      </trkpt>
      <trkpt lat="40.91474" lon="-111.90824">
        <ele>1284.7</ele>
      </trkpt>
      <trkpt lat="40.91484" lon="-111.90806">
        <ele>1284.7</ele>
      </trkpt>
      <trkpt lat="40.91496" lon="-111.90791">
        <ele>1284.6</ele>
      </trkpt>
      <trkpt lat="40.91504" lon="-111.90777">
        <ele>1284.6</ele>
      </trkpt>
      <trkpt lat="40.91514" lon="-111.90741">
        <ele>1284.7</ele>
      </trkpt>
      <trkpt lat="40.91527" lon="-111.90712">
        <ele>1284.7</ele>
      </trkpt>
      <trkpt lat="40.91539" lon="-111.90691">
        <ele>1284.7</ele>
      </trkpt>
      <trkpt lat="40.91547" lon="-111.90664">
        <ele>1284.7</ele>
      </trkpt>
      <trkpt lat="40.91557" lon="-111.90649">
        <ele>1284.7</ele>
      </trkpt>
      <trkpt lat="40.91564" lon="-111.90634">
        <ele>1284.7</ele>
      </trkpt>
      <trkpt lat="40.91568" lon="-111.90619">
        <ele>1284.7</ele>
      </trkpt>
      <trkpt lat="40.91569" lon="-111.90597">
        <ele>1284.8</ele>
      </trkpt>
      <trkpt lat="40.91574" lon="-111.90576">
        <ele>1284.8</ele>
      </trkpt>
      <trkpt lat="40.91581" lon="-111.90556">
        <ele>1284.9</ele>
      </trkpt>
      <trkpt lat="40.91592" lon="-111.90533">
        <ele>1284.9</ele>
      </trkpt>
      <trkpt lat="40.9161" lon="-111.90508">
        <ele>1284.9</ele>
      </trkpt>
      <trkpt lat="40.91624" lon="-111.90483">
        <ele>1284.9</ele>
      </trkpt>
      <trkpt lat="40.91633" lon="-111.90456">
        <ele>1285.0</ele>
      </trkpt>
      <trkpt lat="40.91643" lon="-111.90441">
        <ele>1285.0</ele>
      </trkpt>
      <trkpt lat="40.91654" lon="-111.90412">
        <ele>1285.0</ele>
      </trkpt>
      <trkpt lat="40.91661" lon="-111.90385">
        <ele>1285.1</ele>
      </trkpt>
      <trkpt lat="40.91669" lon="-111.90359">
        <ele>1285.2</ele>
      </trkpt>
      <trkpt lat="40.91676" lon="-111.90346">
        <ele>1285.2</ele>
      </trkpt>
      <trkpt lat="40.91683" lon="-111.90322">
        <ele>1285.3</ele>
      </trkpt>
      <trkpt lat="40.91692" lon="-111.90299">
        <ele>1285.4</ele>
      </trkpt>
      <trkpt lat="40.91715" lon="-111.90251">
        <ele>1285.6</ele>
      </trkpt>
      <trkpt lat="40.91724" lon="-111.90236">
        <ele>1285.6</ele>
      </trkpt>
      <trkpt lat="40.91741" lon="-111.90207">
        <ele>1285.6</ele>
      </trkpt>
      <trkpt lat="40.91753" lon="-111.90193">
        <ele>1285.6</ele>
      </trkpt>
      <trkpt lat="40.91767" lon="-111.90172">
        <ele>1285.6</ele>
      </trkpt>
      <trkpt lat="40.91774" lon="-111.90163">
        <ele>1285.6</ele>
      </trkpt>
      <trkpt lat="40.9178" lon="-111.90158">
        <ele>1285.6</ele>
      </trkpt>
      <trkpt lat="40.91694" lon="-111.90176">
        <ele>1285.6</ele>
      </trkpt>
      <trkpt lat="40.91608" lon="-111.90194">
        <ele>1286.7</ele>
      </trkpt>
      <trkpt lat="40.91524" lon="-111.90212">
        <ele>1287.2</ele>
      </trkpt>
      <trkpt lat="40.91524" lon="-111.90212">
        <ele>1287.2</ele>
      </trkpt>
      <trkpt lat="40.91459" lon="-111.90226">
        <ele>1287.2</ele>
      </trkpt>
      <trkpt lat="40.91395" lon="-111.9024">
        <ele>1287.2</ele>
      </trkpt>
      <trkpt lat="40.9133" lon="-111.90254">
        <ele>1287.3</ele>
      </trkpt>
      <trkpt lat="40.91243" lon="-111.90272">
        <ele>1287.6</ele>
      </trkpt>
      <trkpt lat="40.91156" lon="-111.9029">
        <ele>1288.7</ele>
      </trkpt>
      <trkpt lat="40.91069" lon="-111.90307">
        <ele>1288.7</ele>
      </trkpt>
      <trkpt lat="40.90983" lon="-111.90325">
        <ele>1288.7</ele>
      </trkpt>
      <trkpt lat="40.90903" lon="-111.90342">
        <ele>1288.8</ele>
      </trkpt>
      <trkpt lat="40.90823" lon="-111.90359">
        <ele>1289.0</ele>
      </trkpt>
      <trkpt lat="40.90743" lon="-111.90376">
        <ele>1289.1</ele>
      </trkpt>
      <trkpt lat="40.90663" lon="-111.90393">
        <ele>1290.1</ele>
      </trkpt>
      <trkpt lat="40.9058" lon="-111.90411">
        <ele>1291.8</ele>
      </trkpt>
      <trkpt lat="40.90496" lon="-111.90428">
        <ele>1291.7</ele>
      </trkpt>
      <trkpt lat="40.90412" lon="-111.90446">
        <ele>1291.7</ele>
      </trkpt>
      <trkpt lat="40.90329" lon="-111.90463">
        <ele>1291.7</ele>
      </trkpt>
      <trkpt lat="40.90245" lon="-111.90481">
        <ele>1291.3</ele>
      </trkpt>
      <trkpt lat="40.90162" lon="-111.90498">
        <ele>1291.7</ele>
      </trkpt>
      <trkpt lat="40.90078" lon="-111.90516">
        <ele>1291.8</ele>
      </trkpt>
      <trkpt lat="40.89995" lon="-111.90533">
        <ele>1293.2</ele>
      </trkpt>
      <trkpt lat="40.89911" lon="-111.90551">
        <ele>1293.3</ele>
      </trkpt>
      <trkpt lat="40.89827" lon="-111.90568">
        <ele>1293.3</ele>
      </trkpt>
      <trkpt lat="40.89744" lon="-111.90586">
        <ele>1293.5</ele>
      </trkpt>
      <trkpt lat="40.8966" lon="-111.90603">
        <ele>1293.6</ele>
      </trkpt>
      <trkpt lat="40.89577" lon="-111.90621">
        <ele>1294.9</ele>
      </trkpt>
      <trkpt lat="40.89493" lon="-111.90638">
        <ele>1294.8</ele>
      </trkpt>
      <trkpt lat="40.8941" lon="-111.90656">
        <ele>1294.8</ele>
      </trkpt>
      <trkpt lat="40.89402" lon="-111.90656">
        <ele>1294.8</ele>
      </trkpt>
      <trkpt lat="40.89402" lon="-111.90543">
        <ele>1295.5</ele>
      </trkpt>
      <trkpt lat="40.89401" lon="-111.9043">
        <ele>1297.0</ele>
      </trkpt>
      <trkpt lat="40.89401" lon="-111.90316">
        <ele>1298.7</ele>
      </trkpt>
      <trkpt lat="40.89401" lon="-111.90203">
        <ele>1300.7</ele>
      </trkpt>
      <trkpt lat="40.89397" lon="-111.90144">
        <ele>1301.2</ele>
      </trkpt>
      <trkpt lat="40.89391" lon="-111.90084">
        <ele>1301.7</ele>
      </trkpt>
      <trkpt lat="40.89383" lon="-111.89977">
        <ele>1302.8</ele>
      </trkpt>
      <trkpt lat="40.89376" lon="-111.89871">
        <ele>1304.1</ele>
      </trkpt>
      <trkpt lat="40.89375" lon="-111.89815">
        <ele>1304.8</ele>
      </trkpt>
      <trkpt lat="40.89377" lon="-111.89754">
        <ele>1305.3</ele>
      </trkpt>
      <trkpt lat="40.89382" lon="-111.89676">
        <ele>1306.1</ele>
      </trkpt>
      <trkpt lat="40.89383" lon="-111.8966">
        <ele>1306.2</ele>
      </trkpt>
      <trkpt lat="40.89381" lon="-111.89637">
        <ele>1306.5</ele>
      </trkpt>
      <trkpt lat="40.89387" lon="-111.89544">
        <ele>1307.4</ele>
      </trkpt>
      <trkpt lat="40.89393" lon="-111.8947">
        <ele>1308.2</ele>
      </trkpt>
      <trkpt lat="40.89398" lon="-111.89396">
        <ele>1309.1</ele>
      </trkpt>
      <trkpt lat="40.894" lon="-111.89312">
        <ele>1310.2</ele>
      </trkpt>
      <trkpt lat="40.89385" lon="-111.89313">
        <ele>1310.3</ele>
      </trkpt>
      <trkpt lat="40.89385" lon="-111.89337">
        <ele>1309.9</ele>
      </trkpt>
      <trkpt lat="40.89383" lon="-111.89337">
        <ele>1309.9</ele>
      </trkpt>
      <trkpt lat="40.89383" lon="-111.89338">
        <ele>1309.9</ele>
      </trkpt>
      <trkpt lat="40.89383" lon="-111.89351">
        <ele>1309.8</ele>
      </trkpt>
      <trkpt lat="40.89383" lon="-111.89351">
        <ele>1309.8</ele>
      </trkpt>
      <trkpt lat="40.89383" lon="-111.89364">
        <ele>1309.6</ele>
      </trkpt>
      <trkpt lat="40.89382" lon="-111.89368">
        <ele>1309.6</ele>
      </trkpt>
      <trkpt lat="40.89381" lon="-111.89371">
        <ele>1309.5</ele>
      </trkpt>
      <trkpt lat="40.89381" lon="-111.89372">
        <ele>1309.5</ele>
      </trkpt>
      <trkpt lat="40.8938" lon="-111.89372">
        <ele>1309.5</ele>
      </trkpt>
      <trkpt lat="40.8938" lon="-111.89373">
        <ele>1309.5</ele>
      </trkpt>
      <trkpt lat="40.8936" lon="-111.89374">
        <ele>1309.7</ele>
      </trkpt>
      <trkpt lat="40.89355" lon="-111.89375">
        <ele>1309.7</ele>
      </trkpt>
      <trkpt lat="40.89353" lon="-111.89375">
        <ele>1309.7</ele>
      </trkpt>
      <trkpt lat="40.89346" lon="-111.89376">
        <ele>1309.8</ele>
      </trkpt>
      <trkpt lat="40.89341" lon="-111.89376">
        <ele>1309.9</ele>
      </trkpt>
      <trkpt lat="40.89339" lon="-111.89377">
        <ele>1309.9</ele>
      </trkpt>
      <trkpt lat="40.89335" lon="-111.8938">
        <ele>1309.9</ele>
      </trkpt>
      <trkpt lat="40.89333" lon="-111.89383">
        <ele>1309.9</ele>
      </trkpt>
      <trkpt lat="40.8933" lon="-111.89384">
        <ele>1309.9</ele>
      </trkpt>
      <trkpt lat="40.89322" lon="-111.89384">
        <ele>1310.0</ele>
      </trkpt>
      <trkpt lat="40.89308" lon="-111.89384">
        <ele>1310.3</ele>
      </trkpt>
      <trkpt lat="40.89304" lon="-111.89384">
        <ele>1310.3</ele>
      </trkpt>
      <trkpt lat="40.89287" lon="-111.89385">
        <ele>1310.7</ele>
      </trkpt>
      <trkpt lat="40.89269" lon="-111.89385">
        <ele>1311.1</ele>
      </trkpt>
      <trkpt lat="40.89254" lon="-111.89385">
        <ele>1311.4</ele>
      </trkpt>
      <trkpt lat="40.89232" lon="-111.89384">
        <ele>1311.8</ele>
      </trkpt>
      <trkpt lat="40.89214" lon="-111.89383">
        <ele>1312.1</ele>
      </trkpt>
      <trkpt lat="40.89196" lon="-111.89382">
        <ele>1312.4</ele>
      </trkpt>
      <trkpt lat="40.8918" lon="-111.89381">
        <ele>1312.8</ele>
      </trkpt>
      <trkpt lat="40.89163" lon="-111.8938">
        <ele>1313.1</ele>
      </trkpt>
      <trkpt lat="40.89144" lon="-111.89378">
        <ele>1313.4</ele>
      </trkpt>
      <trkpt lat="40.89115" lon="-111.89378">
        <ele>1313.8</ele>
      </trkpt>
      <trkpt lat="40.89098" lon="-111.89378">
        <ele>1314.0</ele>
      </trkpt>
      <trkpt lat="40.89081" lon="-111.89378">
        <ele>1314.2</ele>
      </trkpt>
      <trkpt lat="40.89062" lon="-111.89378">
        <ele>1314.4</ele>
      </trkpt>
      <trkpt lat="40.89046" lon="-111.89378">
        <ele>1314.6</ele>
      </trkpt>
      <trkpt lat="40.89046" lon="-111.89378">
        <ele>1314.6</ele>
      </trkpt>
      <trkpt lat="40.89046" lon="-111.89448">
        <ele>1313.8</ele>
      </trkpt>
      <trkpt lat="40.89046" lon="-111.89448">
        <ele>1313.8</ele>
      </trkpt>
      <trkpt lat="40.89015" lon="-111.89449">
        <ele>1314.2</ele>
      </trkpt>
      <trkpt lat="40.88997" lon="-111.89449">
        <ele>1314.5</ele>
      </trkpt>
      <trkpt lat="40.88978" lon="-111.89447">
        <ele>1314.7</ele>
      </trkpt>
      <trkpt lat="40.8896" lon="-111.89445">
        <ele>1314.9</ele>
      </trkpt>
      <trkpt lat="40.88942" lon="-111.89445">
        <ele>1315.2</ele>
      </trkpt>
      <trkpt lat="40.88942" lon="-111.89445">
        <ele>1315.2</ele>
      </trkpt>
      <trkpt lat="40.88941" lon="-111.89394">
        <ele>1315.7</ele>
      </trkpt>
      <trkpt lat="40.88939" lon="-111.89322">
        <ele>1316.7</ele>
      </trkpt>
      <trkpt lat="40.88939" lon="-111.89322">
        <ele>1316.7</ele>
      </trkpt>
      <trkpt lat="40.88926" lon="-111.89325">
        <ele>1316.8</ele>
      </trkpt>
      <trkpt lat="40.88922" lon="-111.89325">
        <ele>1316.9</ele>
      </trkpt>
      <trkpt lat="40.88907" lon="-111.89326">
        <ele>1317.1</ele>
      </trkpt>
      <trkpt lat="40.8889" lon="-111.89326">
        <ele>1317.3</ele>
      </trkpt>
      <trkpt lat="40.88847" lon="-111.89326">
        <ele>1317.7</ele>
      </trkpt>
      <trkpt lat="40.88847" lon="-111.89326">
        <ele>1317.7</ele>
      </trkpt>
      <trkpt lat="40.88847" lon="-111.89319">
        <ele>1317.8</ele>
      </trkpt>
      <trkpt lat="40.88847" lon="-111.89319">
        <ele>1317.8</ele>
      </trkpt>
      <trkpt lat="40.8883" lon="-111.89319">
        <ele>1318.1</ele>
      </trkpt>
      <trkpt lat="40.88815" lon="-111.89319">
        <ele>1318.3</ele>
      </trkpt>
      <trkpt lat="40.88812" lon="-111.89319">
        <ele>1318.3</ele>
      </trkpt>
      <trkpt lat="40.888" lon="-111.89318">
        <ele>1318.5</ele>
      </trkpt>
      <trkpt lat="40.88785" lon="-111.89318">
        <ele>1318.7</ele>
      </trkpt>
      <trkpt lat="40.88769" lon="-111.89318">
        <ele>1318.8</ele>
      </trkpt>
      <trkpt lat="40.88754" lon="-111.89318">
        <ele>1319.0</ele>
      </trkpt>
      <trkpt lat="40.88754" lon="-111.89318">
        <ele>1319.0</ele>
      </trkpt>
      <trkpt lat="40.88753" lon="-111.89422">
        <ele>1317.8</ele>
      </trkpt>
      <trkpt lat="40.88753" lon="-111.89422">
        <ele>1317.8</ele>
      </trkpt>
      <trkpt lat="40.8874" lon="-111.89422">
        <ele>1317.9</ele>
      </trkpt>
      <trkpt lat="40.88727" lon="-111.89423">
        <ele>1317.9</ele>
      </trkpt>
      <trkpt lat="40.88715" lon="-111.89422">
        <ele>1318.0</ele>
      </trkpt>
      <trkpt lat="40.88715" lon="-111.89422">
        <ele>1318.0</ele>
      </trkpt>
      <trkpt lat="40.88668" lon="-111.89422">
        <ele>1318.2</ele>
      </trkpt>
      <trkpt lat="40.8862" lon="-111.89422">
        <ele>1318.5</ele>
      </trkpt>
      <trkpt lat="40.88611" lon="-111.89433">
        <ele>1318.5</ele>
      </trkpt>
      <trkpt lat="40.88526" lon="-111.89433">
        <ele>1319.4</ele>
      </trkpt>
      <trkpt lat="40.885" lon="-111.89417">
        <ele>1320.1</ele>
      </trkpt>
      <trkpt lat="40.88423" lon="-111.89417">
        <ele>1320.9</ele>
      </trkpt>
      <trkpt lat="40.88422" lon="-111.89473">
        <ele>1320.0</ele>
      </trkpt>
      <trkpt lat="40.88427" lon="-111.89514">
        <ele>1319.6</ele>
      </trkpt>
      <trkpt lat="40.8843" lon="-111.89556">
        <ele>1319.1</ele>
      </trkpt>
      <trkpt lat="40.88428" lon="-111.89575">
        <ele>1318.7</ele>
      </trkpt>
      <trkpt lat="40.88423" lon="-111.89597">
        <ele>1318.3</ele>
      </trkpt>
      <trkpt lat="40.88415" lon="-111.89634">
        <ele>1317.5</ele>
      </trkpt>
      <trkpt lat="40.88414" lon="-111.89698">
        <ele>1316.0</ele>
      </trkpt>
      <trkpt lat="40.88417" lon="-111.89719">
        <ele>1315.4</ele>
      </trkpt>
      <trkpt lat="40.88423" lon="-111.89746">
        <ele>1314.5</ele>
      </trkpt>
      <trkpt lat="40.88429" lon="-111.89773">
        <ele>1314.1</ele>
      </trkpt>
      <trkpt lat="40.8843" lon="-111.89796">
        <ele>1313.7</ele>
      </trkpt>
      <trkpt lat="40.88431" lon="-111.8991">
        <ele>1311.9</ele>
      </trkpt>
      <trkpt lat="40.8842" lon="-111.8991">
        <ele>1311.7</ele>
      </trkpt>
      <trkpt lat="40.88368" lon="-111.89911">
        <ele>1311.8</ele>
      </trkpt>
      <trkpt lat="40.88316" lon="-111.89912">
        <ele>1312.3</ele>
      </trkpt>
      <trkpt lat="40.88303" lon="-111.89913">
        <ele>1312.4</ele>
      </trkpt>
      <trkpt lat="40.88291" lon="-111.89916">
        <ele>1312.5</ele>
      </trkpt>
      <trkpt lat="40.8828" lon="-111.89921">
        <ele>1312.6</ele>
      </trkpt>
      <trkpt lat="40.88269" lon="-111.89929">
        <ele>1312.6</ele>
      </trkpt>
      <trkpt lat="40.88262" lon="-111.89936">
        <ele>1312.6</ele>
      </trkpt>
      <trkpt lat="40.88254" lon="-111.89948">
        <ele>1312.5</ele>
      </trkpt>
      <trkpt lat="40.88246" lon="-111.89965">
        <ele>1312.4</ele>
      </trkpt>
      <trkpt lat="40.88243" lon="-111.89979">
        <ele>1312.1</ele>
      </trkpt>
      <trkpt lat="40.88241" lon="-111.89991">
        <ele>1312.0</ele>
      </trkpt>
      <trkpt lat="40.88242" lon="-111.90078">
        <ele>1310.8</ele>
      </trkpt>
      <trkpt lat="40.88243" lon="-111.90165">
        <ele>1310.0</ele>
      </trkpt>
      <trkpt lat="40.88242" lon="-111.9018">
        <ele>1309.8</ele>
      </trkpt>
      <trkpt lat="40.88233" lon="-111.90192">
        <ele>1309.8</ele>
      </trkpt>
      <trkpt lat="40.88225" lon="-111.90197">
        <ele>1309.9</ele>
      </trkpt>
      <trkpt lat="40.88218" lon="-111.90199">
        <ele>1310.0</ele>
      </trkpt>
      <trkpt lat="40.88163" lon="-111.90199">
        <ele>1310.5</ele>
      </trkpt>
      <trkpt lat="40.88164" lon="-111.90211">
        <ele>1310.4</ele>
      </trkpt>
      <trkpt lat="40.88163" lon="-111.9023">
        <ele>1310.2</ele>
      </trkpt>
      <trkpt lat="40.8816" lon="-111.90233">
        <ele>1310.2</ele>
      </trkpt>
      <trkpt lat="40.88154" lon="-111.90239">
        <ele>1310.2</ele>
      </trkpt>
      <trkpt lat="40.88134" lon="-111.90248">
        <ele>1310.1</ele>
      </trkpt>
    </trkseg>
  </trk>
</gpx>
